date,rv5,n_obs,n_missing,flag
2018-01-01,4.9182105255e-03,287,0,False
2018-01-02,7.1532188880e-03,288,0,False
2018-01-03,3.7227031445e-03,288,0,False
2018-01-04,3.4214030348e-03,262,125,True
2018-01-05,5.0545678512e-03,288,0,False
2018-01-06,3.0266755476e-03,288,0,False
2018-01-07,2.6641720647e-03,288,0,False
2018-01-08,1.9175146914e-02,288,0,False
2018-01-09,6.6626575291e-03,288,0,False
2018-01-10,8.7387053618e-03,288,0,False
2018-01-11,2.7154646924e-02,288,0,False
2018-01-12,6.8033155250e-03,288,0,False
2018-01-13,2.9257445296e-03,288,0,False
2018-01-14,7.2326401123e-03,288,0,False
2018-01-15,3.8822233813e-03,288,0,False
2018-01-16,5.2086608119e-02,288,0,False
2018-01-17,4.5208841514e-02,288,0,False
2018-01-18,1.9933680599e-02,288,0,False
2018-01-19,1.0484952891e-02,288,0,False
2018-01-20,5.5354220416e-03,288,0,False
2018-01-21,1.0187874495e-02,288,0,False
2018-01-22,1.1542458006e-02,288,0,False
2018-01-23,9.9442172162e-03,288,0,False
2018-01-24,5.9261065301e-03,288,0,False
2018-01-25,3.3321225972e-03,288,0,False
2018-01-26,6.3270438337e-03,288,0,False
2018-01-27,3.2485431504e-03,288,0,False
2018-01-28,2.1863628987e-03,288,0,False
2018-01-29,2.0957843296e-03,288,0,False
2018-01-30,6.0439138655e-03,288,0,False
2018-01-31,4.9034241462e-03,288,0,False
2018-02-01,7.9464233252e-03,288,0,False
2018-02-02,1.6679081892e-02,288,0,False
2018-02-03,7.3756917678e-03,288,0,False
2018-02-04,9.1849409567e-03,288,0,False
2018-02-05,2.0195805251e-02,288,0,False
2018-02-06,3.7237098414e-02,288,0,False
2018-02-07,1.4682244924e-02,288,0,False
2018-02-08,5.1457620074e-04,5,1411,True
2018-02-09,,0,1440,True
2018-02-10,4.9693593887e-03,212,375,True
2018-02-11,5.5589993537e-03,280,34,False
2018-02-12,3.7474175484e-03,288,0,False
2018-02-13,2.4349469025e-03,288,0,False
2018-02-14,2.3182137207e-03,288,0,False
2018-02-15,3.4893588195e-03,288,0,False
2018-02-16,2.4358185769e-03,288,0,False
2018-02-17,2.0637476352e-03,288,0,False
2018-02-18,5.7206552553e-03,288,0,False
2018-02-19,2.8255430382e-03,288,0,False
2018-02-20,3.1962205357e-03,288,0,False
2018-02-21,5.8563153180e-03,288,0,False
2018-02-22,4.8522183951e-03,288,0,False
2018-02-23,3.2111240826e-03,288,0,False
2018-02-24,4.2794389315e-03,288,0,False
2018-02-25,2.8772853957e-03,288,0,False
2018-02-26,3.1159637488e-03,288,0,False
2018-02-27,2.1609228796e-03,288,0,False
2018-02-28,2.3143357008e-03,288,0,False
2018-03-01,1.7198491912e-03,288,0,False
2018-03-02,1.6245900286e-03,288,0,False
2018-03-03,1.1747109630e-03,288,0,False
2018-03-04,9.9253887833e-04,288,0,False
2018-03-05,6.8334260681e-04,288,0,False
2018-03-06,1.8623597306e-03,288,0,False
2018-03-07,6.5322308039e-03,288,0,False
2018-03-08,5.0815530333e-03,288,0,False
2018-03-09,8.6402011796e-03,288,0,False
2018-03-10,3.6575622727e-03,288,0,False
2018-03-11,5.8557618039e-03,288,0,False
2018-03-12,5.7153946808e-03,288,0,False
2018-03-13,6.0512019575e-03,288,0,False
2018-03-14,4.7317171069e-03,288,0,False
2018-03-15,6.9750543262e-03,288,0,False
2018-03-16,4.3296662703e-03,288,0,False
2018-03-17,2.8461611598e-03,288,0,False
2018-03-18,7.4675094193e-03,288,0,False
2018-03-19,5.0523725878e-03,288,0,False
2018-03-20,2.8295409846e-03,288,0,False
2018-03-21,1.9564074814e-03,288,0,False
2018-03-22,1.9589760640e-03,288,0,False
2018-03-23,2.2446136683e-03,288,0,False
2018-03-24,1.9953296619e-03,288,0,False
2018-03-25,2.1254676518e-03,288,0,False
2018-03-26,2.8474739875e-03,288,0,False
2018-03-27,3.4935858024e-03,288,0,False
2018-03-28,1.4465881053e-03,288,0,False
2018-03-29,4.5863190471e-03,288,0,False
2018-03-30,7.4170205869e-03,288,0,False
2018-03-31,3.3452299637e-03,288,0,False
2018-04-01,4.1328167178e-03,288,0,False
2018-04-02,2.1817802243e-03,288,0,False
2018-04-03,1.7994748538e-03,288,0,False
2018-04-04,2.6484407101e-03,288,0,False
2018-04-05,3.2381589131e-03,288,0,False
2018-04-06,1.6057755483e-03,288,0,False
2018-04-07,1.5886637405e-03,288,0,False
2018-04-08,7.1066281622e-04,288,0,False
2018-04-09,2.0433341346e-03,288,0,False
2018-04-10,9.3759535420e-04,288,0,False
2018-04-11,5.7851376654e-04,288,0,False
2018-04-12,8.5440947227e-03,288,0,False
2018-04-13,2.7429693736e-03,288,0,False
2018-04-14,1.6677675956e-03,288,0,False
2018-04-15,1.0189258635e-03,288,0,False
2018-04-16,1.5720111580e-03,288,0,False
2018-04-17,1.0245977666e-03,288,0,False
2018-04-18,1.4411611204e-03,288,0,False
2018-04-19,6.3077541020e-04,288,0,False
2018-04-20,1.2738209532e-03,288,0,False
2018-04-21,1.2871936446e-03,288,0,False
2018-04-22,1.1175519824e-03,288,0,False
2018-04-23,5.7521548305e-04,288,0,False
2018-04-24,1.3542894087e-03,288,0,False
2018-04-25,4.1853791478e-03,288,0,False
2018-04-26,2.3134476557e-03,288,0,False
2018-04-27,1.3820455630e-03,288,0,False
2018-04-28,1.5373425359e-03,288,0,False
2018-04-29,1.1731364291e-03,288,0,False
2018-04-30,1.0496857598e-03,288,0,False
2018-05-01,1.3313095952e-03,288,0,False
2018-05-02,5.6749863447e-04,288,0,False
2018-05-03,1.1198988744e-03,288,0,False
2018-05-04,1.2777167367e-03,288,0,False
2018-05-05,8.2115898018e-04,288,0,False
2018-05-06,1.1115190764e-03,288,0,False
2018-05-07,1.2569737733e-03,288,0,False
2018-05-08,1.0540800495e-03,288,0,False
2018-05-09,8.5232341431e-04,288,0,False
2018-05-10,7.5682014533e-04,288,0,False
2018-05-11,2.0694566217e-03,288,0,False
2018-05-12,2.6558451827e-03,288,0,False
2018-05-13,1.6739815222e-03,288,0,False
2018-05-14,2.3949182137e-03,288,0,False
2018-05-15,1.5694971867e-03,288,0,False
2018-05-16,2.2776877753e-03,288,0,False
2018-05-17,1.1048139385e-03,288,0,False
2018-05-18,1.2400318102e-03,288,0,False
2018-05-19,6.4401550051e-04,288,0,False
2018-05-20,5.0767141204e-04,288,0,False
2018-05-21,4.7219635053e-04,288,0,False
2018-05-22,5.8669425202e-04,288,0,False
2018-05-23,2.2104227429e-03,288,0,False
2018-05-24,2.9034733974e-03,288,0,False
2018-05-25,1.4958634657e-03,288,0,False
2018-05-26,7.6824056628e-04,288,0,False
2018-05-27,5.3162742142e-04,288,0,False
2018-05-28,9.3060785425e-04,288,0,False
2018-05-29,1.2715433037e-03,288,0,False
2018-05-30,6.8883835133e-04,288,0,False
2018-05-31,8.1453420371e-04,288,0,False
2018-06-01,7.9809856377e-04,288,0,False
2018-06-02,5.5655408974e-04,288,0,False
2018-06-03,3.2938793654e-04,288,0,False
2018-06-04,5.1026601894e-04,288,0,False
2018-06-05,7.0442261012e-04,288,0,False
2018-06-06,6.3487508825e-04,288,0,False
2018-06-07,2.9042271174e-04,288,0,False
2018-06-08,3.0058580835e-04,288,0,False
2018-06-09,3.2657027031e-04,288,0,False
2018-06-10,2.5793241009e-03,288,0,False
2018-06-11,1.2019660558e-03,288,0,False
2018-06-12,1.3745558609e-03,288,0,False
2018-06-13,3.1756547360e-03,288,0,False
2018-06-14,1.9805955578e-03,288,0,False
2018-06-15,1.0018599680e-03,288,0,False
2018-06-16,7.1978134552e-04,288,0,False
2018-06-17,3.4449823970e-04,288,0,False
2018-06-18,1.6997738891e-03,288,0,False
2018-06-19,3.4542289868e-04,288,0,False
2018-06-20,5.3313173707e-04,288,0,False
2018-06-21,2.4056657804e-04,288,0,False
2018-06-22,3.0662487094e-03,288,0,False
2018-06-23,9.9244073579e-04,288,0,False
2018-06-24,3.5101551901e-03,288,0,False
2018-06-25,9.7776261975e-04,288,0,False
2018-06-26,8.9899992553e-04,167,600,True
2018-06-27,4.7256753982e-04,266,105,True
2018-06-28,7.1191895721e-04,288,0,False
2018-06-29,2.6076987737e-03,288,0,False
2018-06-30,1.1938648513e-03,288,0,False
2018-07-01,4.8215598301e-04,288,0,False
2018-07-02,1.3041545822e-03,288,0,False
2018-07-03,4.5819643468e-04,288,0,False
2018-07-04,1.4078839282e-03,195,457,True
2018-07-05,1.0120458896e-03,288,0,False
2018-07-06,4.5343210004e-04,288,0,False
2018-07-07,7.0535496400e-04,288,0,False
2018-07-08,2.1468018716e-04,288,0,False
2018-07-09,3.1664171453e-04,288,0,False
2018-07-10,8.0513494008e-04,288,0,False
2018-07-11,5.0007918968e-04,288,0,False
2018-07-12,6.8346407426e-04,288,0,False
2018-07-13,4.6927050894e-04,288,0,False
2018-07-14,3.5488486401e-04,288,0,False
2018-07-15,2.3782552260e-04,288,0,False
2018-07-16,5.3949979211e-04,288,0,False
2018-07-17,3.6242096867e-03,288,0,False
2018-07-18,1.4912950065e-03,288,0,False
2018-07-19,7.1635018755e-04,288,0,False
2018-07-20,1.5448960902e-03,288,0,False
2018-07-21,4.8782906104e-04,288,0,False
2018-07-22,7.6576956729e-04,288,0,False
2018-07-23,9.8592821705e-04,288,0,False
2018-07-24,1.1170091884e-03,288,0,False
2018-07-25,1.0567703789e-03,288,0,False
2018-07-26,1.1098096879e-03,288,0,False
2018-07-27,1.2622699814e-03,288,0,False
2018-07-28,3.9197922551e-04,288,0,False
2018-07-29,2.9182447966e-04,288,0,False
2018-07-30,9.8464117746e-04,288,0,False
2018-07-31,1.2395985095e-03,288,0,False
2018-08-01,1.1660530308e-03,288,0,False
2018-08-02,6.3545867170e-04,288,0,False
2018-08-03,8.6401613955e-04,288,0,False
2018-08-04,1.3729082158e-03,288,0,False
2018-08-05,9.8674863175e-04,288,0,False
2018-08-06,7.4778070409e-04,288,0,False
2018-08-07,1.6527900799e-03,288,0,False
2018-08-08,2.1859737897e-03,288,0,False
2018-08-09,1.4713850608e-03,288,0,False
2018-08-10,2.8224370213e-03,288,0,False
2018-08-11,2.7872774451e-03,288,0,False
2018-08-12,1.7827631184e-03,288,0,False
2018-08-13,1.0886710615e-03,288,0,False
2018-08-14,2.2063932844e-03,288,0,False
2018-08-15,2.6532593104e-03,288,0,False
2018-08-16,1.3810976320e-03,288,0,False
2018-08-17,1.5396101953e-03,288,0,False
2018-08-18,1.0288348115e-03,288,0,False
2018-08-19,7.1906159314e-04,288,0,False
2018-08-20,8.1217721005e-04,288,0,False
2018-08-21,5.5760077664e-04,288,0,False
2018-08-22,3.8062994011e-03,288,0,False
2018-08-23,5.3110254971e-04,288,0,False
2018-08-24,6.2839570781e-04,288,0,False
2018-08-25,3.5013803528e-04,288,0,False
2018-08-26,4.8231275283e-04,288,0,False
2018-08-27,4.9935106317e-04,288,0,False
2018-08-28,4.5414336751e-04,288,0,False
2018-08-29,4.4066927399e-04,288,0,False
2018-08-30,5.3719883424e-04,288,0,False
2018-08-31,4.1418972850e-04,288,0,False
2018-09-01,3.8709214563e-04,288,0,False
2018-09-02,5.5407376882e-04,288,0,False
2018-09-03,2.9981284894e-04,288,0,False
2018-09-04,2.3028804451e-04,288,0,False
2018-09-05,2.1668458565e-03,288,0,False
2018-09-06,2.1825712495e-03,288,0,False
2018-09-07,8.4966165665e-04,288,0,False
2018-09-08,1.3794035665e-03,288,0,False
2018-09-09,1.1404213626e-03,288,0,False
2018-09-10,4.9713588608e-04,288,0,False
2018-09-11,6.3418742044e-04,288,0,False
2018-09-12,3.6948843316e-04,288,0,False
2018-09-13,4.8548086926e-04,288,0,False
2018-09-14,7.0319169901e-04,288,0,False
2018-09-15,2.9331929120e-04,288,0,False
2018-09-16,3.5977767589e-04,288,0,False
2018-09-17,6.7417102014e-04,288,0,False
2018-09-18,3.6460248335e-04,288,0,False
2018-09-19,1.3800738923e-03,288,0,False
2018-09-20,4.0415651598e-04,288,0,False
2018-09-21,7.9062183764e-04,288,0,False
2018-09-22,5.3276033452e-04,288,0,False
2018-09-23,2.7359057301e-04,288,0,False
2018-09-24,4.1746161358e-04,288,0,False
2018-09-25,7.2677563362e-04,288,0,False
2018-09-26,3.8497254528e-04,288,0,False
2018-09-27,5.0712384229e-04,288,0,False
2018-09-28,7.4861498054e-04,288,0,False
2018-09-29,6.3740641298e-04,288,0,False
2018-09-30,3.7030149392e-04,288,0,False
2018-10-01,3.2530883855e-04,288,0,False
2018-10-02,1.9663025606e-04,288,0,False
2018-10-03,3.2390381474e-04,288,0,False
2018-10-04,2.9607548729e-04,288,0,False
2018-10-05,2.3863434709e-04,288,0,False
2018-10-06,1.2295836230e-04,288,0,False
2018-10-07,1.4279598988e-04,288,0,False
2018-10-08,1.3052031770e-04,288,0,False
2018-10-09,8.8429215672e-05,288,0,False
2018-10-10,1.8147973962e-04,288,0,False
2018-10-11,1.4852269099e-03,288,0,False
2018-10-12,2.0395507383e-04,288,0,False
2018-10-13,1.2007285981e-04,288,0,False
2018-10-14,1.3388004397e-04,288,0,False
2018-10-15,1.1615399745e-02,288,0,False
2018-10-16,5.8572755852e-04,288,0,False
2018-10-17,1.9073728137e-04,288,0,False
2018-10-18,2.7935351896e-04,288,0,False
2018-10-19,1.2153985937e-04,245,210,True
2018-10-20,1.0089772947e-04,288,0,False
2018-10-21,1.0896969116e-04,288,0,False
2018-10-22,1.1911208974e-04,288,0,False
2018-10-23,8.2628569602e-05,288,0,False
2018-10-24,9.4495502843e-05,288,0,False
2018-10-25,8.5758838335e-05,288,0,False
2018-10-26,1.6588399207e-04,288,0,False
2018-10-27,4.9894166687e-05,288,0,False
2018-10-28,6.4871633314e-05,288,0,False
2018-10-29,2.3493127295e-04,288,0,False
2018-10-30,8.2552545313e-05,288,0,False
2018-10-31,2.4218006434e-04,288,0,False
2018-11-01,6.6851937162e-05,288,0,False
2018-11-02,6.5348603201e-05,288,0,False
2018-11-03,7.5525156122e-05,288,0,False
2018-11-04,1.7165145124e-04,288,0,False
2018-11-05,1.0210189775e-04,288,0,False
2018-11-06,1.1047511061e-04,288,0,False
2018-11-07,1.6845278906e-04,288,0,False
2018-11-08,1.5088849404e-04,288,0,False
2018-11-09,1.2879640259e-04,288,0,False
2018-11-10,5.1516388422e-05,288,0,False
2018-11-11,1.0716410804e-04,288,0,False
2018-11-12,1.0608100141e-04,288,0,False
2018-11-13,1.5046875336e-04,288,0,False
2018-11-14,3.9190899711e-03,203,420,True
2018-11-15,4.0706558132e-03,288,0,False
2018-11-16,6.9910430576e-04,288,0,False
2018-11-17,3.6567132906e-04,288,0,False
2018-11-18,2.5249384042e-04,288,0,False
2018-11-19,4.7972978402e-03,288,0,False
2018-11-20,1.1171539575e-02,288,0,False
2018-11-21,5.7106896402e-03,288,0,False
2018-11-22,1.9166683418e-03,288,0,False
2018-11-23,2.8490104276e-03,288,0,False
2018-11-24,4.8634412108e-03,288,0,False
2018-11-25,9.2239722361e-03,288,0,False
2018-11-26,7.0501978094e-03,288,0,False
2018-11-27,3.3316307697e-03,288,0,False
2018-11-28,3.9820486289e-03,288,0,False
2018-11-29,3.1067506634e-03,288,0,False
2018-11-30,2.9841002818e-03,288,0,False
2018-12-01,1.6184304088e-03,288,0,False
2018-12-02,1.7319454806e-03,288,0,False
2018-12-03,2.1079782195e-03,288,0,False
2018-12-04,1.7808964712e-03,288,0,False
2018-12-05,1.5568051220e-03,288,0,False
2018-12-06,4.1308672705e-03,288,0,False
2018-12-07,5.2509819262e-03,288,0,False
2018-12-08,3.5044705709e-03,288,0,False
2018-12-09,1.9353558381e-03,288,0,False
2018-12-10,2.3501568264e-03,288,0,False
2018-12-11,1.0058215286e-03,288,0,False
2018-12-12,7.9674684561e-04,288,0,False
2018-12-13,1.1956262089e-03,288,0,False
2018-12-14,1.4911612611e-03,288,0,False
2018-12-15,5.8021491070e-04,288,0,False
2018-12-16,4.8965182842e-04,288,0,False
2018-12-17,2.3038289789e-03,288,0,False
2018-12-18,1.4581339279e-03,288,0,False
2018-12-19,2.9897834451e-03,288,0,False
2018-12-20,4.9439694046e-03,288,0,False
2018-12-21,4.2362857578e-03,288,0,False
2018-12-22,1.5676732096e-03,288,0,False
2018-12-23,1.3543120912e-03,288,0,False
2018-12-24,2.7326923448e-03,288,0,False
2018-12-25,3.7530519697e-03,288,0,False
2018-12-26,1.7751966096e-03,288,0,False
2018-12-27,1.5269206503e-03,288,0,False
2018-12-28,2.0081110742e-03,288,0,False
2018-12-29,2.0635743690e-03,288,0,False
2018-12-30,1.2895365899e-03,288,0,False
2018-12-31,9.6215603378e-04,288,0,False
2019-01-01,7.5122383043e-04,288,0,False
2019-01-02,5.2621794029e-04,288,0,False
2019-01-03,4.7773790378e-04,288,0,False
2019-01-04,4.5221542802e-04,288,0,False
2019-01-05,5.0521244592e-04,288,0,False
2019-01-06,1.4480674386e-03,288,0,False
2019-01-07,4.3173832039e-04,288,0,False
2019-01-08,4.8349056668e-04,288,0,False
2019-01-09,3.1083409314e-04,288,0,False
2019-01-10,3.5979414989e-03,288,0,False
2019-01-11,6.9026122610e-04,288,0,False
2019-01-12,2.8771685436e-04,288,0,False
2019-01-13,7.5010320296e-04,288,0,False
2019-01-14,7.4741476511e-04,288,0,False
2019-01-15,6.9771317176e-04,288,0,False
2019-01-16,4.1439956331e-04,288,0,False
2019-01-17,4.3892178089e-04,288,0,False
2019-01-18,1.5307307365e-04,288,0,False
2019-01-19,7.7882858985e-04,288,0,False
2019-01-20,9.2877630224e-04,288,0,False
2019-01-21,2.2062478777e-04,288,0,False
2019-01-22,9.2111236408e-04,288,0,False
2019-01-23,2.8209834923e-04,288,0,False
2019-01-24,1.9882282113e-04,288,0,False
2019-01-25,1.8365686147e-04,288,0,False
2019-01-26,2.8871409022e-04,288,0,False
2019-01-27,2.0708986815e-04,288,0,False
2019-01-28,5.3320279233e-04,288,0,False
2019-01-29,2.9074249371e-04,288,0,False
2019-01-30,2.6310156352e-04,288,0,False
2019-01-31,2.1351657329e-04,288,0,False
2019-02-01,1.8774465391e-04,288,0,False
2019-02-02,1.6763132114e-04,288,0,False
2019-02-03,1.9347981802e-04,288,0,False
2019-02-04,1.5135129440e-04,288,0,False
2019-02-05,1.3396452675e-04,288,0,False
2019-02-06,2.4283579204e-04,288,0,False
2019-02-07,8.6893229222e-05,288,0,False
2019-02-08,2.1818099102e-03,288,0,False
2019-02-09,1.9445088507e-04,288,0,False
2019-02-10,2.0799419800e-04,288,0,False
2019-02-11,2.8708479360e-04,288,0,False
2019-02-12,3.0233691655e-04,288,0,False
2019-02-13,2.2227253844e-04,288,0,False
2019-02-14,2.3446543624e-04,288,0,False
2019-02-15,2.9904206765e-04,288,0,False
2019-02-16,1.7179622709e-04,288,0,False
2019-02-17,3.0025426804e-04,288,0,False
2019-02-18,1.2548489498e-03,288,0,False
2019-02-19,1.0368897006e-03,288,0,False
2019-02-20,4.1117573370e-04,288,0,False
2019-02-21,3.5067999499e-04,288,0,False
2019-02-22,2.6211189885e-04,288,0,False
2019-02-23,7.3083997160e-04,288,0,False
2019-02-24,4.0482625564e-03,288,0,False
2019-02-25,5.2874507981e-04,288,0,False
2019-02-26,2.4308734458e-04,288,0,False
2019-02-27,8.9940696297e-04,288,0,False
2019-02-28,4.7950366620e-04,288,0,False
2019-03-01,2.1682351203e-04,288,0,False
2019-03-02,1.6483326478e-04,288,0,False
2019-03-03,1.2741346189e-04,288,0,False
2019-03-04,4.8704575172e-04,288,0,False
2019-03-05,5.4492535932e-04,288,0,False
2019-03-06,3.1119081572e-04,288,0,False
2019-03-07,3.1866423430e-04,288,0,False
2019-03-08,6.4552276490e-04,288,0,False
2019-03-09,3.3323882049e-04,288,0,False
2019-03-10,2.0123715283e-04,288,0,False
2019-03-11,2.6201086273e-04,288,0,False
2019-03-12,1.6086744562e-04,215,360,True
2019-03-13,1.5454921695e-04,288,0,False
2019-03-14,3.6747108906e-04,288,0,False
2019-03-15,1.4218570440e-04,288,0,False
2019-03-16,3.2712471677e-04,288,0,False
2019-03-17,1.3596757989e-04,288,0,False
2019-03-18,1.8482999574e-04,288,0,False
2019-03-19,1.3612392665e-04,288,0,False
2019-03-20,1.9458897964e-04,288,0,False
2019-03-21,6.3865319845e-04,288,0,False
2019-03-22,8.1637517393e-05,288,0,False
2019-03-23,1.2703786740e-04,288,0,False
2019-03-24,1.1295224176e-04,288,0,False
2019-03-25,2.5542940611e-04,288,0,False
2019-03-26,1.3254934275e-04,288,0,False
2019-03-27,1.7623303712e-04,288,0,False
2019-03-28,9.3886865764e-05,288,0,False
2019-03-29,2.8229742180e-04,288,0,False
2019-03-30,1.7677486751e-04,288,0,False
2019-03-31,6.6338592910e-05,288,0,False
2019-04-01,1.6053683431e-04,288,0,False
2019-04-02,6.5851737730e-03,288,0,False
2019-04-03,6.3493368268e-03,288,0,False
2019-04-04,1.7521425249e-03,288,0,False
2019-04-05,7.6110678955e-04,288,0,False
2019-04-06,1.2907804019e-03,288,0,False
2019-04-07,7.9996437114e-04,288,0,False
2019-04-08,1.2070589460e-03,288,0,False
2019-04-09,5.8483012620e-04,288,0,False
2019-04-10,1.5634600385e-03,288,0,False
2019-04-11,1.6229917799e-03,288,0,False
2019-04-12,5.8250797997e-04,288,0,False
2019-04-13,2.6363090538e-04,288,0,False
2019-04-14,2.4467095655e-04,288,0,False
2019-04-15,4.5896603126e-04,288,0,False
2019-04-16,4.3605174980e-04,288,0,False
2019-04-17,2.8820262453e-04,288,0,False
2019-04-18,2.9528408351e-04,288,0,False
2019-04-19,3.3461553685e-04,288,0,False
2019-04-20,2.7217707931e-04,288,0,False
2019-04-21,3.4693777456e-04,288,0,False
2019-04-22,3.5521220032e-04,288,0,False
2019-04-23,1.0828138736e-03,288,0,False
2019-04-24,9.4533924208e-04,288,0,False
2019-04-25,1.8283283792e-03,288,0,False
2019-04-26,1.2534710916e-03,288,0,False
2019-04-27,2.6824965440e-04,288,0,False
2019-04-28,2.3721256733e-04,288,0,False
2019-04-29,2.8585110649e-04,288,0,False
2019-04-30,2.9108788160e-04,288,0,False
2019-05-01,2.2333770747e-04,288,0,False
2019-05-02,2.7503147082e-04,288,0,False
2019-05-03,9.6144003618e-04,288,0,False
2019-05-04,1.1335766571e-03,288,0,False
2019-05-05,5.4885915034e-04,288,0,False
2019-05-06,5.7505241851e-04,288,0,False
2019-05-07,1.0774647914e-03,288,0,False
2019-05-08,8.1648157860e-04,288,0,False
2019-05-09,5.3066304454e-04,288,0,False
2019-05-10,8.9829351507e-04,288,0,False
2019-05-11,3.4471629089e-03,288,0,False
2019-05-12,6.4257122632e-03,288,0,False
2019-05-13,4.8731937269e-03,288,0,False
2019-05-14,5.1739709318e-03,288,0,False
2019-05-15,1.4874773604e-03,167,600,True
2019-05-16,2.9725833017e-03,288,0,False
2019-05-17,7.6235665670e-03,288,0,False
2019-05-18,1.6187024864e-03,288,0,False
2019-05-19,2.7041016352e-03,288,0,False
2019-05-20,3.8154585029e-03,288,0,False
2019-05-21,1.3608213707e-03,288,0,False
2019-05-22,1.4566201972e-03,288,0,False
2019-05-23,1.3681112113e-03,288,0,False
2019-05-24,9.1524797686e-04,288,0,False
2019-05-25,5.9851046626e-04,288,0,False
2019-05-26,2.0785068569e-03,288,0,False
2019-05-27,1.5714856580e-03,288,0,False
2019-05-28,6.6712466537e-04,288,0,False
2019-05-29,7.1811911491e-04,288,0,False
2019-05-30,2.7989037250e-03,288,0,False
2019-05-31,1.2662654556e-03,288,0,False
2019-06-01,6.4712979517e-04,288,0,False
2019-06-02,6.8727176621e-04,288,0,False
2019-06-03,1.7292922145e-03,288,0,False
2019-06-04,3.0572435698e-03,288,0,False
2019-06-05,1.7741539387e-03,288,0,False
2019-06-06,1.1639277314e-03,288,0,False
2019-06-07,7.4485272737e-04,274,61,False
2019-06-08,6.6098140262e-04,288,0,False
2019-06-09,9.6410520169e-04,288,0,False
2019-06-10,1.5357935280e-03,288,0,False
2019-06-11,8.3028697005e-04,288,0,False
2019-06-12,9.9602250154e-04,288,0,False
2019-06-13,4.9554432681e-04,288,0,False
2019-06-14,8.5677818119e-04,288,0,False
2019-06-15,5.6998430791e-04,288,0,False
2019-06-16,2.0688936617e-03,288,0,False
2019-06-17,1.2392255586e-03,288,0,False
2019-06-18,1.0242310111e-03,288,0,False
2019-06-19,5.7490924483e-04,288,0,False
2019-06-20,6.3510067230e-04,288,0,False
2019-06-21,1.1219082944e-03,288,0,False
2019-06-22,5.8019388778e-03,288,0,False
2019-06-23,2.3081516352e-03,288,0,False
2019-06-24,1.4091038636e-03,288,0,False
2019-06-25,1.3394860839e-03,288,0,False
2019-06-26,2.1478756583e-02,288,0,False
2019-06-27,1.7152652504e-02,288,0,False
2019-06-28,6.4382363881e-03,288,0,False
2019-06-29,4.4945017128e-03,288,0,False
2019-06-30,4.3294023628e-03,288,0,False
2019-07-01,5.1104777703e-03,288,0,False
2019-07-02,7.9636427005e-03,288,0,False
2019-07-03,4.8635911157e-03,288,0,False
2019-07-04,3.3720744490e-03,288,0,False
2019-07-05,3.2532929058e-03,288,0,False
2019-07-06,2.4740658009e-03,288,0,False
2019-07-07,1.4903061491e-03,288,0,False
2019-07-08,1.8683125199e-03,288,0,False
2019-07-09,3.3853868731e-03,288,0,False
2019-07-10,4.1652771110e-03,288,0,False
2019-07-11,4.2305876573e-03,288,0,False
2019-07-12,2.1994104952e-03,288,0,False
2019-07-13,2.2116476845e-03,288,0,False
2019-07-14,4.4029319545e-03,288,0,False
2019-07-15,4.2023055795e-03,288,0,False
2019-07-16,5.8941520110e-03,288,0,False
2019-07-17,4.3163512555e-03,288,0,False
2019-07-18,5.8220940924e-03,288,0,False
2019-07-19,4.0001953337e-03,288,0,False
2019-07-20,1.4412487298e-03,288,0,False
2019-07-21,1.4296833795e-03,288,0,False
2019-07-22,2.0955219061e-03,288,0,False
2019-07-23,1.3811187608e-03,288,0,False
2019-07-24,1.7010386769e-03,288,0,False
2019-07-25,1.4750438811e-03,288,0,False
2019-07-26,7.1479183479e-04,288,0,False
2019-07-27,2.8518544133e-03,288,0,False
2019-07-28,1.7744257029e-03,288,0,False
2019-07-29,6.4725622518e-04,288,0,False
2019-07-30,5.4509945704e-04,288,0,False
2019-07-31,6.0862808540e-04,288,0,False
2019-08-01,6.3174621036e-04,288,0,False
2019-08-02,7.6181253893e-04,288,0,False
2019-08-03,5.7649688549e-04,288,0,False
2019-08-04,7.4896511449e-04,288,0,False
2019-08-05,1.4151907420e-03,288,0,False
2019-08-06,2.3140396283e-03,288,0,False
2019-08-07,2.8019327518e-03,288,0,False
2019-08-08,1.1209926204e-03,288,0,False
2019-08-09,8.8719055644e-04,288,0,False
2019-08-10,1.6968578460e-03,288,0,False
2019-08-11,6.0427444848e-04,288,0,False
2019-08-12,3.2414540760e-04,288,0,False
2019-08-13,6.5130065154e-04,288,0,False
2019-08-14,1.7223589839e-03,288,0,False
2019-08-15,1.3409761701e-03,191,480,True
2019-08-16,2.9295059065e-03,288,0,False
2019-08-17,1.3111413588e-03,288,0,False
2019-08-18,7.3356346290e-04,288,0,False
2019-08-19,7.8114303828e-04,288,0,False
2019-08-20,6.6997694767e-04,288,0,False
2019-08-21,1.5566497747e-03,288,0,False
2019-08-22,1.2505237770e-03,288,0,False
2019-08-23,7.1457823750e-04,288,0,False
2019-08-24,9.5900487754e-04,288,0,False
2019-08-25,1.2295915723e-03,288,0,False
2019-08-26,2.0440314598e-03,288,0,False
2019-08-27,5.3462596523e-04,288,0,False
2019-08-28,1.5422339978e-03,288,0,False
2019-08-29,9.7177193241e-04,288,0,False
2019-08-30,5.1080229855e-04,288,0,False
2019-08-31,2.8160934168e-04,288,0,False
2019-09-01,3.8112968230e-04,288,0,False
2019-09-02,7.1554409018e-04,288,0,False
2019-09-03,7.6517932317e-04,288,0,False
2019-09-04,8.1538890689e-04,288,0,False
2019-09-05,5.3461477863e-04,288,0,False
2019-09-06,1.2361044297e-03,288,0,False
2019-09-07,3.5283457144e-04,288,0,False
2019-09-08,5.4432105711e-04,288,0,False
2019-09-09,7.1717011782e-04,288,0,False
2019-09-10,5.6025562558e-04,288,0,False
2019-09-11,5.7089964356e-04,288,0,False
2019-09-12,4.0852713793e-04,288,0,False
2019-09-13,3.7606005895e-04,288,0,False
2019-09-14,2.4125015034e-04,288,0,False
2019-09-15,1.1054246881e-04,288,0,False
2019-09-16,4.2153504852e-04,288,0,False
2019-09-17,2.3613207482e-04,288,0,False
2019-09-18,1.7886450694e-04,288,0,False
2019-09-19,1.7756202280e-03,288,0,False
2019-09-20,3.0663021278e-04,288,0,False
2019-09-21,3.8402461293e-04,288,0,False
2019-09-22,3.9231898111e-04,288,0,False
2019-09-23,6.0640743285e-04,288,0,False
2019-09-24,1.2930920712e-02,288,0,False
2019-09-25,2.2865664888e-03,288,0,False
2019-09-26,3.0125536761e-03,288,0,False
2019-09-27,1.3330253039e-03,288,0,False
2019-09-28,1.1712506328e-03,288,0,False
2019-09-29,7.8852471582e-04,288,0,False
2019-09-30,1.5484843480e-03,288,0,False
2019-10-01,1.2028200286e-03,288,0,False
2019-10-02,5.1486763273e-04,288,0,False
2019-10-03,5.8163190448e-04,288,0,False
2019-10-04,5.1950854390e-04,288,0,False
2019-10-05,3.5152010404e-04,288,0,False
2019-10-06,9.8422520260e-04,288,0,False
2019-10-07,7.6248635091e-04,288,0,False
2019-10-08,4.6790648647e-04,288,0,False
2019-10-09,8.0648424273e-04,288,0,False
2019-10-10,4.4060259440e-04,288,0,False
2019-10-11,1.0858055537e-03,288,0,False
2019-10-12,2.5795049523e-04,288,0,False
2019-10-13,4.5170370974e-04,288,0,False
2019-10-14,3.6925456512e-04,288,0,False
2019-10-15,4.6331724939e-04,288,0,False
2019-10-16,3.1032124346e-04,288,0,False
2019-10-17,2.7380745587e-04,288,0,False
2019-10-18,5.1303465269e-04,288,0,False
2019-10-19,4.7119769411e-04,288,0,False
2019-10-20,4.3203502010e-04,288,0,False
2019-10-21,2.8047975945e-04,288,0,False
2019-10-22,2.7383370059e-04,288,0,False
2019-10-23,3.2139803819e-03,288,0,False
2019-10-24,3.2086395884e-04,288,0,False
2019-10-25,4.9954650042e-03,288,0,False
2019-10-26,1.4637302913e-02,288,0,False
2019-10-27,2.9093677302e-03,288,0,False
2019-10-28,2.3333039100e-03,288,0,False
2019-10-29,1.5099627985e-03,288,0,False
2019-10-30,9.0305010805e-04,288,0,False
2019-10-31,1.2449447618e-03,288,0,False
2019-11-01,6.2295176068e-04,288,0,False
2019-11-02,2.2832018674e-04,288,0,False
2019-11-03,3.3713988113e-04,288,0,False
2019-11-04,5.1431877331e-04,288,0,False
2019-11-05,5.5529130148e-04,288,0,False
2019-11-06,2.4889927853e-04,288,0,False
2019-11-07,3.1627145435e-04,288,0,False
2019-11-08,6.7825737059e-04,288,0,False
2019-11-09,3.4379877557e-04,288,0,False
2019-11-10,9.3971592662e-04,288,0,False
2019-11-11,5.1313383425e-04,288,0,False
2019-11-12,4.3664904521e-04,288,0,False
2019-11-13,1.8086890531e-04,259,143,True
2019-11-14,2.3332639654e-04,288,0,False
2019-11-15,6.2214128600e-04,288,0,False
2019-11-16,1.7338023816e-04,288,0,False
2019-11-17,2.6231663542e-04,288,0,False
2019-11-18,4.8587641123e-04,288,0,False
2019-11-19,4.1092305853e-04,288,0,False
2019-11-20,2.8109332778e-04,288,0,False
2019-11-21,2.1443087118e-03,288,0,False
2019-11-22,3.5224070445e-03,288,0,False
2019-11-23,9.5724787475e-04,288,0,False
2019-11-24,1.6312325535e-03,288,0,False
2019-11-25,3.6874189679e-03,263,120,True
2019-11-26,1.7877356824e-03,288,0,False
2019-11-27,2.4062669182e-03,288,0,False
2019-11-28,1.0294042743e-03,288,0,False
2019-11-29,1.2293033864e-03,288,0,False
2019-11-30,7.4351496255e-04,288,0,False
2019-12-01,1.0257752431e-03,288,0,False
2019-12-02,9.2076261337e-04,288,0,False
2019-12-03,3.8513946899e-04,288,0,False
2019-12-04,5.2031161424e-03,288,0,False
2019-12-05,8.9650979256e-04,288,0,False
2019-12-06,1.1666071375e-03,288,0,False
2019-12-07,2.8443987203e-04,288,0,False
2019-12-08,3.1270822965e-04,288,0,False
2019-12-09,4.9706734441e-04,288,0,False
2019-12-10,3.4460352982e-04,288,0,False
2019-12-11,2.5041185615e-04,288,0,False
2019-12-12,3.7633005718e-04,288,0,False
2019-12-13,1.3961418183e-04,288,0,False
2019-12-14,2.8669499501e-04,288,0,False
2019-12-15,3.7298958151e-04,288,0,False
2019-12-16,7.1188397370e-04,288,0,False
2019-12-17,9.5802475396e-04,288,0,False
2019-12-18,3.1163796536e-03,288,0,False
2019-12-19,1.0894085648e-03,288,0,False
2019-12-20,3.6440032381e-04,288,0,False
2019-12-21,1.3887965751e-04,288,0,False
2019-12-22,5.9950677748e-04,288,0,False
2019-12-23,1.3358995758e-03,288,0,False
2019-12-24,8.3280948489e-04,288,0,False
2019-12-25,4.2260610743e-04,288,0,False
2019-12-26,4.6692520114e-04,288,0,False
2019-12-27,4.2498117012e-04,288,0,False
2019-12-28,3.3400181902e-04,288,0,False
2019-12-29,3.3288361692e-04,288,0,False
2019-12-30,2.7885858492e-04,288,0,False
2019-12-31,2.8537085354e-04,288,0,False
2020-01-01,1.8985855001e-04,288,0,False
2020-01-02,3.8895524807e-04,288,0,False
2020-01-03,1.8563860175e-03,288,0,False
2020-01-04,4.0968807449e-04,288,0,False
2020-01-05,3.1771763962e-04,288,0,False
2020-01-06,5.0161658239e-04,288,0,False
2020-01-07,1.2483680637e-03,288,0,False
2020-01-08,2.1774001087e-03,288,0,False
2020-01-09,1.0309028260e-03,288,0,False
2020-01-10,1.4837231315e-03,288,0,False
2020-01-11,1.3000546682e-03,288,0,False
2020-01-12,5.1279259133e-04,288,0,False
2020-01-13,2.7184713752e-04,288,0,False
2020-01-14,1.9584047282e-03,288,0,False
2020-01-15,1.4734996516e-03,288,0,False
2020-01-16,8.8914703738e-04,288,0,False
2020-01-17,9.2065688499e-04,288,0,False
2020-01-18,4.8684374918e-04,288,0,False
2020-01-19,2.6141934517e-03,288,0,False
2020-01-20,4.9974059750e-04,288,0,False
2020-01-21,5.7596034536e-04,288,0,False
2020-01-22,2.3275408193e-04,288,0,False
2020-01-23,6.6831788752e-04,288,0,False
2020-01-24,5.4358816965e-04,288,0,False
2020-01-25,3.9511522625e-04,288,0,False
2020-01-26,4.3802279011e-04,288,0,False
2020-01-27,6.1363689871e-04,288,0,False
2020-01-28,1.3672636298e-03,288,0,False
2020-01-29,6.9187508079e-04,288,0,False
2020-01-30,6.7246370324e-04,288,0,False
2020-01-31,5.4185014511e-04,288,0,False
2020-02-01,2.8983765688e-04,288,0,False
2020-02-02,3.7942439098e-04,288,0,False
2020-02-03,7.2527773178e-04,288,0,False
2020-02-04,4.5596155340e-04,288,0,False
2020-02-05,5.9152942283e-04,288,0,False
2020-02-06,7.4579227914e-04,288,0,False
2020-02-07,3.7844163725e-04,288,0,False
2020-02-08,3.4260758120e-04,288,0,False
2020-02-09,3.5044079083e-04,275,60,False
2020-02-10,9.6091242739e-04,288,0,False
2020-02-11,8.6018127431e-04,288,0,False
2020-02-12,6.4377119246e-04,288,0,False
2020-02-13,1.6222073816e-03,288,0,False
2020-02-14,4.6850204269e-04,288,0,False
2020-02-15,1.3519196500e-03,288,0,False
2020-02-16,7.2672273783e-04,288,0,False
2020-02-17,9.7364345275e-04,288,0,False
2020-02-18,9.7254824907e-04,288,0,False
2020-02-19,3.2000812850e-03,216,354,True
2020-02-20,9.4320117540e-04,288,0,False
2020-02-21,5.0993976560e-04,288,0,False
2020-02-22,2.1302423628e-04,288,0,False
2020-02-23,4.8041656579e-04,288,0,False
2020-02-24,8.4286312452e-04,288,0,False
2020-02-25,7.3569270219e-04,288,0,False
2020-02-26,1.5985784877e-03,288,0,False
2020-02-27,1.4576611040e-03,288,0,False
2020-02-28,1.6156499258e-03,288,0,False
2020-02-29,6.6760664597e-04,288,0,False
2020-03-01,9.8040038538e-04,288,0,False
2020-03-02,6.2439828292e-04,288,0,False
2020-03-03,9.7697493744e-04,288,0,False
2020-03-04,3.4812237584e-04,261,128,True
2020-03-05,5.3182378588e-04,288,0,False
2020-03-06,3.1797580758e-04,288,0,False
2020-03-07,5.5576264280e-04,288,0,False
2020-03-08,1.3780746804e-03,288,0,False
2020-03-09,2.5890082341e-03,288,0,False
2020-03-10,1.6658452700e-03,288,0,False
2020-03-11,1.3997744379e-03,288,0,False
2020-03-12,4.9027183008e-02,288,0,False
2020-03-13,1.1055610341e-01,288,0,False
2020-03-14,7.5666709790e-03,288,0,False
2020-03-15,9.1917371669e-03,288,0,False
2020-03-16,2.0542316184e-02,288,0,False
2020-03-17,6.4037537820e-03,288,0,False
2020-03-18,6.2152185017e-03,288,0,False
2020-03-19,6.0166926264e-03,288,0,False
2020-03-20,1.1648557618e-02,288,0,False
2020-03-21,6.1964593623e-03,288,0,False
2020-03-22,4.4714365732e-03,288,0,False
2020-03-23,5.9648440036e-03,288,0,False
2020-03-24,4.6012867375e-03,288,0,False
2020-03-25,3.9113089676e-03,288,0,False
2020-03-26,1.5768331541e-03,288,0,False
2020-03-27,2.6167470532e-03,288,0,False
2020-03-28,2.5778125382e-03,288,0,False
2020-03-29,1.3984414575e-03,288,0,False
2020-03-30,2.1061347921e-03,288,0,False
2020-03-31,1.0456116647e-03,288,0,False
2020-04-01,1.7820473717e-03,288,0,False
2020-04-02,4.5060706760e-03,288,0,False
2020-04-03,1.8927920887e-03,288,0,False
2020-04-04,1.6245078611e-03,288,0,False
2020-04-05,7.1655381879e-04,288,0,False
2020-04-06,1.1305465038e-03,288,0,False
2020-04-07,1.3515636377e-03,288,0,False
2020-04-08,9.8316675544e-04,288,0,False
2020-04-09,7.8055836230e-04,288,0,False
2020-04-10,1.7599718237e-03,288,0,False
2020-04-11,5.5074680354e-04,288,0,False
2020-04-12,9.5358053960e-04,288,0,False
2020-04-13,2.0523703540e-03,288,0,False
2020-04-14,7.9323778373e-04,288,0,False
2020-04-15,6.6049991041e-04,288,0,False
2020-04-16,2.4643058430e-03,288,0,False
2020-04-17,6.8535602568e-04,288,0,False
2020-04-18,3.7618361443e-04,288,0,False
2020-04-19,4.3617048043e-04,288,0,False
2020-04-20,1.2463969836e-03,288,0,False
2020-04-21,6.4405276354e-04,288,0,False
2020-04-22,3.8630867713e-04,288,0,False
2020-04-23,1.5874255361e-03,288,0,False
2020-04-24,5.4346165353e-04,288,0,False
2020-04-25,3.7204627709e-04,257,150,True
2020-04-26,5.0262389336e-04,288,0,False
2020-04-27,5.3261906376e-04,288,0,False
2020-04-28,2.6855612426e-04,288,0,False
2020-04-29,3.1809362484e-03,288,0,False
2020-04-30,4.6050868036e-03,288,0,False
2020-05-01,1.2037797967e-03,288,0,False
2020-05-02,6.1034493816e-04,288,0,False
2020-05-03,1.4978667606e-03,288,0,False
2020-05-04,1.1616654332e-03,288,0,False
2020-05-05,1.2175195185e-03,288,0,False
2020-05-06,1.1648975951e-03,288,0,False
2020-05-07,1.7231870923e-03,288,0,False
2020-05-08,1.1462666823e-03,288,0,False
2020-05-09,9.5133237214e-04,288,0,False
2020-05-10,1.2633961741e-02,288,0,False
2020-05-11,6.1859503500e-03,288,0,False
2020-05-12,1.5135678059e-03,288,0,False
2020-05-13,9.7392508239e-04,288,0,False
2020-05-14,2.1547249540e-03,288,0,False
2020-05-15,2.3638706739e-03,288,0,False
2020-05-16,9.5867790392e-04,288,0,False
2020-05-17,8.3825174561e-04,288,0,False
2020-05-18,1.1515250228e-03,288,0,False
2020-05-19,1.1183583537e-03,288,0,False
2020-05-20,1.0065189128e-03,288,0,False
2020-05-21,1.4131924255e-03,288,0,False
2020-05-22,8.2097182043e-04,288,0,False
2020-05-23,4.4029872589e-04,288,0,False
2020-05-24,1.1594405033e-03,288,0,False
2020-05-25,8.3907472074e-04,288,0,False
2020-05-26,6.0979186958e-04,288,0,False
2020-05-27,6.9980859482e-04,288,0,False
2020-05-28,6.0712242526e-04,288,0,False
2020-05-29,6.5642994053e-04,288,0,False
2020-05-30,7.7896722373e-04,288,0,False
2020-05-31,5.6587034801e-04,288,0,False
2020-06-01,1.2292540288e-03,288,0,False
2020-06-02,4.5314805123e-03,288,0,False
2020-06-03,3.5940644387e-04,288,0,False
2020-06-04,6.2897587171e-04,288,0,False
2020-06-05,5.2570023283e-04,288,0,False
2020-06-06,2.6755751906e-04,288,0,False
2020-06-07,4.9417432576e-04,288,0,False
2020-06-08,2.6542219215e-04,288,0,False
2020-06-09,6.9813228528e-04,288,0,False
2020-06-10,5.8868959569e-04,288,0,False
2020-06-11,1.6977731510e-03,288,0,False
2020-06-12,4.3895953996e-04,288,0,False
2020-06-13,2.2917815493e-04,288,0,False
2020-06-14,3.3388836739e-04,288,0,False
2020-06-15,8.7098561356e-04,288,0,False
2020-06-16,5.2650965122e-04,288,0,False
2020-06-17,2.8391763553e-04,288,0,False
2020-06-18,2.4714394023e-04,288,0,False
2020-06-19,3.1623326086e-04,288,0,False
2020-06-20,1.5284666791e-04,288,0,False
2020-06-21,9.5766392792e-05,288,0,False
2020-06-22,2.7429608071e-04,288,0,False
2020-06-23,1.8253615171e-04,288,0,False
2020-06-24,5.5617637960e-04,288,0,False
2020-06-25,6.6943785256e-04,288,0,False
2020-06-26,5.4618694544e-04,288,0,False
2020-06-27,5.5442803266e-04,288,0,False
2020-06-28,2.7309526810e-04,245,210,True
2020-06-29,2.3440401532e-04,288,0,False
2020-06-30,1.6377106625e-04,288,0,False
2020-07-01,2.0509954562e-04,288,0,False
2020-07-02,4.0947767667e-04,288,0,False
2020-07-03,1.2500613412e-04,288,0,False
2020-07-04,1.5419570929e-04,288,0,False
2020-07-05,2.3833099234e-04,288,0,False
2020-07-06,2.2417945992e-04,288,0,False
2020-07-07,1.5984085336e-04,288,0,False
2020-07-08,2.3263366287e-04,288,0,False
2020-07-09,2.1834469271e-04,288,0,False
2020-07-10,1.6733233556e-04,288,0,False
2020-07-11,1.1521304999e-04,288,0,False
2020-07-12,2.4340698849e-04,288,0,False
2020-07-13,1.3016327292e-04,288,0,False
2020-07-14,1.7249142778e-04,288,0,False
2020-07-15,9.0580115310e-05,288,0,False
2020-07-16,1.5249193570e-04,288,0,False
2020-07-17,7.3681365902e-05,288,0,False
2020-07-18,6.1522009547e-05,288,0,False
2020-07-19,6.6740471623e-05,288,0,False
2020-07-20,6.1347241684e-05,288,0,False
2020-07-21,1.9633422355e-04,288,0,False
2020-07-22,1.7225801218e-04,288,0,False
2020-07-23,1.4612072886e-04,288,0,False
2020-07-24,1.6859354794e-04,288,0,False
2020-07-25,2.4636006583e-04,288,0,False
2020-07-26,7.2955860971e-04,288,0,False
2020-07-27,3.5350178011e-03,288,0,False
2020-07-28,2.4603086875e-03,288,0,False
2020-07-29,1.1740098266e-03,288,0,False
2020-07-30,6.7293115684e-04,288,0,False
2020-07-31,6.5801817377e-04,288,0,False
2020-08-01,1.0994578628e-03,288,0,False
2020-08-02,5.3547685286e-03,288,0,False
2020-08-03,7.1246300031e-04,288,0,False
2020-08-04,6.2301672221e-04,288,0,False
2020-08-05,7.0042493719e-04,288,0,False
2020-08-06,5.6562184373e-04,288,0,False
2020-08-07,6.8251531396e-04,288,0,False
2020-08-08,4.7084673642e-04,288,0,False
2020-08-09,4.1687250247e-04,288,0,False
2020-08-10,2.1517588914e-03,288,0,False
2020-08-11,1.3938099434e-03,288,0,False
2020-08-12,6.6921746206e-04,288,0,False
2020-08-13,7.7525192440e-04,288,0,False
2020-08-14,4.6714203988e-04,288,0,False
2020-08-15,5.7002228565e-04,288,0,False
2020-08-16,3.1410411709e-04,288,0,False
2020-08-17,1.3949490399e-03,288,0,False
2020-08-18,9.7002131365e-04,288,0,False
2020-08-19,8.3815576679e-04,288,0,False
2020-08-20,2.9560627969e-04,288,0,False
2020-08-21,4.1260720836e-04,288,0,False
2020-08-22,3.2012962454e-04,288,0,False
2020-08-23,2.1139486116e-04,288,0,False
2020-08-24,1.8072250265e-04,288,0,False
2020-08-25,6.4213416918e-04,288,0,False
2020-08-26,4.5953043588e-04,288,0,False
2020-08-27,6.4686870891e-04,288,0,False
2020-08-28,2.6886651370e-04,288,0,False
2020-08-29,1.8104513095e-04,288,0,False
2020-08-30,2.3198818350e-04,288,0,False
2020-08-31,2.5123243004e-04,288,0,False
2020-09-01,4.5322965663e-04,288,0,False
2020-09-02,8.0879642316e-04,288,0,False
2020-09-03,3.1666627903e-03,288,0,False
2020-09-04,2.5875005905e-03,288,0,False
2020-09-05,3.4118915491e-03,288,0,False
2020-09-06,1.0466573713e-03,288,0,False
2020-09-07,1.0371394627e-03,288,0,False
2020-09-08,1.9306418087e-03,288,0,False
2020-09-09,5.6349982977e-04,288,0,False
2020-09-10,6.2348508115e-04,288,0,False
2020-09-11,3.1037553860e-04,288,0,False
2020-09-12,1.5820218563e-04,288,0,False
2020-09-13,3.6599853795e-04,288,0,False
2020-09-14,4.7260795627e-04,288,0,False
2020-09-15,5.9633503098e-04,288,0,False
2020-09-16,5.2560355298e-04,288,0,False
2020-09-17,3.5081106798e-04,288,0,False
2020-09-18,2.3863873289e-04,288,0,False
2020-09-19,2.5550140629e-04,288,0,False
2020-09-20,3.4172125418e-04,288,0,False
2020-09-21,6.7504433094e-04,288,0,False
2020-09-22,3.7818088515e-04,288,0,False
2020-09-23,4.0308434179e-04,288,0,False
2020-09-24,4.8282667784e-04,288,0,False
2020-09-25,3.5002248635e-04,288,0,False
2020-09-26,1.8724919324e-04,288,0,False
2020-09-27,1.9732170069e-04,288,0,False
2020-09-28,4.1860507530e-04,288,0,False
2020-09-29,2.2216671347e-04,288,0,False
2020-09-30,2.2868249504e-04,288,0,False
2020-10-01,6.0692283215e-04,288,0,False
2020-10-02,4.7219205023e-04,288,0,False
2020-10-03,1.1296760726e-04,288,0,False
2020-10-04,1.0540579131e-04,288,0,False
2020-10-05,1.2006803993e-04,288,0,False
2020-10-06,2.5345402123e-04,288,0,False
2020-10-07,9.9524426414e-05,288,0,False
2020-10-08,2.5842633373e-04,288,0,False
2020-10-09,2.0956297532e-04,288,0,False
2020-10-10,7.6211013869e-04,288,0,False
2020-10-11,2.1842675355e-04,288,0,False
2020-10-12,4.9855639335e-04,288,0,False
2020-10-13,3.5654802495e-04,288,0,False
2020-10-14,3.3477628488e-04,288,0,False
2020-10-15,3.0714053001e-04,288,0,False
2020-10-16,3.3020032093e-04,288,0,False
2020-10-17,1.3788577905e-04,288,0,False
2020-10-18,8.7741935923e-05,288,0,False
2020-10-19,2.4596433858e-04,288,0,False
2020-10-20,4.2479834081e-04,288,0,False
2020-10-21,1.6943706465e-03,288,0,False
2020-10-22,8.1647977562e-04,288,0,False
2020-10-23,4.1411542840e-04,288,0,False
2020-10-24,3.2722547374e-04,288,0,False
2020-10-25,5.6072795491e-04,288,0,False
2020-10-26,5.5625142911e-04,288,0,False
2020-10-27,6.0135833981e-04,288,0,False
2020-10-28,1.1709474680e-03,288,0,False
2020-10-29,8.6758466651e-04,288,0,False
2020-10-30,8.6598419952e-04,288,0,False
2020-10-31,1.0981326487e-03,288,0,False
2020-11-01,4.8198311829e-04,288,0,False
2020-11-02,6.3289441151e-04,288,0,False
2020-11-03,8.0267837641e-04,288,0,False
2020-11-04,1.1690648877e-03,288,0,False
2020-11-05,1.9700860443e-03,288,0,False
2020-11-06,2.0736950904e-03,288,0,False
2020-11-07,1.5842301746e-03,288,0,False
2020-11-08,8.2067156915e-04,288,0,False
2020-11-09,1.8177743966e-03,288,0,False
2020-11-10,6.4710397559e-04,288,0,False
2020-11-11,7.3347368133e-04,288,0,False
2020-11-12,1.2993171694e-03,288,0,False
2020-11-13,6.4741997453e-04,288,0,False
2020-11-14,5.0806660802e-04,288,0,False
2020-11-15,4.7104397392e-04,288,0,False
2020-11-16,6.1695905061e-04,288,0,False
2020-11-17,1.1219661349e-03,288,0,False
2020-11-18,3.7858927330e-03,288,0,False
2020-11-19,1.2310520944e-03,288,0,False
2020-11-20,1.1603832265e-03,288,0,False
2020-11-21,8.8903051080e-04,288,0,False
2020-11-22,1.2551179695e-03,288,0,False
2020-11-23,1.5103863530e-03,288,0,False
2020-11-24,1.5861570914e-03,288,0,False
2020-11-25,1.4071103391e-03,288,0,False
2020-11-26,7.0125251855e-03,288,0,False
2020-11-27,2.3995088471e-03,288,0,False
2020-11-28,8.1105987769e-04,288,0,False
2020-11-29,8.2574308085e-04,288,0,False
2020-11-30,2.5326524862e-03,275,60,False
2020-12-01,4.2156429092e-03,288,0,False
2020-12-02,2.0423222891e-03,288,0,False
2020-12-03,1.2015688098e-03,288,0,False
2020-12-04,9.7116394946e-04,288,0,False
2020-12-05,5.1722406195e-04,288,0,False
2020-12-06,4.4319137259e-04,288,0,False
2020-12-07,4.0114853943e-04,288,0,False
2020-12-08,9.0958158754e-04,288,0,False
2020-12-09,1.2934847912e-03,288,0,False
2020-12-10,7.4317693207e-04,288,0,False
2020-12-11,1.1429476803e-03,288,0,False
2020-12-12,4.9286600318e-04,288,0,False
2020-12-13,5.7798872186e-04,288,0,False
2020-12-14,4.7250629592e-04,288,0,False
2020-12-15,4.7217782665e-04,288,0,False
2020-12-16,1.8390194164e-03,288,0,False
2020-12-17,6.0120002544e-03,288,0,False
2020-12-18,1.5506755032e-03,288,0,False
2020-12-19,1.2545002134e-03,288,0,False
2020-12-20,1.3488678439e-03,288,0,False
2020-12-21,2.5529115337e-03,241,230,True
2020-12-22,1.4709399991e-03,288,0,False
2020-12-23,2.1573109091e-03,288,0,False
2020-12-24,1.2982771800e-03,288,0,False
2020-12-25,1.5838485278e-03,275,60,False
2020-12-26,1.3728993744e-03,288,0,False
2020-12-27,4.1284971262e-03,288,0,False
2020-12-28,1.7854171738e-03,288,0,False
2020-12-29,1.5271557417e-03,288,0,False
2020-12-30,2.0743530846e-03,288,0,False
2020-12-31,1.9974668149e-03,288,0,False
2021-01-01,9.2223943043e-04,288,0,False
2021-01-02,5.1296656186e-03,288,0,False
2021-01-03,4.1313780132e-03,288,0,False
2021-01-04,9.1537966814e-03,288,0,False
2021-01-05,5.7041807857e-03,288,0,False
2021-01-06,5.3266947809e-03,288,0,False
2021-01-07,5.9792854424e-03,288,0,False
2021-01-08,8.6660507458e-03,288,0,False
2021-01-09,3.6397777160e-03,288,0,False
2021-01-10,6.7303999891e-03,288,0,False
2021-01-11,2.8659683774e-02,288,0,False
2021-01-12,9.7576719309e-03,288,0,False
2021-01-13,6.7922800932e-03,288,0,False
2021-01-14,3.1747716561e-03,288,0,False
2021-01-15,5.9833858297e-03,288,0,False
2021-01-16,4.1741137152e-03,288,0,False
2021-01-17,3.6143545857e-03,288,0,False
2021-01-18,2.7761498840e-03,288,0,False
2021-01-19,1.9976803124e-03,288,0,False
2021-01-20,3.0755656474e-03,288,0,False
2021-01-21,7.5747393911e-03,288,0,False
2021-01-22,6.6774023987e-03,288,0,False
2021-01-23,2.8274994264e-03,288,0,False
2021-01-24,1.6717728131e-03,288,0,False
2021-01-25,2.6050700592e-03,288,0,False
2021-01-26,3.3472888176e-03,288,0,False
2021-01-27,4.6005219486e-03,288,0,False
2021-01-28,2.8498665840e-03,288,0,False
2021-01-29,1.4961339004e-02,288,0,False
2021-01-30,3.3149085001e-03,288,0,False
2021-01-31,1.7493240094e-03,288,0,False
2021-02-01,2.1034224214e-03,288,0,False
2021-02-02,1.7450637931e-03,288,0,False
2021-02-03,1.5975592976e-03,288,0,False
2021-02-04,2.4019421649e-03,288,0,False
2021-02-05,1.2902738802e-03,288,0,False
2021-02-06,1.7533955052e-03,288,0,False
2021-02-07,2.3666506785e-03,288,0,False
2021-02-08,6.7744936517e-03,288,0,False
2021-02-09,4.9798467388e-03,288,0,False
2021-02-10,2.8928129734e-03,288,0,False
2021-02-11,2.7430680998e-03,271,79,True
2021-02-12,2.0991051962e-03,288,0,False
2021-02-13,1.2413476520e-03,288,0,False
2021-02-14,1.2218791614e-03,288,0,False
2021-02-15,2.2075380927e-03,288,0,False
2021-02-16,2.8825989445e-03,288,0,False
2021-02-17,1.7764851219e-03,288,0,False
2021-02-18,8.2454201941e-04,288,0,False
2021-02-19,1.6791760013e-03,288,0,False
2021-02-20,2.0131364502e-03,288,0,False
2021-02-21,1.0709156555e-03,288,0,False
2021-02-22,6.0291103726e-03,288,0,False
2021-02-23,1.9489248705e-02,288,0,False
2021-02-24,5.3522188679e-03,288,0,False
2021-02-25,3.6964084359e-03,288,0,False
2021-02-26,6.5945663776e-03,288,0,False
2021-02-27,3.0597598441e-03,288,0,False
2021-02-28,4.5677265175e-03,288,0,False
2021-03-01,2.2617632871e-03,288,0,False
2021-03-02,2.7004984647e-03,288,0,False
2021-03-03,2.1809817193e-03,288,0,False
2021-03-04,3.7506810102e-03,288,0,False
2021-03-05,2.8491523276e-03,288,0,False
2021-03-06,1.1625109929e-03,269,90,True
2021-03-07,1.4949891758e-03,288,0,False
2021-03-08,1.5832541182e-03,288,0,False
2021-03-09,1.2670926240e-03,288,0,False
2021-03-10,2.3240940510e-03,288,0,False
2021-03-11,2.1658370896e-03,288,0,False
2021-03-12,2.1753391129e-03,288,0,False
2021-03-13,1.8694199502e-03,288,0,False
2021-03-14,1.0265170373e-03,288,0,False
2021-03-15,4.0295696145e-03,288,0,False
2021-03-16,2.8112338597e-03,288,0,False
2021-03-17,1.9552931464e-03,288,0,False
2021-03-18,1.5125261039e-03,288,0,False
2021-03-19,1.5628631070e-03,288,0,False
2021-03-20,7.5549228695e-04,288,0,False
2021-03-21,1.2066220309e-03,288,0,False
2021-03-22,1.9372875879e-03,288,0,False
2021-03-23,1.4865703341e-03,288,0,False
2021-03-24,2.7638372362e-03,288,0,False
2021-03-25,3.1756585937e-03,288,0,False
2021-03-26,1.4055930489e-03,288,0,False
2021-03-27,1.0450431828e-03,288,0,False
2021-03-28,8.4517349305e-04,288,0,False
2021-03-29,1.2374680025e-03,288,0,False
2021-03-30,7.5758583763e-04,288,0,False
2021-03-31,1.5134919368e-03,288,0,False
2021-04-01,6.7146242692e-04,288,0,False
2021-04-02,5.4494620033e-04,288,0,False
2021-04-03,8.1036527435e-04,288,0,False
2021-04-04,5.8699313056e-04,288,0,False
2021-04-05,5.9951989267e-04,288,0,False
2021-04-06,5.7114329732e-04,288,0,False
2021-04-07,1.4012977838e-03,288,0,False
2021-04-08,5.9173993277e-04,288,0,False
2021-04-09,3.9182743014e-04,288,0,False
2021-04-10,9.1412310627e-04,288,0,False
2021-04-11,6.9376197413e-04,288,0,False
2021-04-12,7.3129980248e-04,288,0,False
2021-04-13,1.1554672961e-03,288,0,False
2021-04-14,1.9344616035e-03,288,0,False
2021-04-15,6.8628501304e-04,288,0,False
2021-04-16,1.3964497074e-03,288,0,False
2021-04-17,8.6996188601e-04,288,0,False
2021-04-18,1.1036821414e-02,288,0,False
2021-04-19,2.0370771163e-03,288,0,False
2021-04-20,2.0813923575e-03,257,150,True
2021-04-21,1.5961009415e-03,288,0,False
2021-04-22,3.7817900250e-03,288,0,False
2021-04-23,5.0024488770e-03,288,0,False
2021-04-24,1.8028731088e-03,288,0,False
2021-04-25,1.6717080595e-03,230,284,True
2021-04-26,2.6191204844e-03,288,0,False
2021-04-27,9.3899228222e-04,288,0,False
2021-04-28,1.3506203136e-03,288,0,False
2021-04-29,1.1432835365e-03,288,0,False
2021-04-30,1.0017980160e-03,288,0,False
2021-05-01,7.3371011335e-04,288,0,False
2021-05-02,7.3886961537e-04,288,0,False
2021-05-03,1.0686446945e-03,288,0,False
2021-05-04,2.0788812308e-03,288,0,False
2021-05-05,1.7044617995e-03,288,0,False
2021-05-06,1.7309182218e-03,288,0,False
2021-05-07,1.3943053926e-03,288,0,False
2021-05-08,1.3376559181e-03,288,0,False
2021-05-09,1.1794766282e-03,288,0,False
2021-05-10,2.7816528273e-03,288,0,False
2021-05-11,1.6283915350e-03,288,0,False
2021-05-12,4.1994835695e-03,288,0,False
2021-05-13,1.0928969639e-02,288,0,False
2021-05-14,1.9287737907e-03,288,0,False
2021-05-15,3.2600923716e-03,288,0,False
2021-05-16,5.1780918890e-03,288,0,False
2021-05-17,7.3879814687e-03,288,0,False
2021-05-18,4.4840253268e-03,288,0,False
2021-05-19,7.0439258137e-02,288,0,False
2021-05-20,1.3299908073e-02,288,0,False
2021-05-21,1.7833927415e-02,288,0,False
2021-05-22,7.2448003137e-03,288,0,False
2021-05-23,1.7012245600e-02,288,0,False
2021-05-24,9.2270102173e-03,288,0,False
2021-05-25,5.1008099487e-03,288,0,False
2021-05-26,3.4421799502e-03,288,0,False
2021-05-27,3.5086245928e-03,288,0,False
2021-05-28,6.0799202063e-03,288,0,False
2021-05-29,5.2706328727e-03,288,0,False
2021-05-30,2.6398981045e-03,288,0,False
2021-05-31,2.7607627570e-03,288,0,False
2021-06-01,2.6846975724e-03,288,0,False
2021-06-02,1.2482524172e-03,288,0,False
2021-06-03,1.2512794595e-03,288,0,False
2021-06-04,2.5980123541e-03,288,0,False
2021-06-05,2.6761234714e-03,288,0,False
2021-06-06,1.1563141884e-03,288,0,False
2021-06-07,1.8842854176e-03,288,0,False
2021-06-08,3.5494837130e-03,288,0,False
2021-06-09,4.7960069654e-03,288,0,False
2021-06-10,3.6087547848e-03,288,0,False
2021-06-11,1.9887079673e-03,288,0,False
2021-06-12,2.1635026122e-03,288,0,False
2021-06-13,2.0234151296e-03,288,0,False
2021-06-14,1.9496759433e-03,288,0,False
2021-06-15,1.5476018056e-03,288,0,False
2021-06-16,1.5601884077e-03,288,0,False
2021-06-17,1.2038689081e-03,288,0,False
2021-06-18,1.8796522062e-03,288,0,False
2021-06-19,1.6840271805e-03,288,0,False
2021-06-20,1.8507322055e-03,288,0,False
2021-06-21,7.6893514554e-03,288,0,False
2021-06-22,7.9308201103e-03,288,0,False
2021-06-23,3.9603290772e-03,288,0,False
2021-06-24,2.1383976826e-03,288,0,False
2021-06-25,3.7917866846e-03,288,0,False
2021-06-26,4.1190964567e-03,288,0,False
2021-06-27,2.7027068695e-03,288,0,False
2021-06-28,1.4728292588e-03,288,0,False
2021-06-29,1.6588075825e-03,288,0,False
2021-06-30,1.5967433357e-03,288,0,False
2021-07-01,2.0118168570e-03,288,0,False
2021-07-02,1.2104835440e-03,288,0,False
2021-07-03,7.0527035410e-04,288,0,False
2021-07-04,5.1008225448e-04,288,0,False
2021-07-05,1.2763953197e-03,288,0,False
2021-07-06,1.5733995820e-03,288,0,False
2021-07-07,8.1974771588e-04,288,0,False
2021-07-08,1.5165261035e-03,288,0,False
2021-07-09,8.2490568059e-04,288,0,False
2021-07-10,6.5521760086e-04,288,0,False
2021-07-11,5.1435523425e-04,288,0,False
2021-07-12,6.8543595697e-04,288,0,False
2021-07-13,7.3574462778e-04,288,0,False
2021-07-14,1.2038226484e-03,288,0,False
2021-07-15,1.1562852461e-03,288,0,False
2021-07-16,9.6697567608e-04,288,0,False
2021-07-17,6.7590334513e-04,288,0,False
2021-07-18,5.3445227336e-04,288,0,False
2021-07-19,6.4255883606e-04,288,0,False
2021-07-20,1.1511440831e-03,288,0,False
2021-07-21,1.8161508244e-03,288,0,False
2021-07-22,8.9015023864e-04,288,0,False
2021-07-23,6.3959270317e-04,288,0,False
2021-07-24,5.9647746949e-04,288,0,False
2021-07-25,7.8578986801e-04,288,0,False
2021-07-26,7.9566317518e-03,288,0,False
2021-07-27,2.5533905457e-03,288,0,False
2021-07-28,2.8568512431e-03,288,0,False
2021-07-29,1.0191755143e-03,288,0,False
2021-07-30,1.6436632719e-03,288,0,False
2021-07-31,9.4702865685e-04,288,0,False
2021-08-01,1.4030092891e-03,288,0,False
2021-08-02,1.1008602558e-03,288,0,False
2021-08-03,1.7044990183e-03,288,0,False
2021-08-04,8.9514155889e-04,288,0,False
2021-08-05,2.1167533388e-03,288,0,False
2021-08-06,2.1274892832e-03,288,0,False
2021-08-07,2.0775419628e-03,288,0,False
2021-08-08,1.5837213611e-03,288,0,False
2021-08-09,2.2075256042e-03,288,0,False
2021-08-10,1.1102104198e-03,288,0,False
2021-08-11,7.8192599466e-04,288,0,False
2021-08-12,1.0698898924e-03,288,0,False
2021-08-13,1.0462573419e-03,233,270,True
2021-08-14,1.0585875319e-03,288,0,False
2021-08-15,9.4987032536e-04,288,0,False
2021-08-16,9.8058409354e-04,288,0,False
2021-08-17,1.2882401078e-03,288,0,False
2021-08-18,1.2653170162e-03,288,0,False
2021-08-19,1.1925914857e-03,288,0,False
2021-08-20,8.6656973340e-04,288,0,False
2021-08-21,7.9230242960e-04,288,0,False
2021-08-22,5.3966262195e-04,288,0,False
2021-08-23,5.8288859519e-04,288,0,False
2021-08-24,8.4343357245e-04,288,0,False
2021-08-25,9.0154256009e-04,288,0,False
2021-08-26,1.2552558053e-03,288,0,False
2021-08-27,9.0811414517e-04,288,0,False
2021-08-28,3.6028734240e-04,288,0,False
2021-08-29,6.2562337507e-04,288,0,False
2021-08-30,7.0401112964e-04,288,0,False
2021-08-31,7.5392239757e-04,288,0,False
2021-09-01,7.3775915525e-04,288,0,False
2021-09-02,7.4009511523e-04,288,0,False
2021-09-03,1.0383246146e-03,288,0,False
2021-09-04,5.0468310794e-04,288,0,False
2021-09-05,4.9121740027e-04,288,0,False
2021-09-06,3.4498991940e-04,288,0,False
2021-09-07,1.9874078523e-02,288,0,False
2021-09-08,2.1762157976e-03,288,0,False
2021-09-09,1.1678454032e-03,288,0,False
2021-09-10,1.0801043612e-03,288,0,False
2021-09-11,5.2570250178e-04,288,0,False
2021-09-12,8.4000988196e-04,288,0,False
2021-09-13,3.1479260589e-03,288,0,False
2021-09-14,8.8093590903e-04,288,0,False
2021-09-15,4.2905720919e-04,288,0,False
2021-09-16,7.2478824320e-04,288,0,False
2021-09-17,5.8083052636e-04,288,0,False
2021-09-18,4.7941109483e-04,288,0,False
2021-09-19,4.9899058455e-04,288,0,False
2021-09-20,3.2120820639e-03,288,0,False
2021-09-21,6.0155894884e-03,288,0,False
2021-09-22,2.0280552884e-03,288,0,False
2021-09-23,1.2201868071e-03,288,0,False
2021-09-24,2.5833787876e-03,288,0,False
2021-09-25,1.3236065272e-03,288,0,False
2021-09-26,2.1334282591e-03,288,0,False
2021-09-27,1.3379040963e-03,288,0,False
2021-09-28,1.5670251947e-03,288,0,False
2021-09-29,1.0986647033e-03,263,120,True
2021-09-30,1.2343124898e-03,288,0,False
2021-10-01,2.2890864025e-03,288,0,False
2021-10-02,5.0295801668e-04,288,0,False
2021-10-03,6.9112799721e-04,288,0,False
2021-10-04,1.4077316821e-03,288,0,False
2021-10-05,8.0924270936e-04,288,0,False
2021-10-06,2.3131334852e-03,288,0,False
2021-10-07,1.1919984243e-03,288,0,False
2021-10-08,8.9584965527e-04,288,0,False
2021-10-09,5.3860467175e-04,288,0,False
2021-10-10,9.9643802558e-04,288,0,False
2021-10-11,8.7358073381e-04,288,0,False
2021-10-12,1.0045847053e-03,288,0,False
2021-10-13,1.3608086383e-03,288,0,False
2021-10-14,9.5487280240e-04,288,0,False
2021-10-15,1.5342942418e-03,288,0,False
2021-10-16,7.1555054913e-04,288,0,False
2021-10-17,8.7465494181e-04,288,0,False
2021-10-18,1.1763387107e-03,288,0,False
2021-10-19,9.4847715525e-04,288,0,False
2021-10-20,9.4856024259e-04,288,0,False
2021-10-21,3.0317036088e-03,288,0,False
2021-10-22,1.2475722138e-03,288,0,False
2021-10-23,7.0786211235e-04,288,0,False
2021-10-24,6.3174351278e-04,288,0,False
2021-10-25,5.5807679802e-04,288,0,False
2021-10-26,8.4124332798e-04,288,0,False
2021-10-27,1.8011109119e-03,288,0,False
2021-10-28,4.4563755732e-03,288,0,False
2021-10-29,1.1805099359e-03,288,0,False
2021-10-30,5.7174190740e-04,288,0,False
2021-10-31,5.9669637413e-04,288,0,False
2021-11-01,9.8610990084e-04,288,0,False
2021-11-02,8.9376347447e-04,288,0,False
2021-11-03,9.1872483418e-04,288,0,False
2021-11-04,6.4885737595e-04,288,0,False
2021-11-05,5.9323913381e-04,288,0,False
2021-11-06,4.5875023783e-04,288,0,False
2021-11-07,4.0511089650e-04,288,0,False
2021-11-08,8.7412144482e-04,288,0,False
2021-11-09,8.0515015102e-04,288,0,False
2021-11-10,3.5420529679e-03,288,0,False
2021-11-11,7.7283360573e-04,288,0,False
2021-11-12,1.0484427190e-03,288,0,False
2021-11-13,4.8202508866e-04,288,0,False
2021-11-14,4.9617307226e-04,288,0,False
2021-11-15,5.4648204502e-04,288,0,False
2021-11-16,2.4653947334e-03,288,0,False
2021-11-17,1.7437967736e-03,288,0,False
2021-11-18,2.1186418043e-03,288,0,False
2021-11-19,1.0456799632e-03,288,0,False
2021-11-20,8.1262673865e-04,288,0,False
2021-11-21,6.4306549412e-04,288,0,False
2021-11-22,1.9365443921e-03,288,0,False
2021-11-23,1.7021828209e-03,288,0,False
2021-11-24,8.7400301463e-04,288,0,False
2021-11-25,5.9960774523e-04,288,0,False
2021-11-26,1.7118696242e-03,288,0,False
2021-11-27,8.7887230817e-04,288,0,False
2021-11-28,1.2459655567e-03,288,0,False
2021-11-29,7.8497295779e-04,288,0,False
2021-11-30,1.6508967245e-03,288,0,False
2021-12-01,1.2059269321e-03,288,0,False
2021-12-02,1.1934139436e-03,288,0,False
2021-12-03,1.6766255572e-03,288,0,False
2021-12-04,7.6402548322e-03,288,0,False
2021-12-05,1.8100620672e-03,288,0,False
2021-12-06,3.0399087097e-03,288,0,False
2021-12-07,1.0233184891e-03,288,0,False
2021-12-08,1.4721873802e-03,288,0,False
2021-12-09,1.3110310725e-03,288,0,False
2021-12-10,2.3553117211e-03,288,0,False
2021-12-11,1.4202591582e-03,288,0,False
2021-12-12,5.4476757777e-04,288,0,False
2021-12-13,1.6063424423e-03,288,0,False
2021-12-14,1.7021312093e-03,288,0,False
2021-12-15,1.8208445067e-03,288,0,False
2021-12-16,7.9156574172e-04,288,0,False
2021-12-17,1.5461299590e-03,288,0,False
2021-12-18,7.2335652771e-04,288,0,False
2021-12-19,1.0147219029e-03,288,0,False
2021-12-20,9.3172335338e-04,288,0,False
2021-12-21,7.2623322419e-04,288,0,False
2021-12-22,4.8294522162e-04,288,0,False
2021-12-23,6.5987274524e-04,288,0,False
2021-12-24,6.3249295291e-04,288,0,False
2021-12-25,3.5829390779e-04,288,0,False
2021-12-26,5.4014031570e-04,288,0,False
2021-12-27,4.7086755009e-04,288,0,False
2021-12-28,1.2461784600e-03,288,0,False
2021-12-29,1.0787428855e-03,288,0,False
2021-12-30,7.0219474087e-04,288,0,False
2021-12-31,1.0444823625e-03,288,0,False
2022-01-01,7.1791927852e-04,288,0,False
2022-01-02,5.4053596585e-04,288,0,False
2022-01-03,5.6604550844e-04,288,0,False
2022-01-04,8.3600930494e-04,288,0,False
2022-01-05,1.8223829506e-03,288,0,False
2022-01-06,8.2816938166e-04,288,0,False
2022-01-07,2.1183180512e-03,288,0,False
2022-01-08,9.6655986003e-04,288,0,False
2022-01-09,7.0527854588e-04,288,0,False
2022-01-10,2.1742135318e-03,288,0,False
2022-01-11,9.5360058054e-04,288,0,False
2022-01-12,6.3773228100e-04,288,0,False
2022-01-13,8.5012746687e-04,288,0,False
2022-01-14,7.4635331177e-04,288,0,False
2022-01-15,3.6383988134e-04,288,0,False
2022-01-16,3.6965377159e-04,288,0,False
2022-01-17,6.1286930099e-04,288,0,False
2022-01-18,6.5919534855e-04,288,0,False
2022-01-19,8.0572002113e-04,288,0,False
2022-01-20,9.0533924178e-04,288,0,False
2022-01-21,4.8418914574e-03,288,0,False
2022-01-22,4.9496814526e-03,288,0,False
2022-01-23,1.6847499680e-03,288,0,False
2022-01-24,4.3269255077e-03,288,0,False
2022-01-25,1.8225025050e-03,288,0,False
2022-01-26,3.3106045532e-03,288,0,False
2022-01-27,2.1241215189e-03,288,0,False
2022-01-28,1.3760909713e-03,288,0,False
2022-01-29,8.5363344248e-04,288,0,False
2022-01-30,5.3712677257e-04,288,0,False
2022-01-31,9.5594068407e-04,288,0,False
2022-02-01,1.0033707015e-03,288,0,False
2022-02-02,8.1757523049e-04,288,0,False
2022-02-03,1.0624416778e-03,288,0,False
2022-02-04,1.7143236717e-03,288,0,False
2022-02-05,6.6301129038e-04,288,0,False
2022-02-06,6.6926964216e-04,288,0,False
2022-02-07,9.6548304531e-04,288,0,False
2022-02-08,1.4649702655e-03,288,0,False
2022-02-09,9.5792446368e-04,288,0,False
2022-02-10,2.2069104811e-03,288,0,False
2022-02-11,1.7735797431e-03,288,0,False
2022-02-12,7.4872207772e-04,288,0,False
2022-02-13,4.6845294754e-04,288,0,False
2022-02-14,5.7393468389e-04,288,0,False
2022-02-15,5.5413961111e-04,288,0,False
2022-02-16,4.3695098449e-04,288,0,False
2022-02-17,1.0967447797e-03,288,0,False
2022-02-18,1.2914037543e-03,288,0,False
2022-02-19,3.8069897599e-04,288,0,False
2022-02-20,6.9444284795e-04,288,0,False
2022-02-21,2.8731070328e-03,288,0,False
2022-02-22,1.7508162007e-03,288,0,False
2022-02-23,1.0583601060e-03,288,0,False
2022-02-24,5.7232865730e-03,288,0,False
2022-02-25,1.8369247393e-03,288,0,False
2022-02-26,8.6205464289e-04,288,0,False
2022-02-27,1.8805210572e-03,288,0,False
2022-02-28,3.8564312607e-03,288,0,False
2022-03-01,1.4402036498e-03,288,0,False
2022-03-02,1.6484526462e-03,288,0,False
2022-03-03,1.0776329682e-03,288,0,False
2022-03-04,1.9556788252e-03,288,0,False
2022-03-05,4.9898960724e-04,288,0,False
2022-03-06,1.1018911801e-03,288,0,False
2022-03-07,1.8763007992e-03,288,0,False
2022-03-08,1.5124958997e-03,288,0,False
2022-03-09,1.4435185771e-03,288,0,False
2022-03-10,2.4468009018e-03,288,0,False
2022-03-11,1.6167570854e-03,288,0,False
2022-03-12,3.3636519992e-04,288,0,False
2022-03-13,7.0384390574e-04,288,0,False
2022-03-14,1.2957481650e-03,288,0,False
2022-03-15,7.6048636865e-04,288,0,False
2022-03-16,4.2006650763e-03,288,0,False
2022-03-17,5.4464734420e-04,288,0,False
2022-03-18,6.1367881410e-04,288,0,False
2022-03-19,2.7805669458e-04,288,0,False
2022-03-20,3.7510082754e-04,288,0,False
2022-03-21,6.9324127160e-04,288,0,False
2022-03-22,1.1400398165e-03,288,0,False
2022-03-23,5.5271038159e-04,288,0,False
2022-03-24,5.4628557007e-04,288,0,False
2022-03-25,4.3083483991e-04,288,0,False
2022-03-26,2.0863342526e-04,288,0,False
2022-03-27,1.2945887318e-03,288,0,False
2022-03-28,6.9284187559e-04,288,0,False
2022-03-29,4.7349034330e-04,288,0,False
2022-03-30,4.3841377174e-04,288,0,False
2022-03-31,6.6899670937e-04,288,0,False
2022-04-01,7.9269832328e-04,288,0,False
2022-04-02,7.2185078991e-04,288,0,False
2022-04-03,6.8854538746e-04,288,0,False
2022-04-04,5.0281888812e-04,288,0,False
2022-04-05,5.0671088535e-04,288,0,False
2022-04-06,1.1250558993e-03,288,0,False
2022-04-07,6.8033105174e-04,288,0,False
2022-04-08,7.9282459746e-04,288,0,False
2022-04-09,2.4488638859e-04,288,0,False
2022-04-10,3.5052154202e-04,288,0,False
2022-04-11,1.2564662360e-03,288,0,False
2022-04-12,8.1825958023e-04,288,0,False
2022-04-13,8.7191912178e-04,288,0,False
2022-04-14,4.9289249959e-04,288,0,False
2022-04-15,4.9534061041e-04,288,0,False
2022-04-16,2.0898927227e-04,288,0,False
2022-04-17,3.0818650706e-04,288,0,False
2022-04-18,1.0497213665e-03,288,0,False
2022-04-19,3.4873081142e-04,288,0,False
2022-04-20,4.7577553185e-04,288,0,False
2022-04-21,9.7804064416e-04,288,0,False
2022-04-22,8.2163884727e-04,288,0,False
2022-04-23,2.2507445428e-04,288,0,False
2022-04-24,3.8152454151e-04,288,0,False
2022-04-25,1.5412492162e-03,288,0,False
2022-04-26,1.2124086127e-03,288,0,False
2022-04-27,8.7266260305e-04,288,0,False
2022-04-28,1.1678202475e-03,288,0,False
2022-04-29,7.1347311289e-04,288,0,False
2022-04-30,3.9836065098e-04,288,0,False
2022-05-01,5.6997346399e-04,288,0,False
2022-05-02,7.3574040793e-04,288,0,False
2022-05-03,4.0104676482e-04,288,0,False
2022-05-04,6.5663073340e-04,288,0,False
2022-05-05,1.9240350247e-03,288,0,False
2022-05-06,1.0662057485e-03,288,0,False
2022-05-07,5.0460023355e-04,288,0,False
2022-05-08,1.1043274467e-03,288,0,False
2022-05-09,4.9106857789e-03,288,0,False
2022-05-10,4.2919077332e-03,288,0,False
2022-05-11,1.1158367502e-02,288,0,False
2022-05-12,1.1135855975e-02,288,0,False
2022-05-13,3.1318937645e-03,288,0,False
2022-05-14,1.3227013471e-03,288,0,False
2022-05-15,1.4198435510e-03,288,0,False
2022-05-16,1.8624376170e-03,288,0,False
2022-05-17,1.2773738872e-03,288,0,False
2022-05-18,1.2837143318e-03,288,0,False
2022-05-19,1.3058552928e-03,288,0,False
2022-05-20,1.1583146256e-03,288,0,False
2022-05-21,4.6346765255e-04,288,0,False
2022-05-22,6.6202836214e-04,288,0,False
2022-05-23,9.4665797599e-04,288,0,False
2022-05-24,7.1315532359e-04,288,0,False
2022-05-25,7.2786367649e-04,288,0,False
2022-05-26,1.5990158388e-03,288,0,False
2022-05-27,1.2685652689e-03,288,0,False
2022-05-28,3.7507956726e-04,288,0,False
2022-05-29,2.7408418010e-04,288,0,False
2022-05-30,1.4057428880e-03,288,0,False
2022-05-31,8.9627296750e-04,288,0,False
2022-06-01,1.1730867926e-03,288,0,False
2022-06-02,9.5099091830e-04,288,0,False
2022-06-03,5.9888376574e-04,288,0,False
2022-06-04,2.4031191037e-04,288,0,False
2022-06-05,3.0515602942e-04,288,0,False
2022-06-06,7.1711079484e-04,288,0,False
2022-06-07,3.7063883971e-03,288,0,False
2022-06-08,1.5556328150e-03,288,0,False
2022-06-09,5.6175082688e-04,288,0,False
2022-06-10,1.3832106961e-03,288,0,False
2022-06-11,8.0200917711e-04,288,0,False
2022-06-12,1.9967557916e-03,288,0,False
2022-06-13,7.7596669291e-03,288,0,False
2022-06-14,8.0421694866e-03,288,0,False
2022-06-15,1.0206740419e-02,288,0,False
2022-06-16,3.3760310653e-03,288,0,False
2022-06-17,2.1060066623e-03,288,0,False
2022-06-18,7.4908784520e-03,288,0,False
2022-06-19,6.8138519220e-03,288,0,False
2022-06-20,3.3342278778e-03,288,0,False
2022-06-21,2.2936583336e-03,288,0,False
2022-06-22,2.3681821871e-03,288,0,False
2022-06-23,1.6456851009e-03,288,0,False
2022-06-24,1.2760994877e-03,288,0,False
2022-06-25,6.9811115712e-04,288,0,False
2022-06-26,7.4293753147e-04,288,0,False
2022-06-27,8.5499191643e-04,288,0,False
2022-06-28,6.8082102036e-04,288,0,False
2022-06-29,8.8631277196e-04,288,0,False
2022-06-30,2.4491111637e-03,288,0,False
2022-07-01,3.7062681098e-03,288,0,False
2022-07-02,4.7972248175e-04,288,0,False
2022-07-03,1.1756198155e-03,288,0,False
2022-07-04,9.5102555786e-04,288,0,False
2022-07-05,1.4581929877e-03,288,0,False
2022-07-06,1.4536801541e-03,288,0,False
2022-07-07,9.3235637701e-04,288,0,False
2022-07-08,2.6814609903e-03,288,0,False
2022-07-09,8.0878462821e-04,288,0,False
2022-07-10,7.7081886494e-04,288,0,False
2022-07-11,7.9340782578e-04,288,0,False
2022-07-12,8.6444914640e-04,288,0,False
2022-07-13,3.1986563581e-03,288,0,False
2022-07-14,1.2602511488e-03,288,0,False
2022-07-15,1.0898695188e-03,288,0,False
2022-07-16,9.4695730864e-04,288,0,False
2022-07-17,9.2230464768e-04,288,0,False
2022-07-18,2.4612953669e-03,288,0,False
2022-07-19,3.0112465521e-03,288,0,False
2022-07-20,2.4527589570e-03,288,0,False
2022-07-21,1.5756631750e-03,288,0,False
2022-07-22,1.3269514169e-03,288,0,False
2022-07-23,8.7608884612e-04,288,0,False
2022-07-24,1.0227062246e-03,288,0,False
2022-07-25,1.2598747772e-03,288,0,False
2022-07-26,7.0188687299e-04,288,0,False
2022-07-27,1.4000099458e-03,288,0,False
2022-07-28,1.7636825581e-03,288,0,False
2022-07-29,1.4638962520e-03,288,0,False
2022-07-30,1.0950856117e-03,288,0,False
2022-07-31,1.1051366946e-03,288,0,False
2022-08-01,6.9288596790e-04,288,0,False
2022-08-02,1.3288166605e-03,288,0,False
2022-08-03,6.2874880886e-04,288,0,False
2022-08-04,7.8547260590e-04,288,0,False
2022-08-05,7.8867831996e-04,288,0,False
2022-08-06,2.7518756231e-04,288,0,False
2022-08-07,2.4470017012e-04,288,0,False
2022-08-08,6.1104255881e-04,288,0,False
2022-08-09,4.2693575307e-04,288,0,False
2022-08-10,1.2096771739e-03,288,0,False
2022-08-11,9.1226446510e-04,288,0,False
2022-08-12,4.8581606355e-04,288,0,False
2022-08-13,4.9084131133e-04,288,0,False
2022-08-14,4.0780038780e-04,288,0,False
2022-08-15,9.8358792203e-04,288,0,False
2022-08-16,5.6024736572e-04,288,0,False
2022-08-17,7.1506652103e-04,288,0,False
2022-08-18,3.2756355952e-04,288,0,False
2022-08-19,2.1620604700e-03,288,0,False
2022-08-20,6.9542245467e-04,288,0,False
2022-08-21,6.6468770913e-04,288,0,False
2022-08-22,6.8511078130e-04,288,0,False
2022-08-23,7.1044660845e-04,288,0,False
2022-08-24,5.8676831092e-04,288,0,False
2022-08-25,3.6235403608e-04,288,0,False
2022-08-26,1.6995015399e-03,288,0,False
2022-08-27,4.7932800245e-04,288,0,False
2022-08-28,3.3499490213e-04,288,0,False
2022-08-29,5.9679331536e-04,288,0,False
2022-08-30,8.2142627421e-04,288,0,False
2022-08-31,9.0563201259e-04,288,0,False
2022-09-01,6.9363813190e-04,288,0,False
2022-09-02,6.8947110392e-04,288,0,False
2022-09-03,2.1366755384e-04,288,0,False
2022-09-04,2.3294628895e-04,288,0,False
2022-09-05,2.6942942662e-04,288,0,False
2022-09-06,1.0217337781e-03,288,0,False
2022-09-07,6.8330783134e-04,288,0,False
2022-09-08,6.0283003406e-04,288,0,False
2022-09-09,1.2508312297e-03,288,0,False
2022-09-10,7.0047052122e-04,288,0,False
2022-09-11,6.0808927885e-04,288,0,False
2022-09-12,1.1198363600e-03,288,0,False
2022-09-13,2.6928340917e-03,288,0,False
2022-09-14,1.0048279733e-03,288,0,False
2022-09-15,1.0355328036e-03,288,0,False
2022-09-16,5.7409263348e-04,288,0,False
2022-09-17,3.5896277281e-04,288,0,False
2022-09-18,6.4534418057e-04,288,0,False
2022-09-19,2.1573519047e-03,288,0,False
2022-09-20,1.1824337180e-03,288,0,False
2022-09-21,4.4969811882e-03,288,0,False
2022-09-22,1.2590947276e-03,288,0,False
2022-09-23,1.0849267315e-03,288,0,False
2022-09-24,6.1284378247e-04,288,0,False
2022-09-25,4.4545870943e-04,288,0,False
2022-09-26,8.2006243753e-04,288,0,False
2022-09-27,1.7474559313e-03,288,0,False
2022-09-28,1.6735673155e-03,288,0,False
2022-09-29,1.4185073788e-03,288,0,False
2022-09-30,1.2999475287e-03,288,0,False
2022-10-01,1.8874253069e-04,288,0,False
2022-10-02,3.3949194911e-04,288,0,False
2022-10-03,4.7571144826e-04,288,0,False
2022-10-04,5.7354229110e-04,288,0,False
2022-10-05,6.3180534460e-04,288,0,False
2022-10-06,6.5505153494e-04,288,0,False
2022-10-07,4.4927810908e-04,288,0,False
2022-10-08,1.3200010755e-04,288,0,False
2022-10-09,1.7968315016e-04,288,0,False
2022-10-10,3.6419283806e-04,288,0,False
2022-10-11,3.5168054286e-04,288,0,False
2022-10-12,1.9400145203e-04,288,0,False
2022-10-13,1.4611629668e-03,288,0,False
2022-10-14,7.5860483247e-04,288,0,False
2022-10-15,1.1289523637e-04,288,0,False
2022-10-16,2.0947365014e-04,288,0,False
2022-10-17,3.1235863589e-04,288,0,False
2022-10-18,3.2402859749e-04,288,0,False
2022-10-19,2.0834890234e-04,288,0,False
2022-10-20,3.0271930361e-04,288,0,False
2022-10-21,3.8697110888e-04,288,0,False
2022-10-22,3.5114698792e-05,288,0,False
2022-10-23,1.9026874696e-04,288,0,False
2022-10-24,2.5057982129e-04,288,0,False
2022-10-25,8.1176692018e-04,288,0,False
2022-10-26,1.0848150088e-03,288,0,False
2022-10-27,5.2999149473e-04,288,0,False
2022-10-28,4.0467443129e-04,288,0,False
2022-10-29,3.7382675608e-04,288,0,False
2022-10-30,2.2156426602e-04,288,0,False
2022-10-31,5.2022142020e-04,288,0,False
2022-11-01,1.8144783317e-04,288,0,False
2022-11-02,5.6685035608e-04,288,0,False
2022-11-03,2.2691545825e-04,288,0,False
2022-11-04,7.8270212028e-04,288,0,False
2022-11-05,2.1922530049e-04,288,0,False
2022-11-06,1.9747955893e-04,288,0,False
2022-11-07,3.5156541933e-04,288,0,False
2022-11-08,7.3872432154e-03,288,0,False
2022-11-09,8.1655652229e-03,288,0,False
2022-11-10,9.0957176753e-03,288,0,False
2022-11-11,3.7203079540e-03,288,0,False
2022-11-12,5.3163800896e-04,288,0,False
2022-11-13,8.3621353954e-04,288,0,False
2022-11-14,3.4899769595e-03,288,0,False
2022-11-15,9.8741880536e-04,288,0,False
2022-11-16,5.9150265386e-04,288,0,False
2022-11-17,3.8977445908e-04,288,0,False
2022-11-18,3.3098507179e-04,288,0,False
2022-11-19,1.0625349569e-04,288,0,False
2022-11-20,3.4877318770e-04,288,0,False
2022-11-21,1.2470767698e-03,288,0,False
2022-11-22,6.5732139258e-04,288,0,False
2022-11-23,6.0894721847e-04,288,0,False
2022-11-24,3.1396951563e-04,288,0,False
2022-11-25,2.1676285217e-04,288,0,False
2022-11-26,1.4401599972e-04,288,0,False
2022-11-27,1.2512305758e-04,288,0,False
2022-11-28,4.3816133651e-04,288,0,False
2022-11-29,2.3521600794e-04,288,0,False
2022-11-30,7.9573774234e-04,288,0,False
2022-12-01,2.5173954916e-04,288,0,False
2022-12-02,2.3586354066e-04,288,0,False
2022-12-03,8.3875766454e-05,288,0,False
2022-12-04,1.7409662285e-04,288,0,False
2022-12-05,2.9063722745e-04,288,0,False
2022-12-06,1.4841169206e-04,288,0,False
2022-12-07,1.8816924773e-04,288,0,False
2022-12-08,2.0632056028e-04,288,0,False
2022-12-09,1.1276960381e-04,288,0,False
2022-12-10,4.1412929670e-05,288,0,False
2022-12-11,6.8868588502e-05,288,0,False
2022-12-12,1.3282139630e-04,288,0,False
2022-12-13,7.1909378577e-04,288,0,False
2022-12-14,6.3187042513e-04,288,0,False
2022-12-15,2.6817125161e-04,288,0,False
2022-12-16,5.5439886253e-04,288,0,False
2022-12-17,1.6428633361e-04,288,0,False
2022-12-18,1.0129074912e-04,288,0,False
2022-12-19,3.1408112388e-04,288,0,False
2022-12-20,3.6551077382e-04,288,0,False
2022-12-21,1.3166484574e-04,288,0,False
2022-12-22,1.9817147232e-04,288,0,False
2022-12-23,1.0519215825e-04,288,0,False
2022-12-24,2.6397384928e-05,288,0,False
2022-12-25,6.8069022282e-05,288,0,False
2022-12-26,3.9949923671e-05,288,0,False
2022-12-27,9.9707859919e-05,288,0,False
2022-12-28,1.6425367296e-04,288,0,False
2022-12-29,6.9422065693e-05,288,0,False
2022-12-30,1.2873803334e-04,288,0,False
2022-12-31,3.8695125245e-05,288,0,False
2023-01-01,2.9379223407e-05,288,0,False
2023-01-02,8.9982953643e-05,288,0,False
2023-01-03,6.7200086395e-05,288,0,False
2023-01-04,1.3152638034e-04,288,0,False
2023-01-05,4.9474909885e-05,288,0,False
2023-01-06,1.2800822227e-04,288,0,False
2023-01-07,1.6484137405e-05,288,0,False
2023-01-08,5.7096589603e-05,288,0,False
2023-01-09,1.5471839675e-04,288,0,False
2023-01-10,1.1610809875e-04,288,0,False
2023-01-11,5.2713334504e-04,288,0,False
2023-01-12,1.8411218125e-03,288,0,False
2023-01-13,7.2131745850e-04,288,0,False
2023-01-14,2.5347358242e-03,288,0,False
2023-01-15,6.6136198126e-04,288,0,False
2023-01-16,1.1711200838e-03,288,0,False
2023-01-17,6.6835265500e-04,288,0,False
2023-01-18,1.1976959457e-03,288,0,False
2023-01-19,2.4663130579e-04,288,0,False
2023-01-20,8.5412894707e-04,288,0,False
2023-01-21,1.3992517765e-03,288,0,False
2023-01-22,6.5486592155e-04,288,0,False
2023-01-23,8.9246339050e-04,288,0,False
2023-01-24,5.4061002279e-04,288,0,False
2023-01-25,1.0458814228e-03,288,0,False
2023-01-26,3.8467928792e-04,288,0,False
2023-01-27,5.6812270864e-04,288,0,False
2023-01-28,1.0432044259e-04,288,0,False
2023-01-29,5.3916430667e-04,288,0,False
2023-01-30,5.5090084633e-04,288,0,False
2023-01-31,3.6181308467e-04,288,0,False
2023-02-01,5.3856347995e-04,288,0,False
2023-02-02,7.8826794829e-04,288,0,False
2023-02-03,3.7196377233e-04,288,0,False
2023-02-04,1.2516612339e-04,288,0,False
2023-02-05,2.0678348459e-04,288,0,False
2023-02-06,3.3414926837e-04,288,0,False
2023-02-07,4.6739334873e-04,288,0,False
2023-02-08,2.7347146380e-04,288,0,False
2023-02-09,6.5904238615e-04,288,0,False
2023-02-10,2.7713188627e-04,288,0,False
2023-02-11,1.1233048717e-04,288,0,False
2023-02-12,1.6388937064e-04,288,0,False
2023-02-13,3.9912322742e-04,288,0,False
2023-02-14,5.6639316496e-04,288,0,False
2023-02-15,9.4875294448e-04,288,0,False
2023-02-16,1.5234985638e-03,288,0,False
2023-02-17,1.4972411024e-03,288,0,False
2023-02-18,2.5992956097e-04,288,0,False
2023-02-19,5.3269114119e-04,288,0,False
2023-02-20,8.0197570989e-04,288,0,False
2023-02-21,7.0624224061e-04,288,0,False
2023-02-22,7.8713901726e-04,288,0,False
2023-02-23,7.9588195161e-04,288,0,False
2023-02-24,8.3263138729e-04,288,0,False
2023-02-25,2.3934532275e-04,288,0,False
2023-02-26,3.0321775843e-04,288,0,False
2023-02-27,5.2045690412e-04,288,0,False
2023-02-28,4.0212287659e-04,288,0,False
2023-03-01,6.5459270126e-04,288,0,False
2023-03-02,2.9022666820e-04,288,0,False
2023-03-03,8.9124569344e-04,288,0,False
2023-03-04,8.4214358307e-05,288,0,False
2023-03-05,3.5813186903e-04,288,0,False
2023-03-06,1.6218304076e-04,288,0,False
2023-03-07,4.5080019581e-04,288,0,False
2023-03-08,3.9044272436e-04,288,0,False
2023-03-09,1.0812239311e-03,288,0,False
2023-03-10,1.4238335645e-03,288,0,False
2023-03-11,1.0173456550e-03,288,0,False
2023-03-12,1.6059981617e-03,288,0,False
2023-03-13,3.1851470572e-03,288,0,False
2023-03-14,4.2789654172e-03,288,0,False
2023-03-15,2.0139509019e-03,288,0,False
2023-03-16,1.2742425183e-03,288,0,False
2023-03-17,2.1543386935e-03,288,0,False
2023-03-18,1.3313891440e-03,288,0,False
2023-03-19,9.6055216518e-04,288,0,False
2023-03-20,1.3518982282e-03,288,0,False
2023-03-21,8.0133975026e-04,288,0,False
2023-03-22,1.8962928933e-03,288,0,False
2023-03-23,1.1975967672e-03,288,0,False
2023-03-24,7.2760197973e-04,271,80,True
2023-03-25,3.3577651259e-04,288,0,False
2023-03-26,4.1348659942e-04,288,0,False
2023-03-27,8.6759744207e-04,288,0,False
2023-03-28,6.8050638176e-04,288,0,False
2023-03-29,7.3416535241e-04,288,0,False
2023-03-30,9.8590825548e-04,288,0,False
2023-03-31,6.7424221320e-04,288,0,False
2023-04-01,2.2355527149e-04,288,0,False
2023-04-02,2.0629191980e-04,288,0,False
2023-04-03,8.7855583927e-04,288,0,False
2023-04-04,4.5158052777e-04,288,0,False
2023-04-05,5.8001073408e-04,288,0,False
2023-04-06,2.5512048123e-04,288,0,False
2023-04-07,1.5267791406e-04,288,0,False
2023-04-08,6.7225815743e-05,288,0,False
2023-04-09,1.9331468211e-04,288,0,False
2023-04-10,5.6907650112e-04,288,0,False
2023-04-11,5.5041608160e-04,288,0,False
2023-04-12,5.1626638532e-04,288,0,False
2023-04-13,2.4927353005e-04,288,0,False
2023-04-14,5.7424870702e-04,288,0,False
2023-04-15,9.9018756326e-05,288,0,False
2023-04-16,1.4085589211e-04,288,0,False
2023-04-17,4.0407718389e-04,288,0,False
2023-04-18,3.7273198378e-04,288,0,False
2023-04-19,7.1925669827e-04,288,0,False
2023-04-20,5.7786746397e-04,288,0,False
2023-04-21,5.9029917325e-04,288,0,False
2023-04-22,1.9746565726e-04,288,0,False
2023-04-23,4.2066025452e-04,288,0,False
2023-04-24,5.5704000378e-04,288,0,False
2023-04-25,4.4035991397e-04,288,0,False
2023-04-26,2.7282539889e-03,288,0,False
2023-04-27,2.0061299793e-03,288,0,False
2023-04-28,5.1292974764e-04,288,0,False
2023-04-29,9.9920191894e-05,288,0,False
2023-04-30,5.4445458062e-04,288,0,False
2023-05-01,9.1161128973e-04,288,0,False
2023-05-02,5.3327193778e-04,288,0,False
2023-05-03,6.0454114300e-04,288,0,False
2023-05-04,4.0072098893e-04,288,0,False
2023-05-05,5.7511048808e-04,288,0,False
2023-05-06,4.5976560369e-04,288,0,False
2023-05-07,2.9611439068e-04,288,0,False
2023-05-08,9.0347649887e-04,288,0,False
2023-05-09,3.3250682918e-04,288,0,False
2023-05-10,1.6255781320e-03,288,0,False
2023-05-11,5.0545272369e-04,288,0,False
2023-05-12,7.4675369880e-04,288,0,False
2023-05-13,2.5356490549e-04,288,0,False
2023-05-14,1.7346383741e-04,288,0,False
2023-05-15,3.5680064367e-04,288,0,False
2023-05-16,3.0403038888e-04,288,0,False
2023-05-17,3.4462893174e-04,288,0,False
2023-05-18,4.9384786617e-04,288,0,False
2023-05-19,3.2073754505e-04,288,0,False
2023-05-20,6.8748219372e-05,288,0,False
2023-05-21,1.8792951992e-04,288,0,False
2023-05-22,2.2940931975e-04,288,0,False
2023-05-23,1.9958460107e-04,288,0,False
2023-05-24,4.1597612393e-04,288,0,False
2023-05-25,3.3179549373e-04,288,0,False
2023-05-26,2.1201665440e-04,288,0,False
2023-05-27,7.2085762013e-05,288,0,False
2023-05-28,3.9088601977e-04,288,0,False
2023-05-29,3.0479986151e-04,288,0,False
2023-05-30,3.0461337839e-04,288,0,False
2023-05-31,3.1359330818e-04,288,0,False
2023-06-01,3.9193210688e-04,288,0,False
2023-06-02,2.7731979873e-04,288,0,False
2023-06-03,8.6638581849e-05,288,0,False
2023-06-04,1.4898035726e-04,288,0,False
2023-06-05,9.6598170256e-04,288,0,False
2023-06-06,8.5718118546e-04,288,0,False
2023-06-07,8.3217527355e-04,288,0,False
2023-06-08,3.2369922732e-04,288,0,False
2023-06-09,2.5788341999e-04,288,0,False
2023-06-10,1.0177400831e-03,288,0,False
2023-06-11,2.6718381538e-04,288,0,False
2023-06-12,3.0067697460e-04,288,0,False
2023-06-13,3.3578901796e-04,288,0,False
2023-06-14,7.2780537515e-04,288,0,False
2023-06-15,3.9697786840e-04,288,0,False
2023-06-16,4.7215321627e-04,288,0,False
2023-06-17,2.8799585663e-04,288,0,False
2023-06-18,1.6614906524e-04,288,0,False
2023-06-19,4.0067539691e-04,288,0,False
2023-06-20,7.6313443562e-04,288,0,False
2023-06-21,1.2986686257e-03,288,0,False
2023-06-22,6.6884192566e-04,288,0,False
2023-06-23,8.7606969494e-04,288,0,False
2023-06-24,2.6955630334e-04,288,0,False
2023-06-25,2.7519318174e-04,288,0,False
2023-06-26,5.1965356957e-04,288,0,False
2023-06-27,4.4241399001e-04,288,0,False
2023-06-28,4.1578659487e-04,288,0,False
2023-06-29,3.3802669815e-04,288,0,False
2023-06-30,1.7319012248e-03,288,0,False
2023-07-01,8.3731500594e-05,288,0,False
2023-07-02,2.7698240933e-04,288,0,False
2023-07-03,2.5063445172e-04,288,0,False
2023-07-04,1.7566290374e-04,288,0,False
2023-07-05,1.9112033311e-04,288,0,False
2023-07-06,6.6636942149e-04,288,0,False
2023-07-07,3.0850059222e-04,288,0,False
2023-07-08,7.5887707135e-05,288,0,False
2023-07-09,8.0318880105e-05,288,0,False
2023-07-10,3.4568612879e-04,288,0,False
2023-07-11,2.1182137549e-04,288,0,False
2023-07-12,2.5038855428e-04,288,0,False
2023-07-13,5.8071912397e-04,288,0,False
2023-07-14,5.2806523405e-04,288,0,False
2023-07-15,4.8084662013e-05,288,0,False
2023-07-16,9.1671019813e-05,288,0,False
2023-07-17,3.7225117978e-04,288,0,False
2023-07-18,2.4953578590e-04,288,0,False
2023-07-19,1.6675964236e-04,288,0,False
2023-07-20,2.4382512786e-04,288,0,False
2023-07-21,1.3175998926e-04,288,0,False
2023-07-22,5.7802997240e-05,288,0,False
2023-07-23,1.0246550680e-04,288,0,False
2023-07-24,3.9506984199e-04,288,0,False
2023-07-25,1.1430286045e-04,288,0,False
2023-07-26,2.0064032084e-04,288,0,False
2023-07-27,9.5543475647e-05,288,0,False
2023-07-28,8.3917936954e-05,288,0,False
2023-07-29,1.9955445599e-05,288,0,False
2023-07-30,8.2829770957e-05,288,0,False
2023-07-31,1.2723821337e-04,288,0,False
2023-08-01,2.7580343149e-04,288,0,False
2023-08-02,3.2830562229e-04,288,0,False
2023-08-03,1.3557649574e-04,288,0,False
2023-08-04,1.1165932910e-04,288,0,False
2023-08-05,2.1625500784e-05,288,0,False
2023-08-06,3.2491510804e-05,288,0,False
2023-08-07,1.6530873348e-04,288,0,False
2023-08-08,3.0237789831e-04,288,0,False
2023-08-09,2.2002398821e-04,288,0,False
2023-08-10,1.0839310795e-04,288,0,False
2023-08-11,6.5018275788e-05,288,0,False
2023-08-12,8.2928783681e-06,288,0,False
2023-08-13,1.7318194707e-05,288,0,False
2023-08-14,1.1628643630e-04,288,0,False
2023-08-15,1.0400844229e-04,288,0,False
2023-08-16,1.3443272707e-04,288,0,False
2023-08-17,1.0196258025e-02,288,0,False
2023-08-18,8.5094307170e-04,288,0,False
2023-08-19,1.8920536859e-04,288,0,False
2023-08-20,1.2187802193e-04,288,0,False
2023-08-21,1.7394648297e-04,288,0,False
2023-08-22,3.3009955675e-04,288,0,False
2023-08-23,4.4561032542e-04,288,0,False
2023-08-24,2.0365171862e-04,288,0,False
2023-08-25,1.7389887175e-04,288,0,False
2023-08-26,3.0427834213e-05,288,0,False
2023-08-27,3.4640739870e-05,288,0,False
2023-08-28,1.4218254559e-04,288,0,False
2023-08-29,1.2273617173e-03,288,0,False
2023-08-30,2.8196190647e-04,288,0,False
2023-08-31,5.0075413448e-04,288,0,False
2023-09-01,4.5741649828e-04,288,0,False
2023-09-02,6.4232647279e-05,288,0,False
2023-09-03,1.0959851909e-04,288,0,False
2023-09-04,1.3187861085e-04,288,0,False
2023-09-05,1.4162835048e-04,288,0,False
2023-09-06,2.2330788080e-04,288,0,False
2023-09-07,2.8427025154e-04,288,0,False
2023-09-08,2.4805088697e-04,288,0,False
2023-09-09,2.9282336098e-05,288,0,False
2023-09-10,1.0893684511e-04,288,0,False
2023-09-11,3.7997936037e-04,288,0,False
2023-09-12,7.4709300432e-04,288,0,False
2023-09-13,3.0919000963e-04,288,0,False
2023-09-14,3.3934777153e-04,288,0,False
2023-09-15,1.9779227137e-04,288,0,False
2023-09-16,9.1216634610e-05,288,0,False
2023-09-17,5.6304673839e-05,288,0,False
2023-09-18,4.2488190112e-04,288,0,False
2023-09-19,4.0671789509e-04,288,0,False
2023-09-20,3.7803332951e-04,288,0,False
2023-09-21,1.8857549649e-04,288,0,False
2023-09-22,1.1908468304e-04,288,0,False
2023-09-23,2.1761880862e-05,288,0,False
2023-09-24,1.0631361870e-04,288,0,False
2023-09-25,2.0616511353e-04,288,0,False
2023-09-26,1.0835527270e-04,288,0,False
2023-09-27,2.0168016948e-04,288,0,False
2023-09-28,3.9852572118e-04,288,0,False
2023-09-29,3.0112818238e-04,288,0,False
2023-09-30,4.8559366213e-05,288,0,False
2023-10-01,6.8438128574e-04,288,0,False
2023-10-02,8.4694490511e-04,288,0,False
2023-10-03,2.6076950553e-04,288,0,False
2023-10-04,2.9805917940e-04,288,0,False
2023-10-05,3.4234645006e-04,288,0,False
2023-10-06,6.3654135405e-04,288,0,False
2023-10-07,7.3619501271e-05,288,0,False
2023-10-08,1.5902738157e-04,288,0,False
2023-10-09,2.7976178658e-04,288,0,False
2023-10-10,1.8250351751e-04,288,0,False
2023-10-11,4.0943880600e-04,288,0,False
2023-10-12,1.4223450642e-04,288,0,False
2023-10-13,2.0486734839e-04,288,0,False
2023-10-14,3.4630172222e-05,288,0,False
2023-10-15,8.8414211166e-05,288,0,False
2023-10-16,3.7801693155e-03,288,0,False
2023-10-17,3.9805180577e-04,288,0,False
2023-10-18,3.3991476290e-04,288,0,False
2023-10-19,3.2725134734e-04,288,0,False
2023-10-20,6.4710407891e-04,288,0,False
2023-10-21,2.1544815950e-04,288,0,False
2023-10-22,1.9782808161e-04,288,0,False
2023-10-23,4.1206824309e-03,288,0,False
2023-10-24,2.7541072839e-03,288,0,False
2023-10-25,9.0089392707e-04,288,0,False
2023-10-26,5.0895768861e-04,288,0,False
2023-10-27,3.1808334888e-04,288,0,False
2023-10-28,1.6327616487e-04,288,0,False
2023-10-29,1.7027077769e-04,288,0,False
2023-10-30,3.0184060539e-04,288,0,False
2023-10-31,2.5109373100e-04,288,0,False
2023-11-01,6.6654278431e-04,288,0,False
2023-11-02,4.9431897857e-04,288,0,False
2023-11-03,3.6231513157e-04,288,0,False
2023-11-04,1.6061742763e-04,288,0,False
2023-11-05,3.9252725246e-04,288,0,False
2023-11-06,2.4647761180e-04,288,0,False
2023-11-07,4.5985641425e-04,288,0,False
2023-11-08,3.3610111874e-04,288,0,False
2023-11-09,1.4140538972e-03,288,0,False
2023-11-10,5.8410745610e-04,288,0,False
2023-11-11,2.0075358555e-04,288,0,False
2023-11-12,1.4591769545e-04,288,0,False
2023-11-13,3.6456032944e-04,288,0,False
2023-11-14,7.5802870295e-04,288,0,False
2023-11-15,1.0027912997e-03,288,0,False
2023-11-16,8.5940289558e-04,288,0,False
2023-11-17,6.9761738533e-04,288,0,False
2023-11-18,1.2654028945e-04,288,0,False
2023-11-19,2.2022805831e-04,288,0,False
2023-11-20,5.7947334397e-04,288,0,False
2023-11-21,7.0390697999e-04,288,0,False
2023-11-22,5.5239621686e-04,288,0,False
2023-11-23,2.1274985030e-04,288,0,False
2023-11-24,5.4542355091e-04,288,0,False
2023-11-25,5.2588349797e-05,288,0,False
2023-11-26,1.6812485056e-04,288,0,False
2023-11-27,3.3540036847e-04,288,0,False
2023-11-28,3.8151035171e-04,288,0,False
2023-11-29,2.9791515572e-04,288,0,False
2023-11-30,2.1498366906e-04,288,0,False
2023-12-01,3.2183326987e-04,288,0,False
2023-12-02,3.1706277429e-04,288,0,False
2023-12-03,2.1016413568e-04,288,0,False
2023-12-04,9.2047247896e-04,288,0,False
2023-12-05,8.4625753469e-04,288,0,False
2023-12-06,6.4365712746e-04,288,0,False
2023-12-07,3.8681080731e-04,288,0,False
2023-12-08,3.1866258656e-04,288,0,False
2023-12-09,2.0879873473e-04,288,0,False
2023-12-10,1.1668170983e-04,288,0,False
2023-12-11,1.8726811432e-03,288,0,False
2023-12-12,8.2839660545e-04,288,0,False
2023-12-13,8.5106251378e-04,288,0,False
2023-12-14,7.9850786102e-04,288,0,False
2023-12-15,3.5710098953e-04,288,0,False
2023-12-16,2.0278088616e-04,288,0,False
2023-12-17,3.8077298194e-04,288,0,False
2023-12-18,7.1520508146e-04,288,0,False
2023-12-19,5.3783615167e-04,288,0,False
2023-12-20,6.9670354521e-04,288,0,False
2023-12-21,4.2092016680e-04,288,0,False
2023-12-22,3.8664760491e-04,288,0,False
2023-12-23,1.3703525809e-04,288,0,False
2023-12-24,3.2110187991e-04,288,0,False
2023-12-25,2.9422031114e-04,288,0,False
2023-12-26,4.7741867740e-04,288,0,False
2023-12-27,3.8623886938e-04,288,0,False
2023-12-28,4.1566351399e-04,288,0,False
2023-12-29,5.0251693253e-04,288,0,False
2023-12-30,2.4914878511e-04,288,0,False
2023-12-31,2.6775675720e-04,288,0,False
2024-01-01,3.1324944483e-04,288,0,False
2024-01-02,1.0505775216e-03,288,0,False
2024-01-03,4.9266712150e-03,288,0,False
2024-01-04,8.2781105688e-04,288,0,False
2024-01-05,1.1248524694e-03,288,0,False
2024-01-06,1.8765105072e-04,288,0,False
2024-01-07,3.3092302346e-04,288,0,False
2024-01-08,1.1986223878e-03,288,0,False
2024-01-09,2.7688008044e-03,288,0,False
2024-01-10,2.2099571085e-03,288,0,False
2024-01-11,1.6814334630e-03,288,0,False
2024-01-12,2.2743296458e-03,288,0,False
2024-01-13,5.4167682324e-04,288,0,False
2024-01-14,4.4700843090e-04,288,0,False
2024-01-15,5.0624451298e-04,288,0,False
2024-01-16,7.2141383421e-04,288,0,False
2024-01-17,3.9211791617e-04,288,0,False
2024-01-18,6.4133210381e-04,288,0,False
2024-01-19,6.9274823093e-04,288,0,False
2024-01-20,1.2678145628e-04,288,0,False
2024-01-21,7.5250418984e-05,288,0,False
2024-01-22,1.0000426174e-03,288,0,False
2024-01-23,8.4508427843e-04,288,0,False
2024-01-24,5.3224431648e-04,288,0,False
2024-01-25,2.8099122506e-04,288,0,False
2024-01-26,5.3201619963e-04,288,0,False
2024-01-27,1.2753826338e-04,288,0,False
2024-01-28,3.3704980131e-04,288,0,False
2024-01-29,4.3003894620e-04,288,0,False
2024-01-30,4.5336991681e-04,288,0,False
2024-01-31,6.0403277009e-04,288,0,False
2024-02-01,4.3855258550e-04,288,0,False
2024-02-02,3.1939202049e-04,288,0,False
2024-02-03,8.2864051924e-05,288,0,False
2024-02-04,1.7216287352e-04,288,0,False
2024-02-05,3.2945820062e-04,288,0,False
2024-02-06,2.5240268114e-04,288,0,False
2024-02-07,3.6669919418e-04,288,0,False
2024-02-08,3.6163175595e-04,288,0,False
2024-02-09,8.2118861697e-04,288,0,False
2024-02-10,2.2135538691e-04,288,0,False
2024-02-11,2.7272341591e-04,288,0,False
2024-02-12,6.9118450188e-04,288,0,False
2024-02-13,7.1909043036e-04,288,0,False
2024-02-14,6.4898561268e-04,288,0,False
2024-02-15,6.8280573204e-04,288,0,False
2024-02-16,4.0465221165e-04,288,0,False
2024-02-17,3.1124252976e-04,288,0,False
2024-02-18,2.5171013497e-04,288,0,False
2024-02-19,2.7568702005e-04,288,0,False
2024-02-20,6.8713239957e-04,288,0,False
2024-02-21,4.4335310048e-04,288,0,False
2024-02-22,4.9298851098e-04,288,0,False
2024-02-23,3.0801062554e-04,288,0,False
2024-02-24,1.1051103620e-04,288,0,False
2024-02-25,1.3799713319e-04,288,0,False
2024-02-26,6.6610872006e-04,288,0,False
2024-02-27,1.3937169534e-03,288,0,False
2024-02-28,2.6096583059e-03,288,0,False
2024-02-29,1.8238098094e-03,288,0,False
2024-03-01,8.3292004839e-04,288,0,False
2024-03-02,2.6890773508e-04,288,0,False
2024-03-03,3.1268800744e-04,288,0,False
2024-03-04,2.3837529445e-03,288,0,False
2024-03-05,5.0127060889e-03,288,0,False
2024-03-06,2.5854556567e-03,288,0,False
2024-03-07,9.4135901179e-04,288,0,False
2024-03-08,1.6721200881e-03,288,0,False
2024-03-09,1.4872314247e-04,288,0,False
2024-03-10,4.7721205251e-04,288,0,False
2024-03-11,1.1513046244e-03,288,0,False
2024-03-12,1.1699113879e-03,288,0,False
2024-03-13,5.9307287836e-04,288,0,False
2024-03-14,1.5776808651e-03,288,0,False
2024-03-15,3.7530435407e-03,288,0,False
2024-03-16,1.2159390245e-03,288,0,False
2024-03-17,1.3043494577e-03,288,0,False
2024-03-18,1.3192672381e-03,288,0,False
2024-03-19,2.9423404633e-03,288,0,False
2024-03-20,2.7174074778e-03,288,0,False
2024-03-21,1.4512467089e-03,288,0,False
2024-03-22,1.3520214652e-03,288,0,False
2024-03-23,7.9711194197e-04,288,0,False
2024-03-24,8.2745950084e-04,288,0,False
2024-03-25,9.0892320052e-04,288,0,False
2024-03-26,8.4718118442e-04,288,0,False
2024-03-27,9.8157906022e-04,288,0,False
2024-03-28,6.0064274701e-04,288,0,False
2024-03-29,3.3516322854e-04,288,0,False
2024-03-30,1.3042014329e-04,288,0,False
2024-03-31,2.4619334544e-04,288,0,False
2024-04-01,5.3844265716e-04,288,0,False
2024-04-02,1.8576291899e-03,288,0,False
2024-04-03,7.2526097194e-04,288,0,False
2024-04-04,7.0977021548e-04,288,0,False
2024-04-05,9.6720600523e-04,288,0,False
2024-04-06,2.9205411872e-04,288,0,False
2024-04-07,3.7419564903e-04,288,0,False
2024-04-08,6.7460765875e-04,288,0,False
2024-04-09,7.8488762668e-04,288,0,False
2024-04-10,1.0902899010e-03,288,0,False
2024-04-11,7.4659693121e-04,288,0,False
2024-04-12,1.0147178765e-03,288,0,False
2024-04-13,4.1298053617e-03,288,0,False
2024-04-14,2.1227945120e-03,288,0,False
2024-04-15,1.2955094214e-03,288,0,False
2024-04-16,1.6034578758e-03,288,0,False
2024-04-17,1.8081251596e-03,288,0,False
2024-04-18,1.2932652606e-03,288,0,False
2024-04-19,2.6667887580e-03,288,0,False
2024-04-20,5.3347847737e-04,288,0,False
2024-04-21,3.6904206470e-04,288,0,False
2024-04-22,6.7250010955e-04,288,0,False
2024-04-23,3.3797046004e-04,288,0,False
2024-04-24,6.5198192654e-04,288,0,False
2024-04-25,6.0555231523e-04,288,0,False
2024-04-26,4.5906019628e-04,288,0,False
2024-04-27,4.5602525494e-04,288,0,False
2024-04-28,2.3956750008e-04,288,0,False
2024-04-29,5.4220113884e-04,288,0,False
2024-04-30,1.1253604021e-03,288,0,False
2024-05-01,2.1752166978e-03,288,0,False
2024-05-02,9.6574487773e-04,288,0,False
2024-05-03,9.1729237994e-04,288,0,False
2024-05-04,5.7193742841e-04,288,0,False
2024-05-05,3.7593659914e-04,288,0,False
2024-05-06,6.4617230832e-04,288,0,False
2024-05-07,6.2224978439e-04,288,0,False
2024-05-08,5.8672339136e-04,288,0,False
2024-05-09,4.7761447320e-04,288,0,False
2024-05-10,6.1248768139e-04,288,0,False
2024-05-11,1.7864054106e-04,288,0,False
2024-05-12,1.8534934177e-04,288,0,False
2024-05-13,5.6744343405e-04,288,0,False
2024-05-14,6.5331210518e-04,288,0,False
2024-05-15,9.8926232351e-04,288,0,False
2024-05-16,4.4641634234e-04,288,0,False
2024-05-17,4.6642961610e-04,288,0,False
2024-05-18,1.6796456300e-04,288,0,False
2024-05-19,2.6835171004e-04,288,0,False
2024-05-20,8.6778509620e-04,288,0,False
2024-05-21,5.2522071132e-04,288,0,False
2024-05-22,3.9952263365e-04,288,0,False
2024-05-23,8.5452164800e-04,288,0,False
2024-05-24,4.0418675953e-04,288,0,False
2024-05-25,1.1274643298e-04,288,0,False
2024-05-26,1.4182910255e-04,288,0,False
2024-05-27,4.2621157324e-04,288,0,False
2024-05-28,6.8123743468e-04,288,0,False
2024-05-29,3.9625790112e-04,288,0,False
2024-05-30,4.4409613782e-04,288,0,False
2024-05-31,4.0472099856e-04,288,0,False
2024-06-01,6.0569252671e-05,288,0,False
2024-06-02,1.9067049517e-04,288,0,False
2024-06-03,5.2293777923e-04,288,0,False
2024-06-04,4.2663268078e-04,288,0,False
2024-06-05,3.7560181280e-04,288,0,False
2024-06-06,2.3413756145e-04,288,0,False
2024-06-07,7.8926760173e-04,288,0,False
2024-06-08,5.0576445805e-05,288,0,False
2024-06-09,6.1847882378e-05,288,0,False
2024-06-10,1.6004486284e-04,288,0,False
2024-06-11,6.7362923267e-04,288,0,False
2024-06-12,1.0015743303e-03,288,0,False
2024-06-13,4.9072837285e-04,288,0,False
2024-06-14,5.1081861432e-04,288,0,False
2024-06-15,7.7050532998e-05,288,0,False
2024-06-16,1.0857507782e-04,288,0,False
2024-06-17,5.7832022533e-04,288,0,False
2024-06-18,9.5797657490e-04,288,0,False
2024-06-19,2.5061124845e-04,288,0,False
2024-06-20,3.8249632352e-04,288,0,False
2024-06-21,4.3968063457e-04,288,0,False
2024-06-22,5.1567626386e-05,288,0,False
2024-06-23,1.1875929887e-04,288,0,False
2024-06-24,1.0529913067e-03,288,0,False
2024-06-25,7.0601192038e-04,288,0,False
2024-06-26,3.8269400134e-04,288,0,False
2024-06-27,3.4278099419e-04,288,0,False
2024-06-28,3.9003907705e-04,288,0,False
2024-06-29,1.1076878684e-04,288,0,False
2024-06-30,3.1999717726e-04,288,0,False
2024-07-01,3.3294434900e-04,288,0,False
2024-07-02,2.2168846582e-04,288,0,False
2024-07-03,5.0559023590e-04,288,0,False
2024-07-04,1.1631737132e-03,288,0,False
2024-07-05,2.4297871881e-03,288,0,False
2024-07-06,4.0486017171e-04,288,0,False
2024-07-07,5.0157633939e-04,288,0,False
2024-07-08,2.0318869869e-03,288,0,False
2024-07-09,8.0018019429e-04,288,0,False
2024-07-10,6.4005373582e-04,288,0,False
2024-07-11,9.4226646623e-04,288,0,False
2024-07-12,5.7571403793e-04,288,0,False
2024-07-13,3.3520438100e-04,288,0,False
2024-07-14,5.5555994466e-04,288,0,False
2024-07-15,8.2476466297e-04,288,0,False
2024-07-16,1.0382441057e-03,288,0,False
2024-07-17,6.9438898730e-04,288,0,False
2024-07-18,5.0703562876e-04,288,0,False
2024-07-19,6.3624821429e-04,288,0,False
2024-07-20,2.7964305429e-04,288,0,False
2024-07-21,5.3144706057e-04,288,0,False
2024-07-22,3.9723094769e-04,288,0,False
2024-07-23,5.5070854759e-04,288,0,False
2024-07-24,4.4638507720e-04,288,0,False
2024-07-25,8.1741757650e-04,288,0,False
2024-07-26,4.3912040527e-04,288,0,False
2024-07-27,1.2629286436e-03,288,0,False
2024-07-28,2.7272498118e-04,288,0,False
2024-07-29,7.3210285082e-04,288,0,False
2024-07-30,5.1723373642e-04,288,0,False
2024-07-31,5.3462549482e-04,288,0,False
2024-08-01,7.9747640522e-04,288,0,False
2024-08-02,1.2000433629e-03,288,0,False
2024-08-03,8.2462797175e-04,288,0,False
2024-08-04,1.0063536159e-03,288,0,False
2024-08-05,1.3148970696e-02,288,0,False
2024-08-06,2.1872027356e-03,288,0,False
2024-08-07,1.4073727466e-03,288,0,False
2024-08-08,2.7941349840e-03,288,0,False
2024-08-09,1.4286316029e-03,288,0,False
2024-08-10,2.8880640529e-04,288,0,False
2024-08-11,6.4463404486e-04,288,0,False
2024-08-12,1.8342642404e-03,288,0,False
2024-08-13,8.8568457845e-04,288,0,False
2024-08-14,7.9410569641e-04,288,0,False
2024-08-15,1.1332627110e-03,288,0,False
2024-08-16,9.1866938827e-04,288,0,False
2024-08-17,1.3200092103e-04,288,0,False
2024-08-18,3.0648330728e-04,288,0,False
2024-08-19,6.1462757771e-04,288,0,False
2024-08-20,7.0826586713e-04,288,0,False
2024-08-21,8.0840061794e-04,288,0,False
2024-08-22,4.6947162784e-04,288,0,False
2024-08-23,1.0583604803e-03,288,0,False
2024-08-24,2.4954537991e-04,288,0,False
2024-08-25,1.8596846572e-04,288,0,False
2024-08-26,3.9387784029e-04,288,0,False
2024-08-27,1.3905813866e-03,288,0,False
2024-08-28,1.3286046449e-03,288,0,False
2024-08-29,7.3150480740e-04,288,0,False
2024-08-30,6.4032754054e-04,288,0,False
2024-08-31,9.6047946977e-05,288,0,False
2024-09-01,5.9494420382e-04,288,0,False
2024-09-02,5.1153350523e-04,288,0,False
2024-09-03,4.0449720856e-04,288,0,False
2024-09-04,1.5069926019e-03,288,0,False
2024-09-05,9.6855204948e-04,288,0,False
2024-09-06,1.4708253148e-03,288,0,False
2024-09-07,2.5894689934e-04,288,0,False
2024-09-08,4.5384142623e-04,288,0,False
2024-09-09,7.9401663767e-04,288,0,False
2024-09-10,5.8019312132e-04,288,0,False
2024-09-11,9.5345500969e-04,288,0,False
2024-09-12,6.2688311778e-04,288,0,False
2024-09-13,4.8015916497e-04,288,0,False
2024-09-14,1.5562711015e-04,288,0,False
2024-09-15,2.6868741137e-04,288,0,False
2024-09-16,5.5149236961e-04,288,0,False
2024-09-17,7.4248849675e-04,288,0,False
2024-09-18,9.1141538456e-04,288,0,False
2024-09-19,6.1153081096e-04,288,0,False
2024-09-20,4.8801289824e-04,288,0,False
2024-09-21,1.1152001077e-04,288,0,False
2024-09-22,2.7171891425e-04,288,0,False
2024-09-23,5.0614670860e-04,288,0,False
2024-09-24,4.5467465475e-04,288,0,False
2024-09-25,3.6695962669e-04,288,0,False
2024-09-26,5.2695049093e-04,288,0,False
2024-09-27,2.8763537986e-04,288,0,False
2024-09-28,1.0807379223e-04,288,0,False
2024-09-29,9.9032513322e-05,288,0,False
2024-09-30,4.7314348816e-04,288,0,False
2024-10-01,7.7385106891e-04,288,0,False
2024-10-02,1.0352085269e-03,288,0,False
2024-10-03,6.3200251269e-04,288,0,False
2024-10-04,4.2545806705e-04,288,0,False
2024-10-05,8.5108075958e-05,288,0,False
2024-10-06,1.4285741209e-04,288,0,False
2024-10-07,6.3968397962e-04,288,0,False
2024-10-08,4.4631398746e-04,288,0,False
2024-10-09,3.5537395900e-04,288,0,False
2024-10-10,5.0729326755e-04,288,0,False
2024-10-11,4.0321094713e-04,288,0,False
2024-10-12,1.5930550949e-04,288,0,False
2024-10-13,2.1641262867e-04,288,0,False
2024-10-14,5.4753765932e-04,288,0,False
2024-10-15,1.0290271612e-03,288,0,False
2024-10-16,5.2031640637e-04,288,0,False
2024-10-17,3.5375783683e-04,288,0,False
2024-10-18,3.7094989335e-04,288,0,False
2024-10-19,5.5725181965e-05,288,0,False
2024-10-20,1.2342989547e-04,288,0,False
2024-10-21,4.4224268295e-04,288,0,False
2024-10-22,4.2046893280e-04,288,0,False
2024-10-23,3.8503022526e-04,288,0,False
2024-10-24,3.2943341012e-04,288,0,False
2024-10-25,1.0096389439e-03,288,0,False
2024-10-26,1.3379736297e-04,288,0,False
2024-10-27,1.1398584034e-04,288,0,False
2024-10-28,4.1634232436e-04,288,0,False
2024-10-29,6.3260840178e-04,288,0,False
2024-10-30,5.4703599551e-04,288,0,False
2024-10-31,4.6590534680e-04,288,0,False
2024-11-01,9.1395324588e-04,288,0,False
2024-11-02,1.5074825998e-04,288,0,False
2024-11-03,4.1678411626e-04,288,0,False
2024-11-04,5.5004553840e-04,288,0,False
2024-11-05,6.6199644122e-04,288,0,False
2024-11-06,1.7369493654e-03,288,0,False
2024-11-07,5.5032940769e-04,288,0,False
2024-11-08,3.7795105429e-04,288,0,False
2024-11-09,1.3047610880e-04,288,0,False
2024-11-10,9.3120461374e-04,288,0,False
2024-11-11,1.3489249669e-03,288,0,False
2024-11-12,2.7711499391e-03,288,0,False
2024-11-13,2.5572915476e-03,288,0,False
2024-11-14,1.8413194226e-03,288,0,False
2024-11-15,1.2601001081e-03,288,0,False
2024-11-16,3.4986658034e-04,288,0,False
2024-11-17,4.4441456508e-04,288,0,False
2024-11-18,1.0987924626e-03,288,0,False
2024-11-19,8.0751972950e-04,288,0,False
2024-11-20,6.4400573320e-04,288,0,False
2024-11-21,9.8023633721e-04,288,0,False
2024-11-22,4.8103701498e-04,288,0,False
2024-11-23,2.1336792420e-04,288,0,False
2024-11-24,3.6833801335e-04,288,0,False
2024-11-25,1.0666093184e-03,288,0,False
2024-11-26,1.2266253716e-03,288,0,False
2024-11-27,6.0060766251e-04,288,0,False
2024-11-28,4.1988730887e-04,288,0,False
2024-11-29,4.1334211998e-04,288,0,False
2024-11-30,1.3258376474e-04,288,0,False
2024-12-01,1.9919250006e-04,288,0,False
2024-12-02,7.2613667185e-04,288,0,False
2024-12-03,5.6546682176e-04,288,0,False
2024-12-04,6.4161047518e-04,288,0,False
2024-12-05,4.0029651194e-03,288,0,False
2024-12-06,8.7944949503e-04,288,0,False
2024-12-07,2.5276847093e-04,288,0,False
2024-12-08,2.8850883512e-04,288,0,False
2024-12-09,1.5797133111e-03,288,0,False
2024-12-10,1.2745386045e-03,288,0,False
2024-12-11,6.2475775337e-04,288,0,False
2024-12-12,6.4499382615e-04,288,0,False
2024-12-13,4.1002550510e-04,288,0,False
2024-12-14,2.4143672201e-04,288,0,False
2024-12-15,3.5163274163e-04,288,0,False
2024-12-16,7.7286590519e-04,288,0,False
2024-12-17,5.7516841060e-04,288,0,False
2024-12-18,1.2901491071e-03,288,0,False
2024-12-19,2.0126807855e-03,288,0,False
2024-12-20,1.9739903877e-03,288,0,False
2024-12-21,5.6971377750e-04,288,0,False
2024-12-22,6.4425825218e-04,288,0,False
2024-12-23,1.0697573127e-03,288,0,False
2024-12-24,6.3022653540e-04,288,0,False
2024-12-25,4.4604039576e-04,288,0,False
2024-12-26,6.8359644686e-04,288,0,False
2024-12-27,8.2024124379e-04,288,0,False
2024-12-28,1.7927860322e-04,288,0,False
2024-12-29,2.4378304131e-04,288,0,False
2024-12-30,6.4322878557e-04,288,0,False
2024-12-31,6.9134098889e-04,288,0,False
2025-01-01,2.6503400503e-04,288,0,False
2025-01-02,6.3277422617e-04,288,0,False
2025-01-03,3.0426427788e-04,288,0,False
2025-01-04,1.0136926818e-04,288,0,False
2025-01-05,1.5291327306e-04,288,0,False
2025-01-06,6.0277390399e-04,288,0,False
2025-01-07,5.0676394822e-04,288,0,False
2025-01-08,1.0074382154e-03,288,0,False
2025-01-09,9.4263699845e-04,288,0,False
2025-01-10,1.2196866294e-03,288,0,False
2025-01-11,1.2398376381e-04,288,0,False
2025-01-12,1.4321085751e-04,288,0,False
2025-01-13,1.4254231461e-03,288,0,False
2025-01-14,6.7348960073e-04,288,0,False
2025-01-15,6.6754636559e-04,288,0,False
2025-01-16,6.1677429910e-04,288,0,False
2025-01-17,5.4728746413e-04,288,0,False
2025-01-18,5.8994460486e-04,288,0,False
2025-01-19,2.1397199181e-03,288,0,False
2025-01-20,5.4564916435e-03,288,0,False
2025-01-21,1.7696160923e-03,288,0,False
2025-01-22,5.0487715416e-04,288,0,False
2025-01-23,2.5041354366e-03,288,0,False
2025-01-24,6.3936602734e-04,288,0,False
2025-01-25,1.5385749928e-04,288,0,False
2025-01-26,1.7993652058e-04,288,0,False
2025-01-27,1.4365314814e-03,288,0,False
2025-01-28,6.7259553484e-04,288,0,False
2025-01-29,6.4271041631e-04,288,0,False
2025-01-30,3.8387059096e-04,288,0,False
2025-01-31,4.7982571879e-04,288,0,False
2025-02-01,2.2706684107e-04,288,0,False
2025-02-02,8.7989476178e-04,288,0,False
2025-02-03,2.6165869791e-03,288,0,False
2025-02-04,1.3889472491e-03,288,0,False
2025-02-05,7.3527556487e-04,288,0,False
2025-02-06,5.8123544151e-04,288,0,False
2025-02-07,8.3172347005e-04,288,0,False
2025-02-08,1.4942617881e-04,288,0,False
2025-02-09,3.0120077315e-04,288,0,False
2025-02-10,4.2713065197e-04,288,0,False
2025-02-11,3.0499454359e-04,288,0,False
2025-02-12,9.4810099166e-04,288,0,False
2025-02-13,3.9312124169e-04,288,0,False
2025-02-14,4.9808948716e-04,288,0,False
2025-02-15,9.0690450208e-05,288,0,False
2025-02-16,8.6773366025e-05,288,0,False
2025-02-17,2.4175390263e-04,288,0,False
2025-02-18,4.3800752938e-04,288,0,False
2025-02-19,3.1188781221e-04,288,0,False
2025-02-20,2.2760404283e-04,288,0,False
2025-02-21,5.9837994031e-04,288,0,False
2025-02-22,9.0149805575e-05,288,0,False
2025-02-23,8.9040232048e-05,288,0,False
2025-02-24,6.3189324317e-04,288,0,False
2025-02-25,1.9495203116e-03,288,0,False
2025-02-26,2.2801511468e-03,288,0,False
2025-02-27,1.0297328332e-03,288,0,False
2025-02-28,3.7439078198e-03,288,0,False
2025-03-01,5.6343828290e-04,288,0,False
2025-03-02,2.4134811879e-03,288,0,False
2025-03-03,2.4740307398e-03,288,0,False
2025-03-04,2.9324843291e-03,288,0,False
2025-03-05,1.4662054040e-03,288,0,False
2025-03-06,1.6414642017e-03,288,0,False
2025-03-07,3.5182034046e-03,288,0,False
2025-03-08,4.0194226841e-04,288,0,False
2025-03-09,8.1227853088e-04,288,0,False
2025-03-10,2.6515151861e-03,288,0,False
2025-03-11,2.0416840332e-03,288,0,False
2025-03-12,9.8836109401e-04,288,0,False
2025-03-13,7.1216841700e-04,288,0,False
2025-03-14,5.8584330046e-04,288,0,False
2025-03-15,1.3750526324e-04,288,0,False
2025-03-16,6.5597800788e-04,288,0,False
2025-03-17,4.6693456278e-04,288,0,False
2025-03-18,4.9308101148e-04,288,0,False
2025-03-19,5.6925129526e-04,288,0,False
2025-03-20,6.1524990044e-04,288,0,False
2025-03-21,3.4532519241e-04,288,0,False
2025-03-22,5.4818661260e-05,288,0,False
2025-03-23,1.5459831275e-04,288,0,False
2025-03-24,4.3724917406e-04,288,0,False
2025-03-25,3.7428103574e-04,288,0,False
2025-03-26,3.6178833402e-04,288,0,False
2025-03-27,2.8666727351e-04,288,0,False
2025-03-28,3.9381197987e-04,288,0,False
2025-03-29,3.3462412720e-04,288,0,False
2025-03-30,2.8419170249e-04,288,0,False
2025-03-31,7.0705830414e-04,288,0,False
2025-04-01,4.2850272866e-04,288,0,False
2025-04-02,1.3775535712e-03,288,0,False
2025-04-03,7.1387057112e-04,288,0,False
2025-04-04,1.3139148682e-03,288,0,False
2025-04-05,1.7169073358e-04,288,0,False
2025-04-06,7.5545801784e-04,288,0,False
2025-04-07,3.6567244939e-03,288,0,False
2025-04-08,9.7608503273e-04,288,0,False
2025-04-09,2.6938711930e-03,288,0,False
2025-04-10,8.8403404718e-04,288,0,False
2025-04-11,8.8328336151e-04,288,0,False
2025-04-12,4.1068961456e-04,288,0,False
2025-04-13,6.8420705264e-04,288,0,False
2025-04-14,7.7165131429e-04,288,0,False
2025-04-15,4.2005531729e-04,288,0,False
2025-04-16,6.0325305651e-04,288,0,False
2025-04-17,2.5686588256e-04,288,0,False
2025-04-18,6.2974300383e-05,288,0,False
2025-04-19,1.0395934774e-04,288,0,False
2025-04-20,1.2154934576e-04,288,0,False
2025-04-21,5.7768851602e-04,288,0,False
2025-04-22,9.3126157335e-04,288,0,False
2025-04-23,6.1330973696e-04,288,0,False
2025-04-24,3.3043658392e-04,288,0,False
2025-04-25,4.1134630519e-04,288,0,False
2025-04-26,1.3660712772e-04,288,0,False
2025-04-27,1.8802271157e-04,288,0,False
2025-04-28,3.6360414984e-04,288,0,False
2025-04-29,3.0821191270e-04,288,0,False
2025-04-30,3.2845987100e-04,288,0,False
2025-05-01,3.0568603307e-04,288,0,False
2025-05-02,2.5073494222e-04,288,0,False
2025-05-03,7.7490974287e-05,288,0,False
2025-05-04,1.8499574759e-04,288,0,False
2025-05-05,2.8415420762e-04,288,0,False
2025-05-06,3.3101180211e-04,288,0,False
2025-05-07,3.7339500780e-04,288,0,False
2025-05-08,5.6726296973e-04,288,0,False
2025-05-09,4.3017909408e-04,288,0,False
2025-05-10,2.0247107833e-04,288,0,False
2025-05-11,3.7298100918e-04,288,0,False
2025-05-12,7.6882595802e-04,288,0,False
2025-05-13,3.7460688108e-04,288,0,False
2025-05-14,2.4485752101e-04,288,0,False
2025-05-15,4.4636669587e-04,288,0,False
2025-05-16,2.6299427394e-04,288,0,False
2025-05-17,1.3838667548e-04,288,0,False
2025-05-18,3.6669338704e-04,288,0,False
2025-05-19,5.6951394714e-04,288,0,False
2025-05-20,6.0451175919e-04,288,0,False
2025-05-21,1.0030182616e-03,288,0,False
2025-05-22,5.0376789716e-04,288,0,False
2025-05-23,5.8761994329e-04,288,0,False
2025-05-24,2.8195655797e-04,288,0,False
2025-05-25,2.7814889648e-04,288,0,False
2025-05-26,2.5192938018e-04,288,0,False
2025-05-27,3.5681069958e-04,288,0,False
2025-05-28,2.4019024877e-04,288,0,False
2025-05-29,4.2444765222e-04,288,0,False
2025-05-30,4.4197194164e-04,288,0,False
2025-05-31,2.2020989055e-04,288,0,False
2025-06-01,1.5984448882e-04,288,0,False
2025-06-02,2.7896876410e-04,288,0,False
2025-06-03,2.4154185053e-04,288,0,False
2025-06-04,1.6540726871e-04,288,0,False
2025-06-05,5.4236559436e-04,288,0,False
2025-06-06,2.3780450393e-04,288,0,False
2025-06-07,1.1717785944e-04,288,0,False
2025-06-08,8.4159032282e-05,288,0,False
2025-06-09,3.4603641669e-04,288,0,False
2025-06-10,2.9671807187e-04,288,0,False
2025-06-11,2.7730159903e-04,288,0,False
2025-06-12,3.6111849657e-04,288,0,False
2025-06-13,6.5463291149e-04,288,0,False
2025-06-14,1.1687406386e-04,288,0,False
2025-06-15,1.2950041001e-04,288,0,False
2025-06-16,3.0032965812e-04,288,0,False
2025-06-17,4.1094432519e-04,288,0,False
2025-06-18,3.8367212715e-04,288,0,False
2025-06-19,1.7817260054e-04,288,0,False
2025-06-20,3.7089610498e-04,288,0,False
2025-06-21,3.4684989405e-04,288,0,False
2025-06-22,9.0419142821e-04,288,0,False
2025-06-23,7.2567653169e-04,288,0,False
2025-06-24,2.8890194443e-04,288,0,False
2025-06-25,2.8140355149e-04,288,0,False
2025-06-26,2.3044240025e-04,288,0,False
2025-06-27,1.9511702081e-04,288,0,False
2025-06-28,2.4561929937e-05,288,0,False
2025-06-29,8.9931481044e-05,288,0,False
2025-06-30,1.8042666375e-04,288,0,False
2025-07-01,1.7643306557e-04,288,0,False
2025-07-02,2.4649470430e-04,288,0,False
2025-07-03,2.5112950299e-04,288,0,False
2025-07-04,1.3668119800e-04,288,0,False
2025-07-05,4.5997139724e-05,288,0,False
2025-07-06,8.5531558792e-05,288,0,False
2025-07-07,1.6442171174e-04,288,0,False
2025-07-08,1.3604517543e-04,288,0,False
2025-07-09,2.5030224194e-04,288,0,False
2025-07-10,7.3979053277e-04,288,0,False
2025-07-11,3.8282775701e-04,288,0,False
2025-07-12,8.6416200113e-05,288,0,False
2025-07-13,1.5484343776e-04,288,0,False
2025-07-14,5.6400949871e-04,288,0,False
2025-07-15,7.0704764962e-04,288,0,False
2025-07-16,3.7040251868e-04,288,0,False
2025-07-17,4.3085884966e-04,288,0,False
2025-07-18,3.6386205346e-04,288,0,False
2025-07-19,1.0186663859e-04,288,0,False
2025-07-20,1.5854299834e-04,288,0,False
2025-07-21,3.1554151171e-04,288,0,False
2025-07-22,4.3531677597e-04,288,0,False
2025-07-23,3.2016006920e-04,288,0,False
2025-07-24,2.6164878812e-04,288,0,False
2025-07-25,4.9856818042e-04,288,0,False
2025-07-26,6.9045916091e-05,288,0,False
2025-07-27,1.2582956118e-04,288,0,False
2025-07-28,2.4740497081e-04,288,0,False
2025-07-29,2.5683660779e-04,288,0,False
2025-07-30,2.2758376172e-04,288,0,False
2025-07-31,1.9941557423e-04,288,0,False
2025-08-01,5.3474646475e-04,288,0,False
2025-08-02,1.9040611418e-04,288,0,False
2025-08-03,1.2232187631e-04,288,0,False
2025-08-04,1.7557723058e-04,288,0,False
2025-08-05,2.4185064663e-04,288,0,False
2025-08-06,2.0066540231e-04,288,0,False
2025-08-07,1.9712683983e-04,288,0,False
2025-08-08,1.7511586033e-04,288,0,False
2025-08-09,8.9079754540e-05,288,0,False
2025-08-10,2.1606170701e-04,288,0,False
2025-08-11,4.0561608932e-04,288,0,False
2025-08-12,2.4928086507e-04,288,0,False
2025-08-13,4.2697345074e-04,288,0,False
2025-08-14,9.5275239762e-04,288,0,False
2025-08-15,2.2481505448e-04,288,0,False
2025-08-16,5.5570753903e-05,288,0,False
2025-08-17,7.0785347327e-05,288,0,False
2025-08-18,2.8683970319e-04,288,0,False
2025-08-19,2.9106544216e-04,288,0,False
2025-08-20,3.0672534257e-04,288,0,False
2025-08-21,2.8196684345e-04,288,0,False
2025-08-22,6.1670679852e-04,288,0,False
2025-08-23,1.0583546133e-04,288,0,False
2025-08-24,4.4333244515e-04,288,0,False
2025-08-25,6.5548915038e-04,288,0,False
2025-08-26,4.9434935408e-04,288,0,False
2025-08-27,3.0981087634e-04,288,0,False
2025-08-28,2.2509506697e-04,288,0,False
2025-08-29,3.3434959316e-04,288,0,False
2025-08-30,1.0899153851e-04,288,0,False
2025-08-31,1.0331012349e-04,288,0,False
2025-09-01,3.5319603268e-04,288,0,False
2025-09-02,3.8224104284e-04,288,0,False
2025-09-03,2.7992919342e-04,288,0,False
2025-09-04,2.5043688126e-04,288,0,False
2025-09-05,3.1933920012e-04,288,0,False
2025-09-06,5.7108500706e-05,288,0,False
2025-09-07,7.2456880949e-05,288,0,False
2025-09-08,1.7098319919e-04,288,0,False
2025-09-09,2.2416969472e-04,288,0,False
2025-09-10,2.7133872715e-04,288,0,False
2025-09-11,2.0353902520e-04,288,0,False
2025-09-12,1.8266344794e-04,288,0,False
2025-09-13,5.3757440997e-05,288,0,False
2025-09-14,7.1351920263e-05,288,0,False
2025-09-15,2.1690018047e-04,288,0,False
2025-09-16,1.5233025313e-04,288,0,False
2025-09-17,3.0322845918e-04,288,0,False
2025-09-18,1.5666777207e-04,288,0,False
2025-09-19,9.4515589602e-05,288,0,False
2025-09-20,2.4797878969e-05,288,0,False
2025-09-21,3.9727191993e-05,288,0,False
2025-09-22,3.7404108427e-04,288,0,False
2025-09-23,1.6817237916e-04,288,0,False
2025-09-24,1.6409488350e-04,288,0,False
2025-09-25,4.1142340469e-04,288,0,False
2025-09-26,2.7684028886e-04,288,0,False
2025-09-27,3.3970332474e-05,288,0,False
2025-09-28,9.5792224797e-05,288,0,False
2025-09-29,1.9528332890e-04,288,0,False
2025-09-30,1.8363660958e-04,288,0,False
2025-10-01,2.6588117406e-04,288,0,False
2025-10-02,2.6466953668e-04,288,0,False
2025-10-03,4.0237715341e-04,288,0,False
2025-10-04,7.9340845862e-05,288,0,False
2025-10-05,4.5528811998e-04,288,0,False
2025-10-06,3.3105136484e-04,288,0,False
2025-10-07,3.9264756915e-04,288,0,False
2025-10-08,3.3916874586e-04,288,0,False
2025-10-09,3.3177821229e-04,288,0,False
2025-10-10,1.0177196932e-02,288,0,False
2025-10-11,8.1223469553e-04,288,0,False
2025-10-12,8.0570764433e-04,288,0,False
2025-10-13,5.0114379661e-04,288,0,False
2025-10-14,6.4644618204e-04,288,0,False
2025-10-15,5.0519286779e-04,288,0,False
2025-10-16,1.0029657158e-03,288,0,False
2025-10-17,8.6587087635e-04,288,0,False
2025-10-18,1.7639293336e-04,288,0,False
2025-10-19,3.5379330900e-04,288,0,False
2025-10-20,4.5865185673e-04,288,0,False
2025-10-21,1.0993202891e-03,288,0,False
2025-10-22,6.5787169282e-04,288,0,False
2025-10-23,5.5144190032e-04,288,0,False
2025-10-24,3.2993690513e-04,288,0,False
2025-10-25,7.9799317548e-05,288,0,False
2025-10-26,2.9552007635e-04,288,0,False
2025-10-27,2.4886039383e-04,288,0,False
2025-10-28,3.8117931254e-04,288,0,False
2025-10-29,8.6400764675e-04,288,0,False
2025-10-30,8.7355778563e-04,288,0,False
2025-10-31,6.7672284826e-04,288,0,False
2025-11-01,1.1364304613e-04,288,0,False
2025-11-02,1.8350617309e-04,288,0,False
2025-11-03,6.9517115584e-04,288,0,False
2025-11-04,1.4412498922e-03,288,0,False
2025-11-05,8.0212693613e-04,288,0,False
2025-11-06,7.7775741094e-04,288,0,False
2025-11-07,8.8146505291e-04,288,0,False
2025-11-08,2.7293996291e-04,288,0,False
2025-11-09,3.7588992611e-04,288,0,False
2025-11-10,4.5886668509e-04,288,0,False
2025-11-11,5.8604201552e-04,288,0,False
2025-11-12,5.1801570434e-04,288,0,False
2025-11-13,9.1212191488e-04,288,0,False
2025-11-14,1.6894925251e-03,288,0,False
2025-11-15,4.6329295657e-04,288,0,False
2025-11-16,7.6541468824e-04,288,0,False
2025-11-17,9.1856827018e-04,288,0,False
2025-11-18,1.1654507039e-03,288,0,False
2025-11-19,9.3160764835e-04,288,0,False
2025-11-20,1.0680614144e-03,288,0,False
2025-11-21,3.0689034024e-03,288,0,False
2025-11-22,5.2792259614e-04,288,0,False
2025-11-23,5.0660340469e-04,288,0,False
2025-11-24,9.4602169405e-04,288,0,False
2025-11-25,7.2550054949e-04,288,0,False
2025-11-26,6.4062158084e-04,288,0,False
2025-11-27,3.7885763658e-04,288,0,False
2025-11-28,4.5785004981e-04,288,0,False
2025-11-29,1.4658288793e-04,288,0,False
2025-11-30,1.9112741859e-04,288,0,False
2025-12-01,1.2423718230e-03,288,0,False
2025-12-02,7.7195419290e-04,288,0,False
2025-12-03,1.1143387022e-03,288,0,False
2025-12-04,6.9056385954e-04,288,0,False
2025-12-05,6.2310070407e-04,288,0,False
2025-12-06,1.5550503165e-04,288,0,False
2025-12-07,6.0302450949e-04,288,0,False
2025-12-08,5.7744614885e-04,288,0,False
2025-12-09,7.0532338668e-04,288,0,False
2025-12-10,8.5966749007e-04,288,0,False
2025-12-11,6.4403899227e-04,288,0,False
2025-12-12,5.2043443061e-04,288,0,False
2025-12-13,6.3777457441e-05,288,0,False
2025-12-14,2.5102956165e-04,288,0,False
2025-12-15,7.2801442352e-04,288,0,False
2025-12-16,4.4796120927e-04,288,0,False
2025-12-17,1.2607246308e-03,288,0,False
2025-12-18,1.1824883363e-03,288,0,False
2025-12-19,8.9403036054e-04,288,0,False
2025-12-20,6.7233583632e-05,288,0,False
2025-12-21,1.7898531708e-04,288,0,False
2025-12-22,5.3572888025e-04,288,0,False
2025-12-23,4.7156347901e-04,288,0,False
2025-12-24,2.6750558055e-04,288,0,False
2025-12-25,1.7645091342e-04,288,0,False
2025-12-26,3.9483044764e-04,288,0,False
2025-12-27,3.9663062850e-05,288,0,False
2025-12-28,5.4609084017e-05,288,0,False
2025-12-29,4.3502914108e-04,288,0,False
2025-12-30,3.1287892371e-04,288,0,False
2025-12-31,1.8050413761e-04,288,0,False
2026-01-01,6.3754159266e-05,288,0,False
2026-01-02,4.6835197192e-04,288,0,False
2026-01-03,9.5448629541e-05,288,0,False
2026-01-04,1.7050097176e-04,288,0,False
2026-01-05,3.5421188783e-04,288,0,False
2026-01-06,4.4544781200e-04,288,0,False
2026-01-07,3.2411549837e-04,288,0,False
2026-01-08,3.5117151388e-04,288,0,False
2026-01-09,5.1055356543e-04,288,0,False
2026-01-10,3.3425059510e-05,288,0,False
2026-01-11,9.5450882685e-05,288,0,False
2026-01-12,4.5286267436e-04,288,0,False
2026-01-13,4.8117624907e-04,288,0,False
2026-01-14,5.0663709915e-04,288,0,False
2026-01-15,5.1658308242e-04,288,0,False
2026-01-16,2.4595409414e-04,288,0,False
2026-01-17,4.5267015701e-05,288,0,False
2026-01-18,1.4317015477e-04,288,0,False
2026-01-19,2.7545868890e-04,288,0,False
2026-01-20,8.4124841758e-04,288,0,False
2026-01-21,9.4513957868e-04,288,0,False
2026-01-22,3.4513203308e-04,288,0,False
2026-01-23,4.5725672808e-04,288,0,False
2026-01-24,3.5241683198e-05,288,0,False
2026-01-25,3.0839202727e-04,288,0,False
2026-01-26,4.8521594505e-04,288,0,False
2026-01-27,3.2782073994e-04,288,0,False
2026-01-28,3.9812497245e-04,288,0,False
2026-01-29,6.5221305765e-04,288,0,False
2026-01-30,1.2867933816e-03,288,0,False
2026-01-31,1.3331459735e-03,288,0,False
2026-02-01,1.5802446738e-03,288,0,False
2026-02-02,2.0675105905e-03,288,0,False
2026-02-03,1.6899122376e-03,288,0,False
2026-02-04,2.0691385679e-03,288,0,False
2026-02-05,5.3823248970e-03,288,0,False
2026-02-06,4.7803280963e-03,288,0,False
2026-02-07,1.8376664497e-03,288,0,False
2026-02-08,1.1007461377e-03,288,0,False
2026-02-09,1.2047121369e-03,288,0,False
2026-02-10,9.8009737489e-04,288,0,False
2026-02-11,1.4017035493e-03,288,0,False
2026-02-12,1.1199037932e-03,288,0,False
2026-02-13,7.3844265371e-04,288,0,False
2026-02-14,3.4241888464e-04,288,0,False
2026-02-15,7.4477361402e-04,288,0,False
2026-02-16,8.0860582251e-04,288,0,False
2026-02-17,8.0039372517e-04,288,0,False
2026-02-18,7.4629732906e-04,288,0,False
2026-02-19,6.0787438937e-04,288,0,False
2026-02-20,7.8737275422e-04,288,0,False
2026-02-21,1.5281380113e-04,288,0,False
2026-02-22,1.4134030983e-04,288,0,False
2026-02-23,1.0427164111e-03,288,0,False
2026-02-24,1.0395898893e-03,288,0,False
2026-02-25,1.3222958837e-03,288,0,False
2026-02-26,8.4912424973e-04,288,0,False
2026-02-27,7.0034975510e-04,288,0,False
2026-02-28,1.3790876780e-03,288,0,False
2026-03-01,1.3564918176e-03,288,0,False
2026-03-02,1.3986947827e-03,288,0,False
2026-03-03,1.2846710410e-03,288,0,False
2026-03-04,1.4831383322e-03,288,0,False
2026-03-05,9.5196380625e-04,288,0,False
2026-03-06,8.4711908714e-04,288,0,False
2026-03-07,2.1792038817e-04,288,0,False
2026-03-08,8.8320517726e-04,288,0,False
2026-03-09,1.0199330554e-03,288,0,False
2026-03-10,1.1261048966e-03,288,0,False
2026-03-11,7.4280810689e-04,288,0,False
2026-03-12,6.0632849434e-04,288,0,False
2026-03-13,8.2424695898e-04,288,0,False
2026-03-14,1.6161497075e-04,288,0,False
2026-03-15,3.2597488691e-04,288,0,False
2026-03-16,9.5154210008e-04,288,0,False
2026-03-17,6.7897456785e-04,288,0,False
2026-03-18,5.8477422954e-04,288,0,False
2026-03-19,6.7842867508e-04,288,0,False
2026-03-20,5.9714748175e-04,288,0,False
2026-03-21,2.2697259199e-04,288,0,False
2026-03-22,4.9274016849e-04,288,0,False
2026-03-23,2.2640754341e-03,288,0,False
2026-03-24,6.3191592044e-04,288,0,False
2026-03-25,4.7052747694e-04,288,0,False
2026-03-26,5.2445754897e-04,288,0,False
2026-03-27,6.3547980488e-04,288,0,False
2026-03-28,1.8448284673e-04,288,0,False
2026-03-29,4.6123427982e-04,288,0,False
2026-03-30,7.4218439445e-04,288,0,False
2026-03-31,9.8393086453e-04,288,0,False
2026-04-01,4.9188188374e-04,288,0,False
2026-04-02,5.7686285050e-04,288,0,False
2026-04-03,2.1256338253e-04,288,0,False
2026-04-04,6.2364670972e-05,288,0,False
2026-04-05,2.8165667030e-04,288,0,False
2026-04-06,4.4327445639e-04,288,0,False
2026-04-07,7.6324000394e-04,288,0,False
2026-04-08,5.0264142301e-04,288,0,False
2026-04-09,6.3776172576e-04,288,0,False
2026-04-10,3.6344981744e-04,288,0,False
2026-04-11,1.7552580055e-04,288,0,False
2026-04-12,4.3720559647e-04,288,0,False
2026-04-13,5.7253763715e-04,288,0,False
2026-04-14,5.2110368195e-04,288,0,False
2026-04-15,4.4486154642e-04,288,0,False
2026-04-16,6.3519837838e-04,288,0,False
2026-04-17,5.9426415328e-04,288,0,False
2026-04-18,2.0544084399e-04,288,0,False
2026-04-19,3.5099217209e-04,288,0,False
2026-04-20,4.6905309690e-04,288,0,False
2026-04-21,5.7187806643e-04,288,0,False
2026-04-22,3.8427189217e-04,288,0,False
2026-04-23,4.3713090017e-04,288,0,False
2026-04-24,2.8503793724e-04,288,0,False
2026-04-25,5.3306742002e-05,288,0,False
2026-04-26,2.4356406867e-04,288,0,False
2026-04-27,3.8203268131e-04,288,0,False
2026-04-28,1.9278594220e-04,288,0,False
2026-04-29,4.5845719306e-04,288,0,False
2026-04-30,2.1451945535e-04,288,0,False
2026-05-01,2.9564319570e-04,288,0,False
2026-05-02,7.9450901799e-05,288,0,False
2026-05-03,1.5701784106e-04,288,0,False
2026-05-04,6.9782703379e-04,288,0,False
2026-05-05,2.6417447879e-04,288,0,False
2026-05-06,2.8904443560e-04,288,0,False
2026-05-07,2.6145777015e-04,288,0,False
2026-05-08,2.3971000957e-04,288,0,False
2026-05-09,6.6013587331e-05,288,0,False
2026-05-10,2.4122519445e-04,288,0,False
2026-05-11,3.1590995315e-04,288,0,False
2026-05-12,2.2287259226e-04,288,0,False
2026-05-13,1.9518946268e-04,288,0,False
2026-05-14,4.0740765746e-04,288,0,False
2026-05-15,3.0062284076e-04,288,0,False
2026-05-16,1.0983910012e-04,288,0,False
2026-05-17,1.4292817466e-04,288,0,False
2026-05-18,3.5248447281e-04,288,0,False
2026-05-19,2.4524610047e-04,288,0,False
2026-05-20,2.0056264036e-04,288,0,False
2026-05-21,2.8598070814e-04,288,0,False
2026-05-22,2.3445000704e-04,288,0,False
2026-05-23,3.0109385151e-04,288,0,False
2026-05-24,2.1382879934e-04,288,0,False
2026-05-25,1.3034780625e-04,288,0,False
2026-05-26,3.8700366458e-04,288,0,False
2026-05-27,2.7571483019e-04,288,0,False
2026-05-28,3.9259133890e-04,288,0,False
2026-05-29,3.7778431958e-04,288,0,False
2026-05-30,7.4487698951e-05,288,0,False
2026-05-31,1.2161395664e-04,288,0,False
2026-06-01,4.0180070958e-04,288,0,False
2026-06-02,8.4066537406e-04,288,0,False
2026-06-03,1.1188254553e-03,288,0,False
2026-06-04,2.4259492419e-03,288,0,False
2026-06-05,2.7730201254e-03,288,0,False
2026-06-06,1.0188823677e-03,288,0,False
2026-06-07,1.4635747057e-03,288,0,False
2026-06-08,8.2282695983e-04,288,0,False
2026-06-09,7.0002656856e-04,288,0,False
2026-06-10,8.9244143674e-04,288,0,False
2026-06-11,5.7095414349e-04,288,0,False
2026-06-12,4.1803782326e-04,288,0,False
2026-06-13,1.2492129129e-04,288,0,False
2026-06-14,2.9583378165e-04,288,0,False
2026-06-15,3.8948808148e-04,288,0,False
2026-06-16,3.6410749265e-04,288,0,False
2026-06-17,8.4119509392e-04,288,0,False
2026-06-18,5.3529934617e-04,288,0,False
2026-06-19,3.7934739007e-04,288,0,False
2026-06-20,2.2651860146e-04,288,0,False
2026-06-21,2.1296886138e-04,288,0,False
2026-06-22,4.2948151224e-04,288,0,False
2026-06-23,4.0366967148e-04,288,0,False
2026-06-24,7.0797123439e-04,288,0,False
2026-06-25,1.4888066337e-03,288,0,False
2026-06-26,1.1639755312e-03,288,0,False
2026-06-27,2.1173001460e-04,288,0,False
2026-06-28,3.8938524884e-04,288,0,False
2026-06-29,8.4758324568e-04,288,0,False
2026-06-30,4.9391639558e-04,288,0,False
2026-07-01,6.7645789343e-04,288,0,False
2026-07-02,5.2029568882e-04,288,0,False
2026-07-03,2.8779066880e-04,288,0,False
2026-07-04,1.8891187824e-04,288,0,False
2026-07-05,1.8844234110e-04,288,0,False
2026-07-06,7.7717402536e-04,288,0,False
2026-07-07,4.5292474441e-04,288,0,False
2026-07-08,4.9706603509e-04,288,0,False
2026-07-09,4.5423685496e-04,288,0,False
2026-07-10,2.5474082039e-04,288,0,False
2026-07-11,1.1786246761e-04,288,0,False
2026-07-12,1.1473913357e-04,288,0,False
2026-07-13,3.9084350444e-04,288,0,False
2026-07-14,4.1438041834e-04,288,0,False
2026-07-15,2.8806360963e-04,288,0,False
2026-07-16,2.8373194879e-04,288,0,False
2026-07-17,3.4474876529e-04,288,0,False
2026-07-18,5.9475285403e-05,288,0,False
2026-07-19,9.2533779193e-05,288,0,False
2026-07-20,5.2861709275e-04,288,0,False
2026-07-21,2.2057771973e-04,288,0,False
2026-07-22,1.9421906639e-04,288,0,False
2026-07-23,1.9884121323e-04,288,0,False
2026-07-24,2.6640444339e-04,288,0,False
2026-07-25,4.1383780991e-05,288,0,False
2026-07-26,8.2211861926e-05,288,0,False
2026-07-27,3.1161959957e-04,288,0,False
2026-07-28,3.1205972638e-04,288,0,False
2026-07-29,4.1322812163e-04,288,0,False
2026-07-30,2.3368898883e-04,288,0,False
2026-07-31,2.8480373063e-04,288,0,False
2026-08-01,5.6382022141e-05,288,0,False
2026-08-02,1.6633031080e-04,288,0,False
2026-08-03,2.4731306864e-04,288,0,False
2026-08-04,2.2520297597e-04,288,0,False
2026-08-05,2.1749600398e-04,288,0,False
2026-08-06,1.3301128025e-04,288,0,False
2026-08-07,1.5519017027e-04,288,0,False
2026-08-08,1.7421077103e-05,288,0,False
2026-08-09,4.6205732656e-05,288,0,False
2026-08-10,1.9299989806e-04,288,0,False
2026-08-11,1.2513875569e-04,288,0,False
2026-08-12,1.3570786508e-04,288,0,False
2026-08-13,2.0074462187e-04,288,0,False
2026-08-14,1.0962914722e-04,288,0,False
2026-08-15,2.0684910097e-05,288,0,False
2026-08-16,3.4114104051e-05,288,0,False
2026-08-17,1.8771674545e-04,288,0,False
2026-08-18,1.3492324356e-04,288,0,False
2026-08-19,8.6647186965e-04,288,0,False
2026-08-20,9.1804041969e-04,288,0,False
2026-08-21,2.0634756260e-03,288,0,False
2026-08-22,5.2308515396e-04,288,0,False
2026-08-23,4.2050866284e-04,288,0,False
2026-08-24,7.0913839693e-04,288,0,False
2026-08-25,8.0074937932e-04,288,0,False
2026-08-26,4.0231876369e-04,288,0,False
2026-08-27,4.5011057860e-04,288,0,False
2026-08-28,5.6435236990e-04,288,0,False
2026-08-29,8.4040775645e-05,288,0,False
2026-08-30,2.3209090528e-04,288,0,False
2026-08-31,3.9695772263e-04,288,0,False
