date,Linear-QLIKE,Linear-QLIKE_seed0,Linear-QLIKE_seed1,Linear-QLIKE_seed2,Linear-QLIKE_seed3,Linear-QLIKE_seed4
2020-01-01,5.3915796476e-04,5.3914005104e-04,5.3914005104e-04,5.3914005104e-04,5.3914005104e-04,5.3922961963e-04
2020-01-02,4.7201188320e-04,4.7207596674e-04,4.7207596674e-04,4.7207596674e-04,4.7207596674e-04,4.7175554906e-04
2020-01-03,5.8820531245e-04,5.8817840687e-04,5.8817840687e-04,5.8817840687e-04,5.8817840687e-04,5.8831293474e-04
2020-01-04,8.5905780243e-04,8.5899037653e-04,8.5899037653e-04,8.5899037653e-04,8.5899037653e-04,8.5932750601e-04
2020-01-05,5.7032596967e-04,5.7031615490e-04,5.7031615490e-04,5.7031615490e-04,5.7031615490e-04,5.7036522873e-04
2020-01-06,7.7899619699e-04,7.7898251907e-04,7.7898251907e-04,7.7898251907e-04,7.7898251907e-04,7.7905090868e-04
2020-01-07,1.4441620419e-03,1.4441752719e-03,1.4441752719e-03,1.4441752719e-03,1.4441752719e-03,1.4441091216e-03
2020-01-08,1.5038707505e-03,1.5038320148e-03,1.5038320148e-03,1.5038320148e-03,1.5038320148e-03,1.5040256932e-03
2020-01-09,1.1926445688e-03,1.1927561831e-03,1.1927561831e-03,1.1927561831e-03,1.1927561831e-03,1.1921981119e-03
2020-01-10,1.2481001601e-03,1.2480850694e-03,1.2480850694e-03,1.2480850694e-03,1.2480850694e-03,1.2481605229e-03
2020-01-11,1.2351756358e-03,1.2351518965e-03,1.2351518965e-03,1.2351518965e-03,1.2351518965e-03,1.2352705931e-03
2020-01-12,1.2012378298e-03,1.2012244583e-03,1.2012244583e-03,1.2012244583e-03,1.2012244583e-03,1.2012913161e-03
2020-01-13,1.4496106278e-03,1.4496313747e-03,1.4496313747e-03,1.4496313747e-03,1.4496313747e-03,1.4495276400e-03
2020-01-14,1.0822856573e-03,1.0823253741e-03,1.0823253741e-03,1.0823253741e-03,1.0823253741e-03,1.0821267898e-03
2020-01-15,2.4374681383e-03,2.4374254225e-03,2.4374254225e-03,2.4374254225e-03,2.4374254225e-03,2.4376390013e-03
2020-01-16,1.1650864079e-03,1.1652259196e-03,1.1652259196e-03,1.1652259196e-03,1.1652259196e-03,1.1645283608e-03
2020-01-17,1.0156317020e-03,1.0156130234e-03,1.0156130234e-03,1.0156130234e-03,1.0156130234e-03,1.0157064161e-03
2020-01-18,8.6236230804e-04,8.6234388229e-04,8.6234388229e-04,8.6234388229e-04,8.6234388229e-04,8.6243601105e-04
2020-01-19,8.0183021861e-04,8.0183850283e-04,8.0183850283e-04,8.0183850283e-04,8.0183850283e-04,8.0179708172e-04
2020-01-20,1.6623584558e-03,1.6622396062e-03,1.6622396062e-03,1.6622396062e-03,1.6622396062e-03,1.6628338541e-03
2020-01-21,1.2044382001e-03,1.2044519377e-03,1.2044519377e-03,1.2044519377e-03,1.2044519377e-03,1.2043832498e-03
2020-01-22,1.0946517933e-03,1.0946520718e-03,1.0946520718e-03,1.0946520718e-03,1.0946520718e-03,1.0946506791e-03
2020-01-23,8.5301963571e-04,8.4057427867e-04,8.8725128972e-04,8.5921226500e-04,8.9038411104e-04,7.8767623412e-04
2020-01-24,1.1980204701e-03,1.2039406152e-03,1.1882629094e-03,1.1809837698e-03,1.1891851111e-03,1.2277299452e-03
2020-01-25,5.0141573741e-04,5.4651678226e-04,4.6227695815e-04,4.6967783613e-04,4.6137648268e-04,5.6723062783e-04
2020-01-26,5.6963728085e-04,5.9609203168e-04,5.4441715423e-04,5.4675322162e-04,5.4371081063e-04,6.1721318608e-04
2020-01-27,8.8188541674e-04,8.2870368783e-04,9.1076292071e-04,9.0699543760e-04,9.0776014843e-04,8.5520488913e-04
2020-01-28,1.0528351428e-03,1.0041311665e-03,1.0631292468e-03,1.0624955682e-03,1.0609542029e-03,1.0734655295e-03
2020-01-29,1.3719723838e-03,1.2795834526e-03,1.3886176181e-03,1.4009272442e-03,1.3846174992e-03,1.4061161051e-03
2020-01-30,9.2766571421e-04,9.7594970000e-04,8.8913724559e-04,8.9827168767e-04,8.8937739156e-04,9.8559254624e-04
2020-01-31,9.9722822939e-04,9.7060735761e-04,9.9495884743e-04,9.9907386708e-04,9.9438071567e-04,1.0271203591e-03
2020-02-01,6.7706638268e-04,7.1973694030e-04,6.5229330095e-04,6.5066859146e-04,6.5280906494e-04,7.0982401574e-04
2020-02-02,6.0458080182e-04,6.1810903141e-04,6.0027939103e-04,5.9472284908e-04,6.0114579768e-04,6.0864693994e-04
2020-02-03,7.5980473103e-04,8.0331900760e-04,7.3236548766e-04,7.4083100148e-04,7.3144140344e-04,7.9106675494e-04
2020-02-04,8.8176462583e-04,9.6943399144e-04,7.9933298392e-04,8.2460880995e-04,7.9828432619e-04,1.0171630177e-03
2020-02-05,7.4730809546e-04,8.1130112665e-04,6.9401372034e-04,7.0395739128e-04,6.9348266098e-04,8.3378557802e-04
2020-02-06,9.8708595104e-04,8.7264743879e-04,1.0525499515e-03,1.0361239732e-03,1.0511708762e-03,9.2293751553e-04
2020-02-07,8.6255040228e-04,8.7443695382e-04,8.2694216054e-04,8.4396568266e-04,8.2585730487e-04,9.4154990952e-04
2020-02-08,5.0452996178e-04,5.3788048576e-04,4.8306321612e-04,4.8407408550e-04,4.8332268864e-04,5.3430933288e-04
2020-02-09,5.4879115454e-04,5.6160201938e-04,5.3607970375e-04,5.3721456499e-04,5.3604666621e-04,5.7301281836e-04
2020-02-10,8.4227124129e-04,8.0579520689e-04,8.6825282227e-04,8.6460470091e-04,8.6696559695e-04,8.0573787942e-04
2020-02-11,1.1644803415e-03,1.2431585691e-03,1.0875037917e-03,1.1125009756e-03,1.0870416686e-03,1.2921967026e-03
2020-02-12,1.0824655425e-03,1.0528874977e-03,1.0779026516e-03,1.0894022419e-03,1.0768537071e-03,1.1152816139e-03
2020-02-13,8.8661542789e-04,9.0685594666e-04,8.6764925202e-04,8.7658643749e-04,8.6854733729e-04,9.1343816599e-04
2020-02-14,1.1772229773e-03,1.2573100838e-03,1.0345231309e-03,1.2778328279e-03,1.0258429739e-03,1.2906058698e-03
2020-02-15,6.3573409776e-04,6.6461711788e-04,6.7901409681e-04,6.0590212680e-04,5.9378291076e-04,6.3535423655e-04
2020-02-16,1.2018655019e-03,1.2694571733e-03,1.2189046457e-03,1.1403528660e-03,1.1163849203e-03,1.2642279045e-03
2020-02-17,1.0922660671e-03,1.1508885692e-03,1.0364835949e-03,1.1387903777e-03,9.9846322080e-04,1.1367045730e-03
2020-02-18,1.3804351072e-03,1.4714508734e-03,1.3651103270e-03,1.3726229391e-03,1.2543268564e-03,1.4386645404e-03
2020-02-19,1.3862758663e-03,1.3507103782e-03,1.5065364349e-03,1.3477477446e-03,1.3465894623e-03,1.3797953115e-03
2020-02-20,2.6778412784e-03,2.8944540850e-03,2.7327770302e-03,2.5206377333e-03,2.3538119622e-03,2.8875255811e-03
2020-02-21,1.2420113286e-03,1.3387764372e-03,1.2469409852e-03,1.2505986472e-03,1.0812821326e-03,1.2924584411e-03
2020-02-22,7.8748230922e-04,8.3443142149e-04,8.8023751192e-04,7.2683665320e-04,7.2257819760e-04,7.7332776191e-04
2020-02-23,7.1629966210e-04,7.4938791858e-04,8.6819816234e-04,6.1686800188e-04,6.7105376878e-04,6.7599045894e-04
2020-02-24,1.3428830042e-03,1.3154492297e-03,1.5575883146e-03,1.2408550189e-03,1.3251158414e-03,1.2754066166e-03
2020-02-25,1.1551068887e-03,1.1719567030e-03,1.0513055719e-03,1.2026335804e-03,1.1536072946e-03,1.1960312935e-03
2020-02-26,1.0586521968e-03,1.0767210505e-03,9.8659873322e-04,1.0680194366e-03,1.0699509148e-03,1.0919708488e-03
2020-02-27,1.6508057023e-03,1.6803683227e-03,1.6652450654e-03,1.5587306961e-03,1.6428021154e-03,1.7068823117e-03
2020-02-28,1.1906855312e-03,1.2406516800e-03,1.0410776404e-03,1.3147818319e-03,1.0814951967e-03,1.2754213069e-03
2020-02-29,9.8012625628e-04,1.0478931971e-03,8.9282095789e-04,1.0229817102e-03,8.9720864311e-04,1.0397267731e-03
2020-03-01,9.7386295949e-04,1.0146337208e-03,1.0196302259e-03,9.2407739466e-04,9.3209459487e-04,9.7887886121e-04
2020-03-02,1.3136934499e-03,1.3727276465e-03,1.2085845583e-03,1.4013542851e-03,1.2229882377e-03,1.3628125218e-03
2020-03-03,1.4758490290e-03,1.3915857980e-03,1.6872211002e-03,1.3903445640e-03,1.5189446761e-03,1.3911490068e-03
2020-03-04,1.2372818954e-03,1.2997538278e-03,1.1497692037e-03,1.2765986586e-03,1.1705322897e-03,1.2897554969e-03
2020-03-05,8.1221026842e-04,8.2725528442e-04,8.3157474734e-04,7.9734505138e-04,8.0178589925e-04,8.0309035971e-04
2020-03-06,1.0050874849e-03,9.4014878847e-04,1.0556937220e-03,9.9815046527e-04,1.0608125270e-03,9.7063192151e-04
2020-03-07,4.8872784119e-04,4.7442801063e-04,4.7442801063e-04,5.1127347109e-04,5.0908170300e-04,4.7442801063e-04
2020-03-08,7.1270769827e-04,6.9021390186e-04,6.9021390186e-04,7.3351382259e-04,7.5938296315e-04,6.9021390186e-04
2020-03-09,2.1576444999e-03,2.2019794516e-03,2.2019794516e-03,1.7814454512e-03,2.4008386936e-03,2.2019794516e-03
2020-03-10,1.4917248390e-03,1.3538293077e-03,1.3538293077e-03,1.9081143803e-03,1.4890218914e-03,1.3538293077e-03
2020-03-11,1.4049612797e-03,1.3374287164e-03,1.3374287164e-03,1.6671144053e-03,1.3454058441e-03,1.3374287164e-03
2020-03-12,1.3898436325e-03,1.4169381890e-03,1.4169381890e-03,1.4317887239e-03,1.2666148716e-03,1.4169381890e-03
2020-03-13,4.2054803260e-01,5.9052475640e-01,5.9052475640e-01,3.5445561756e-02,2.9572033206e-01,5.9052475640e-01
2020-03-14,2.2720937924e-02,2.6193485689e-02,2.6193485689e-02,1.5894422062e-02,1.9129810491e-02,2.6193485689e-02
2020-03-15,1.0493043288e-02,1.2389276890e-02,1.2389276890e-02,6.8330648146e-03,8.4643209576e-03,1.2389276890e-02
2020-03-16,1.0848327447e-02,1.1986150084e-02,1.1986150084e-02,9.3377029534e-03,8.9454840308e-03,1.1986150084e-02
2020-03-17,1.6144692576e-02,1.7816432342e-02,1.7816432342e-02,1.3723518338e-02,1.3550647514e-02,1.7816432342e-02
2020-03-18,1.1451467815e-02,1.3100730275e-02,1.3100730275e-02,8.6562672491e-03,9.2988810017e-03,1.3100730275e-02
2020-03-19,4.6821928971e-03,4.5553685344e-03,4.5553685344e-03,5.1951889031e-03,4.5496699794e-03,4.5553685344e-03
2020-03-20,1.1357835161e-02,1.2856412397e-02,1.2856412397e-02,7.2519247592e-03,1.0968013855e-02,1.2856412397e-02
2020-03-21,3.1981161972e-03,2.7820956060e-03,2.7820956060e-03,4.3731231914e-03,3.2711709768e-03,2.7820956060e-03
2020-03-22,2.8854892767e-03,2.5096700842e-03,2.5096700842e-03,3.8445043342e-03,3.0539317965e-03,2.5096700842e-03
2020-03-23,5.9096978453e-03,5.6755626198e-03,5.6755626198e-03,5.9266726777e-03,6.5951286893e-03,5.6755626198e-03
2020-03-24,8.8540758875e-03,9.1802485263e-03,9.1802485263e-03,7.3648505316e-03,9.3647833270e-03,9.1802485263e-03
2020-03-25,4.9526486674e-03,4.6615291386e-03,4.6615291386e-03,5.4940380188e-03,5.2846179023e-03,4.6615291386e-03
2020-03-26,3.1683580033e-03,2.8219375832e-03,2.8219375832e-03,3.9300979487e-03,3.4458793180e-03,2.8219375832e-03
2020-03-27,2.3768531958e-03,2.1115213337e-03,2.1115213337e-03,2.8792301763e-03,2.6704718014e-03,2.1115213337e-03
2020-03-28,2.5044572098e-03,2.2920382815e-03,2.2920382815e-03,2.6535939278e-03,2.9925772767e-03,2.2920382815e-03
2020-03-29,2.1093052011e-03,1.9483717023e-03,1.7060260230e-03,2.0135058404e-03,2.8554740667e-03,2.0231483734e-03
2020-03-30,3.1113002919e-03,2.7074973344e-03,2.8207195260e-03,2.7354830273e-03,4.5821666344e-03,2.7106349376e-03
2020-03-31,3.2814885551e-03,2.6021714907e-03,3.4932662683e-03,3.2677799982e-03,4.2268558169e-03,2.8173692013e-03
2020-04-01,1.8778767291e-03,1.6741305337e-03,1.4408470979e-03,1.6986144662e-03,2.8590948815e-03,1.7166966660e-03
2020-04-02,2.1668903404e-03,1.8375411240e-03,1.9435135459e-03,2.0885760574e-03,3.0201925125e-03,1.9446284624e-03
2020-04-03,2.5361234995e-03,2.2696499585e-03,1.9547554614e-03,2.7293789551e-03,3.1994471389e-03,2.5273859838e-03
2020-04-04,1.4183712633e-03,1.2990763376e-03,1.0809708984e-03,1.3128327374e-03,2.0591998938e-03,1.3397764491e-03
2020-04-05,1.5369390802e-03,1.4421789611e-03,1.3792115244e-03,1.5188174700e-03,1.8650131595e-03,1.4794742858e-03
2020-04-06,1.7440829743e-03,1.6633032248e-03,1.6180608277e-03,1.6294700630e-03,2.2256975250e-03,1.5838832312e-03
2020-04-07,2.6186508716e-03,2.2083037533e-03,3.1548703602e-03,2.5312306095e-03,2.9430561852e-03,2.2557934501e-03
2020-04-08,1.7764611984e-03,1.6949315365e-03,1.4671630573e-03,1.7004376946e-03,2.2676405906e-03,1.7521331127e-03
2020-04-09,1.4180535375e-03,1.2989558170e-03,1.3372170248e-03,1.3682779714e-03,1.7562456309e-03,1.3295712433e-03
2020-04-10,1.2009545273e-03,1.1103187422e-03,1.0044640898e-03,1.1407868662e-03,1.5853838306e-03,1.1638191077e-03
2020-04-11,1.4755225994e-03,1.3554947015e-03,1.3011668153e-03,1.3230184607e-03,1.9739127143e-03,1.4240203050e-03
2020-04-12,8.6120659985e-04,8.1106353179e-04,7.5678007979e-04,7.9752970053e-04,1.1220779966e-03,8.1858169053e-04
2020-04-13,1.2653192305e-03,1.2266570692e-03,1.0744727081e-03,1.3090375322e-03,1.4810380882e-03,1.2353907549e-03
2020-04-14,1.6782440942e-03,1.6881544994e-03,1.3706067047e-03,1.7608900332e-03,1.8101265320e-03,1.7614427018e-03
2020-04-15,1.3268511209e-03,1.3177125843e-03,1.1819037025e-03,1.2801424827e-03,1.5416529989e-03,1.3128438358e-03
2020-04-16,1.3750849083e-03,1.3077956550e-03,1.3833788169e-03,1.2234645318e-03,1.6652137524e-03,1.2955717855e-03
2020-04-17,2.1585620852e-03,1.9504609398e-03,2.4357200507e-03,2.3701113451e-03,1.9396016067e-03,2.0969164838e-03
2020-04-18,8.5347894952e-04,8.4814385074e-04,7.9001082341e-04,7.7780050413e-04,1.0255870682e-03,8.2585250114e-04
2020-04-19,8.6730448950e-04,7.9252829611e-04,9.2676157479e-04,7.9012177618e-04,1.0401936421e-03,7.8691715831e-04
2020-04-20,1.1156949950e-03,1.0820651351e-03,1.0738216570e-03,1.0538448676e-03,1.3180738428e-03,1.0506694726e-03
2020-04-21,1.7719658530e-03,1.7517004365e-03,1.6799779210e-03,1.7095451500e-03,1.9453991151e-03,1.7732066427e-03
2020-04-22,9.8842452605e-04,9.6497461267e-04,8.4674151189e-04,9.5576151764e-04,1.1994217895e-03,9.7522319858e-04
2020-04-23,9.6664139946e-04,8.5788397738e-04,1.0411408073e-03,9.0418058426e-04,1.1583690135e-03,8.7163261487e-04
2020-04-24,1.4606768871e-03,1.3369031367e-03,1.5137286027e-03,1.5667914562e-03,1.4293532740e-03,1.4566079660e-03
2020-04-25,6.4612496010e-04,6.4252886200e-04,5.8296555672e-04,6.0358604918e-04,7.7724896057e-04,6.2429537204e-04
2020-04-26,6.7878270085e-04,6.5729893566e-04,6.2885287532e-04,6.4181177084e-04,8.1255480147e-04,6.5339512095e-04
2020-04-27,9.8936820735e-04,9.4469145191e-04,9.7959555776e-04,9.9557994224e-04,1.0778102417e-03,9.4916384314e-04
2020-04-28,1.0070906704e-03,9.9439085474e-04,9.4359349320e-04,9.8813950876e-04,1.1185085793e-03,9.9082091587e-04
2020-04-29,7.2298243230e-04,6.8826662861e-04,6.3566826354e-04,6.5462186379e-04,9.5504196549e-04,6.8131344008e-04
2020-04-30,2.6957078460e-03,2.1754217291e-03,3.7841451384e-03,2.9836473972e-03,2.0508996630e-03,2.4844253021e-03
2020-05-01,2.0748820993e-03,2.2102473972e-03,1.8786860110e-03,2.2952683332e-03,1.6980856531e-03,2.2921231018e-03
2020-05-02,1.1116084616e-03,1.1418831707e-03,1.1389575334e-03,1.0968796428e-03,1.0834409962e-03,1.0968809647e-03
2020-05-03,1.1093246780e-03,1.1364643083e-03,1.1819246528e-03,1.0625160765e-03,1.0970167359e-03,1.0687016165e-03
2020-05-04,1.7969692120e-03,1.9383265261e-03,1.7668358732e-03,1.8818537333e-03,1.5540306092e-03,1.8437993180e-03
2020-05-05,1.5881236367e-03,1.7090379421e-03,1.5036497373e-03,1.6095950420e-03,1.4853198855e-03,1.6330155764e-03
2020-05-06,1.4279797648e-03,1.4462834622e-03,1.3461292397e-03,1.4575599889e-03,1.4382648362e-03,1.4516612969e-03
2020-05-07,1.2779544999e-03,1.2904344300e-03,1.2551561395e-03,1.2983533200e-03,1.2617675280e-03,1.2840610819e-03
2020-05-08,2.1371059855e-03,1.8676373446e-03,2.7023023980e-03,2.2834850469e-03,1.8120217179e-03,2.0200834200e-03
2020-05-09,9.6100445070e-04,9.8419357554e-04,8.8857340222e-04,9.2045613438e-04,1.0506421737e-03,9.6115696764e-04
2020-05-10,1.1510601716e-03,1.1539868955e-03,1.1165117334e-03,1.1024873403e-03,1.2397348208e-03,1.1425800679e-03
2020-05-11,5.8815003884e-03,6.1487582038e-03,6.1285025519e-03,6.2952577788e-03,4.4927642071e-03,6.3422192002e-03
2020-05-12,3.2806890258e-03,3.8730542447e-03,2.5007199899e-03,3.8182177114e-03,2.4876486077e-03,3.7238045754e-03
2020-05-13,2.3832944614e-03,2.7244485998e-03,1.8739163820e-03,2.6244404306e-03,2.2249521651e-03,2.4687147295e-03
2020-05-14,2.1734614627e-03,2.4281927197e-03,1.7692613046e-03,2.4969987874e-03,2.0734777757e-03,2.0993767262e-03
2020-05-15,2.5014078288e-03,2.7390127484e-03,2.0867457226e-03,3.0109367838e-03,2.0693208201e-03,2.6010230689e-03
2020-05-16,1.8709077965e-03,1.9051583686e-03,1.7567244089e-03,1.7371696417e-03,2.0591486485e-03,1.8963379150e-03
2020-05-17,1.1382959520e-03,1.0971470294e-03,1.0780920580e-03,1.0852039291e-03,1.3190384403e-03,1.1119983033e-03
2020-05-18,1.5121395476e-03,1.4613087791e-03,1.5776516625e-03,1.6051885726e-03,1.6233727860e-03,1.2931759378e-03
2020-05-19,1.5483770143e-03,1.5470118004e-03,1.3754582580e-03,1.5457774466e-03,1.6993748142e-03,1.5742627521e-03
2020-05-20,1.5057450225e-03,1.4330392929e-03,1.4446521764e-03,1.4026344302e-03,1.7628573277e-03,1.4855418851e-03
2020-05-21,1.5117906885e-03,1.3688399387e-03,1.5326748022e-03,1.3386220849e-03,1.8947011233e-03,1.4241154933e-03
2020-05-22,1.8383709047e-03,1.6309291091e-03,1.9068834107e-03,1.6443507577e-03,2.1795926176e-03,1.8300986285e-03
2020-05-23,8.9261081608e-04,8.0198454092e-04,9.1810584639e-04,7.8038601861e-04,1.1301450645e-03,8.3243261000e-04
2020-05-24,8.3524828865e-04,7.4380911332e-04,8.1888719628e-04,7.1354842943e-04,1.1259977189e-03,7.7399898533e-04
2020-05-25,1.8520387031e-03,1.6801310570e-03,2.0818152071e-03,1.7136827518e-03,2.1827452724e-03,1.6018192269e-03
2020-05-26,1.3534771288e-03,1.2385432430e-03,1.3349909342e-03,1.3090537846e-03,1.5787658234e-03,1.3060318589e-03
2020-05-27,1.2015646820e-03,1.0544098062e-03,1.2152177306e-03,1.0106757219e-03,1.5973986747e-03,1.1301214766e-03
2020-05-28,1.2359239776e-03,1.0456102792e-03,1.3770958182e-03,1.1636332128e-03,1.5021352593e-03,1.0911453186e-03
2020-05-29,1.1671270204e-03,9.7293708193e-04,1.2814455361e-03,1.0991700040e-03,1.4065848466e-03,1.0754976335e-03
2020-05-30,8.1352683820e-04,6.7284360094e-04,8.8896158466e-04,6.4059044808e-04,1.1316564218e-03,7.3358213554e-04
2020-05-31,9.5146092560e-04,7.7603323830e-04,1.0956951177e-03,8.5900793744e-04,1.1728652127e-03,8.5370312185e-04
2020-06-01,1.2137702369e-03,1.0553132518e-03,1.3726657274e-03,1.0727854603e-03,1.5549008568e-03,1.0131858882e-03
2020-06-02,1.6759551729e-03,1.4314785551e-03,1.9407573525e-03,1.8235641627e-03,1.6465920367e-03,1.5373837577e-03
2020-06-03,3.2103795503e-03,3.2007212010e-03,3.3017340027e-03,3.1225497810e-03,3.0171936358e-03,3.4096991310e-03
2020-06-04,1.0858583441e-03,1.1228127595e-03,9.4740496534e-04,1.0291141035e-03,1.2870585154e-03,1.0429013768e-03
2020-06-05,1.1637946213e-03,1.1806094952e-03,1.0540555849e-03,1.1421522214e-03,1.2477709387e-03,1.1943848665e-03
2020-06-06,8.7413568524e-04,8.7135266251e-04,8.0805080838e-04,7.5963775095e-04,1.0792812255e-03,8.5235597884e-04
2020-06-07,7.6053010602e-04,7.5725105434e-04,6.7874841303e-04,6.7964279063e-04,9.5419236101e-04,7.3281591110e-04
2020-06-08,8.6937170726e-04,7.5936907819e-04,1.0266994760e-03,8.0534474879e-04,1.0093780040e-03,7.4606722931e-04
2020-06-09,7.7216647654e-04,6.7043490983e-04,7.7874966131e-04,6.5167653735e-04,1.0385963887e-03,7.2137488554e-04
2020-06-10,9.6929706549e-04,8.3257099468e-04,1.0776801309e-03,8.2972922042e-04,1.1751214213e-03,9.3138356007e-04
2020-06-11,8.7522517354e-04,7.5882159706e-04,9.8094865122e-04,7.7940334352e-04,1.0419631277e-03,8.1498914823e-04
2020-06-12,1.7776511160e-03,1.5860757100e-03,1.9897592239e-03,1.6061087280e-03,1.8912448811e-03,1.8150670369e-03
2020-06-13,6.7141109587e-04,5.9977253358e-04,7.1915006900e-04,5.7988140006e-04,8.3842886298e-04,6.1982261374e-04
2020-06-14,6.2903868793e-04,5.7698505810e-04,6.1297694689e-04,5.3037863975e-04,8.3583283951e-04,5.8901995542e-04
2020-06-15,9.1925240240e-04,8.6759574493e-04,9.7775073486e-04,8.3898067348e-04,1.1042085486e-03,8.0772631017e-04
2020-06-16,1.1225774541e-03,1.0823303627e-03,1.1139303504e-03,1.0906743581e-03,1.1781394344e-03,1.1478127650e-03
2020-06-17,9.4873567745e-04,8.2426513239e-04,1.0427127446e-03,8.2214433867e-04,1.1544294260e-03,9.0012674558e-04
2020-06-18,7.4054048290e-04,6.4492026413e-04,7.7977389854e-04,6.1159216870e-04,9.8862260933e-04,6.7779347382e-04
2020-06-19,7.0651245242e-04,6.0212749933e-04,7.4106378466e-04,5.7978406435e-04,9.4109618671e-04,6.6849072708e-04
2020-06-20,5.4410601432e-04,4.5212859613e-04,6.0295622540e-04,4.2111035994e-04,7.5399072078e-04,4.9034416933e-04
2020-06-21,4.7808691834e-04,3.7203456151e-04,5.3737652867e-04,3.6348679352e-04,7.0694064530e-04,4.1059606269e-04
2020-06-22,5.2194352107e-04,4.0078846315e-04,6.2091867817e-04,3.9573321422e-04,7.9183799002e-04,4.0043925982e-04
2020-06-23,7.4764146883e-04,5.6243869148e-04,9.2470004803e-04,6.3758967384e-04,9.7066457650e-04,6.4281435429e-04
2020-06-24,6.2157527735e-04,4.6386745949e-04,7.2846337721e-04,4.5012909280e-04,9.3023180275e-04,5.3518465451e-04
2020-06-25,8.6616373171e-04,8.7079853871e-04,8.8081907934e-04,8.1229497460e-04,8.5653592422e-04,9.1037014167e-04
2020-06-26,6.5956593332e-04,6.7514112672e-04,6.4777444176e-04,6.4832353505e-04,6.2134451377e-04,7.0524604930e-04
2020-06-27,4.8760811114e-04,5.0796044596e-04,4.7473568958e-04,4.8574952266e-04,4.6619004027e-04,5.0340485724e-04
2020-06-28,6.4756856605e-04,6.5542132749e-04,6.4297786561e-04,6.5011953811e-04,6.3227354659e-04,6.5705055243e-04
2020-06-29,7.6029139766e-04,7.5393064031e-04,7.6621743896e-04,7.7422238941e-04,7.6511942943e-04,7.4196709019e-04
2020-06-30,6.7351161698e-04,6.8001766692e-04,6.6143646111e-04,6.9831181610e-04,6.7370364686e-04,6.5408849392e-04
2020-07-01,5.4402334895e-04,5.6327838801e-04,5.2871898642e-04,5.5452139079e-04,5.3874524628e-04,5.3485273327e-04
2020-07-02,6.4092017529e-04,6.3516581851e-04,6.4783319516e-04,6.3639122605e-04,6.5512571905e-04,6.3008491769e-04
2020-07-03,5.5383040562e-04,5.6459498655e-04,5.4952275305e-04,5.3591139056e-04,5.3314158819e-04,5.8598130974e-04
2020-07-04,2.5179720940e-04,2.6288288578e-04,2.4589515600e-04,2.4856819377e-04,2.4846493828e-04,2.5317487317e-04
2020-07-05,3.1616477576e-04,3.1687064279e-04,3.1840901904e-04,3.0898127169e-04,3.1694117295e-04,3.1962177234e-04
2020-07-06,4.8425819386e-04,4.9362831721e-04,4.8519074131e-04,4.6809173498e-04,4.7189846982e-04,5.0248170599e-04
2020-07-07,5.4833006633e-04,5.2910977521e-04,5.6483426143e-04,5.3875444064e-04,5.6454382662e-04,5.4440802776e-04
2020-07-08,4.0890038028e-04,4.2324626433e-04,4.0202760193e-04,4.0023781222e-04,3.9887631642e-04,4.2011390651e-04
2020-07-09,5.9006241732e-04,5.7089093851e-04,6.0956785911e-04,5.7703198779e-04,6.0672418717e-04,5.8609711402e-04
2020-07-10,4.5759054139e-04,4.6148412939e-04,4.5740033060e-04,4.5063595548e-04,4.5287249947e-04,4.6555979201e-04
2020-07-11,2.5930356392e-04,2.6675837631e-04,2.5617877567e-04,2.5505007333e-04,2.5510337326e-04,2.6342722106e-04
2020-07-12,2.7420347129e-04,2.7838022665e-04,2.7362199618e-04,2.6945417126e-04,2.7350752551e-04,2.7605343683e-04
2020-07-13,4.5676209804e-04,4.5814037370e-04,4.6280369459e-04,4.4182410883e-04,4.4755699845e-04,4.7348531464e-04
2020-07-14,3.8561421433e-04,3.9631519860e-04,3.7925072573e-04,3.8160905414e-04,3.7934719314e-04,3.9154890007e-04
2020-07-15,3.8378583484e-04,3.9725409074e-04,3.7654782284e-04,3.7629988007e-04,3.7024367112e-04,3.9858370945e-04
2020-07-16,3.9460131338e-04,3.9766859447e-04,3.9649909344e-04,3.8646963785e-04,4.0243659648e-04,3.8993264469e-04
2020-07-17,3.3364496087e-04,3.3514180974e-04,3.3173090544e-04,3.2875476409e-04,3.3181052931e-04,3.4078679579e-04
2020-07-18,1.6940671837e-04,1.6843760903e-04,1.7044681029e-04,1.6989509400e-04,1.7045125183e-04,1.6780282670e-04
2020-07-19,1.8800170602e-04,1.8552025527e-04,1.8991491893e-04,1.8791418918e-04,1.8996181081e-04,1.8669735589e-04
2020-07-20,2.3833913031e-04,2.3769452781e-04,2.3804812846e-04,2.3127486958e-04,2.3865178014e-04,2.4602634555e-04
2020-07-21,2.3000595000e-04,2.2943565195e-04,2.3041684928e-04,2.2864126888e-04,2.3054845768e-04,2.3098752219e-04
2020-07-22,3.3927192199e-04,3.3873584517e-04,3.3706479110e-04,3.2246022424e-04,3.3807059841e-04,3.6002815105e-04
2020-07-23,4.2156828275e-04,4.1537730651e-04,4.2434265881e-04,4.1177125384e-04,4.2483546577e-04,4.3151472883e-04
2020-07-24,3.0946805115e-04,3.0752887232e-04,3.0962059946e-04,3.0572023511e-04,3.0946766648e-04,3.1500288236e-04
2020-07-25,2.3003015180e-04,2.3126024528e-04,2.2899538650e-04,2.2833385914e-04,2.2867398373e-04,2.3288728433e-04
2020-07-26,3.5505939723e-04,3.4972840744e-04,3.5742068861e-04,3.5112370903e-04,3.5698349188e-04,3.6004068919e-04
2020-07-27,7.6894037076e-04,7.6984834999e-04,7.6010705811e-04,7.3645242217e-04,7.6014798509e-04,8.1814603843e-04
2020-07-28,2.9628498863e-03,2.6878387967e-03,3.1398527039e-03,2.9649820254e-03,3.1359660363e-03,2.8856098692e-03
2020-07-29,1.8778685084e-03,1.9209899160e-03,1.8406324132e-03,1.9101285727e-03,1.8281705997e-03,1.8894210405e-03
2020-07-30,2.2067800828e-03,2.1179159140e-03,2.2706576107e-03,2.3658337938e-03,2.2517549850e-03,2.0277381106e-03
2020-07-31,1.3243094232e-03,1.2944313688e-03,1.3463779630e-03,1.4444119192e-03,1.3325035742e-03,1.2038222910e-03
2020-08-01,1.0040850205e-03,9.5803633712e-04,1.0399841557e-03,1.0967462087e-03,1.0305452802e-03,8.9511312103e-04
2020-08-02,1.2770552239e-03,1.2193696912e-03,1.3163407911e-03,1.3178298112e-03,1.3110344106e-03,1.2207014153e-03
2020-08-03,3.3000042343e-03,3.3807281398e-03,3.2302077302e-03,3.1616765585e-03,3.2291444249e-03,3.4982643182e-03
2020-08-04,1.5660275543e-03,1.5287299117e-03,1.5947660159e-03,1.6811773075e-03,1.5834008437e-03,1.4420636930e-03
2020-08-05,1.4138078393e-03,1.3997096254e-03,1.4278413168e-03,1.5190832390e-03,1.4166979626e-03,1.3057070529e-03
2020-08-06,2.3594755972e-03,2.1524011164e-03,2.5157315346e-03,2.5586230368e-03,2.5013473625e-03,2.0692749358e-03
2020-08-07,1.2034486200e-03,1.1851027981e-03,1.2182667074e-03,1.2878187988e-03,1.2097000917e-03,1.1163547038e-03
2020-08-08,6.0566549902e-04,5.9720408846e-04,6.0455958824e-04,6.3235908717e-04,5.8943914096e-04,6.0476559026e-04
2020-08-09,6.4672801204e-04,6.4165451329e-04,6.5799959892e-04,6.3805681641e-04,6.4643940108e-04,6.4948973052e-04
2020-08-10,8.0087349328e-04,7.8657832121e-04,8.1369194377e-04,8.1467242451e-04,7.8475024088e-04,8.0467453604e-04
2020-08-11,1.4791058725e-03,1.4130888390e-03,1.4904384975e-03,1.6415005631e-03,1.3720436075e-03,1.4784578554e-03
2020-08-12,1.7234235768e-03,1.7109224639e-03,1.7156222161e-03,1.7898170909e-03,1.6767566984e-03,1.7239994146e-03
2020-08-13,1.4522670958e-03,1.4689250066e-03,1.4334882535e-03,1.4386069130e-03,1.4770339363e-03,1.4432813695e-03
2020-08-14,1.1361089515e-03,1.1341778445e-03,1.1205267390e-03,1.1683419500e-03,1.1309807763e-03,1.1265174477e-03
2020-08-15,6.2959413123e-04,6.3652867710e-04,6.0441394381e-04,6.5782502744e-04,6.2989575844e-04,6.1930724937e-04
2020-08-16,7.1934986855e-04,7.1161735172e-04,7.2377104196e-04,7.3099734961e-04,7.1070632502e-04,7.1965727442e-04
2020-08-17,7.2598700335e-04,7.1652866907e-04,7.4373522396e-04,7.1289774367e-04,7.2607289380e-04,7.3070048625e-04
2020-08-18,1.2958352734e-03,1.2532679383e-03,1.3456156805e-03,1.3139521467e-03,1.2573818414e-03,1.3089587602e-03
2020-08-19,1.2614980052e-03,1.2405200673e-03,1.2660290133e-03,1.3170022369e-03,1.2204071923e-03,1.2635315161e-03
2020-08-20,1.4222589474e-03,1.4166759587e-03,1.4137683410e-03,1.4576298373e-03,1.4038069962e-03,1.4194136036e-03
2020-08-21,7.3676055299e-04,7.4707975499e-04,7.1970318255e-04,7.3638565997e-04,7.5276294044e-04,7.2787122699e-04
2020-08-22,6.1891007067e-04,6.2975834349e-04,6.1137335904e-04,6.0363614552e-04,6.3361663884e-04,6.1616586648e-04
2020-08-23,5.6125853909e-04,5.6155951619e-04,5.6899594272e-04,5.4309407359e-04,5.6986857873e-04,5.6277458421e-04
2020-08-24,5.7560959829e-04,5.6970002615e-04,5.8869775742e-04,5.6298392286e-04,5.7753436144e-04,5.7913192361e-04
2020-08-25,4.8496100505e-04,4.8299142799e-04,4.9366557377e-04,4.6925810200e-04,4.9248613660e-04,4.8640378487e-04
2020-08-26,8.9447049409e-04,8.7438622285e-04,9.2548220694e-04,8.9684835096e-04,8.6938414392e-04,9.0625154577e-04
2020-08-27,8.6042624707e-04,8.4801620198e-04,8.8586036979e-04,8.4435939579e-04,8.5607628782e-04,8.6781897996e-04
2020-08-28,7.2761717702e-04,7.0470012099e-04,7.3471211957e-04,7.7888839680e-04,6.9154674099e-04,7.2823850676e-04
2020-08-29,4.1386702905e-04,4.1671606509e-04,4.1764457997e-04,3.9672527201e-04,4.2416922113e-04,4.1408000703e-04
2020-08-30,4.7380873444e-04,4.7973229172e-04,4.6876448851e-04,4.6577846962e-04,4.8307836592e-04,4.7169005641e-04
2020-08-31,6.2242681651e-04,6.1556206570e-04,6.5111704447e-04,5.7746112111e-04,6.4243340783e-04,6.2556044342e-04
2020-09-01,5.4062487124e-04,5.3259011784e-04,5.4620844896e-04,5.4456286002e-04,5.4008495206e-04,5.3967797730e-04
2020-09-02,6.7990467957e-04,6.5812674954e-04,7.1999628043e-04,6.5945687053e-04,6.7616421601e-04,6.8577928134e-04
2020-09-03,1.2657137410e-03,1.2499226156e-03,1.3233458638e-03,1.2154544939e-03,1.2581889775e-03,1.2816567542e-03
2020-09-04,2.8627086786e-03,2.8913166111e-03,2.9811131337e-03,2.6862390205e-03,2.8377214699e-03,2.9171531576e-03
2020-09-05,1.2687923021e-03,1.2598296291e-03,1.2475097346e-03,1.3776821689e-03,1.1922399368e-03,1.2667000410e-03
2020-09-06,2.1213680697e-03,2.1088911561e-03,2.0414667811e-03,2.4066033299e-03,1.9348591190e-03,2.1150199625e-03
2020-09-07,1.7802271768e-03,1.8229080394e-03,1.6478228208e-03,1.9890552421e-03,1.6865976097e-03,1.7547521721e-03
2020-09-08,1.7598408766e-03,1.8256949328e-03,1.5784571883e-03,2.0003479660e-03,1.6747637395e-03,1.7199405563e-03
2020-09-09,2.2217249495e-03,2.2544152643e-03,2.0662436200e-03,2.5281751485e-03,2.0639203935e-03,2.1958703210e-03
2020-09-10,1.6197744991e-03,1.7022129164e-03,1.4792059773e-03,1.7166850071e-03,1.6105652451e-03,1.5902033495e-03
2020-09-11,1.0146458070e-03,1.0254188679e-03,9.7371525471e-04,1.0779083806e-03,9.9244566679e-04,1.0037408649e-03
2020-09-12,5.3174573420e-04,5.4654891252e-04,5.0352996389e-04,5.4799350530e-04,5.3624208487e-04,5.2441420445e-04
2020-09-13,5.5056738090e-04,5.7112735784e-04,5.2673509304e-04,5.3854492246e-04,5.7274099188e-04,5.4368853928e-04
2020-09-14,6.8970086998e-04,6.6603103889e-04,7.2735486048e-04,6.7026392323e-04,6.9004933145e-04,6.9480519583e-04
2020-09-15,7.7724721859e-04,7.5690598666e-04,8.2572504887e-04,7.2095019373e-04,8.0084341960e-04,7.8181144409e-04
2020-09-16,7.6117631415e-04,7.2791463879e-04,8.0241251635e-04,7.6238985454e-04,7.4701823042e-04,7.6614633063e-04
2020-09-17,9.5032274853e-04,9.2856259789e-04,9.9557572369e-04,9.0816258104e-04,9.6369548603e-04,9.5561735399e-04
2020-09-18,5.9632097284e-04,5.8431606303e-04,6.0235814345e-04,6.0928458549e-04,5.9117896429e-04,5.9446710796e-04
2020-09-19,3.6252525420e-04,3.6020204388e-04,3.6361201030e-04,3.5950223551e-04,3.6835083379e-04,3.6095914752e-04
2020-09-20,5.0565372966e-04,4.9867686893e-04,5.2668196771e-04,4.7330421019e-04,5.2243523924e-04,5.0717036224e-04
2020-09-21,6.4532369426e-04,6.2431006703e-04,6.7970114325e-04,6.3214638853e-04,6.3559544191e-04,6.5486543060e-04
2020-09-22,9.4581494766e-04,9.2146135612e-04,9.9467639352e-04,9.1649674378e-04,9.3511305096e-04,9.6132719390e-04
2020-09-23,6.6626447469e-04,6.5115743803e-04,6.8449430562e-04,6.6738729971e-04,6.5819717229e-04,6.7008615778e-04
2020-09-24,9.4477330946e-04,9.4251560895e-04,9.7724930833e-04,8.8467645299e-04,9.6439184332e-04,9.5503333371e-04
2020-09-25,8.0806472329e-04,8.0042711797e-04,8.6202104903e-04,7.1531099950e-04,8.4372916391e-04,8.1883528604e-04
2020-09-26,4.1400032390e-04,4.0980314616e-04,4.1412354405e-04,4.2379671967e-04,4.0890956645e-04,4.1336864316e-04
2020-09-27,4.2748247377e-04,4.2761693251e-04,4.3376670955e-04,4.1297028507e-04,4.3432912269e-04,4.2872931901e-04
2020-09-28,5.2533183179e-04,5.2010854194e-04,5.3515515502e-04,5.1943014410e-04,5.2456568743e-04,5.2739963045e-04
2020-09-29,6.4513264456e-04,6.2848553308e-04,6.4439955391e-04,6.9202855819e-04,6.1741521156e-04,6.4333436606e-04
2020-09-30,5.3176237007e-04,5.2981188683e-04,5.3863044109e-04,5.2366930855e-04,5.3405461592e-04,5.3264559796e-04
2020-10-01,6.0832141723e-04,6.0751804939e-04,6.1305815661e-04,6.0310137431e-04,6.0872905475e-04,6.0920045109e-04
2020-10-02,6.6766980824e-04,6.4481227157e-04,6.6991312279e-04,7.3020877941e-04,6.2778674689e-04,6.6562812056e-04
2020-10-03,4.3144559093e-04,4.2369847441e-04,4.2437492472e-04,4.6961779403e-04,4.1142429273e-04,4.2811246873e-04
2020-10-04,3.6859963144e-04,3.7836527082e-04,3.6190022664e-04,3.5672090408e-04,3.7978240879e-04,3.6622934688e-04
2020-10-05,4.6013462935e-04,4.7038124632e-04,4.6200436502e-04,4.2862653362e-04,4.7976498467e-04,4.5989601710e-04
2020-10-06,4.5468664632e-04,4.6621272595e-04,4.4686691897e-04,4.3821647060e-04,4.7072030490e-04,4.5141681116e-04
2020-10-07,5.1917566684e-04,5.1216514225e-04,5.2725314285e-04,5.2584477977e-04,5.0939553384e-04,5.2121973549e-04
2020-10-08,3.8666215642e-04,3.8794444578e-04,3.9974330501e-04,3.5584361789e-04,3.9993978467e-04,3.8983962876e-04
2020-10-09,4.2193751277e-04,4.1049967568e-04,4.4461971918e-04,4.0903942198e-04,4.1901084403e-04,4.2651790300e-04
2020-10-10,2.7004310952e-04,2.6603927491e-04,2.7719846463e-04,2.6747603988e-04,2.6801749778e-04,2.7148427040e-04
2020-10-11,6.5722910751e-04,6.3123870083e-04,6.8265041297e-04,6.8560686630e-04,6.2434719195e-04,6.6230236551e-04
2020-10-12,5.4640627141e-04,5.4297509301e-04,5.4911046260e-04,5.5381893003e-04,5.3993144749e-04,5.4619542391e-04
2020-10-13,7.3754838204e-04,7.2792799500e-04,7.2550919561e-04,7.9338527994e-04,7.0956998734e-04,7.3134945231e-04
2020-10-14,6.9295004489e-04,6.9491384307e-04,6.6722102202e-04,7.4797151306e-04,6.7062678459e-04,6.8401706168e-04
2020-10-15,8.0321580263e-04,8.1321483140e-04,7.7119227303e-04,8.4954776269e-04,7.8942937050e-04,7.9269477554e-04
2020-10-16,5.2971077465e-04,5.2700997495e-04,5.1973822735e-04,5.6089598856e-04,5.1627325749e-04,5.2463642491e-04
2020-10-17,4.0291576927e-04,4.0493384603e-04,3.9482727448e-04,4.1836976613e-04,3.9619257562e-04,4.0025538410e-04
2020-10-18,3.6405657019e-04,3.7065060421e-04,3.5854637261e-04,3.5988843465e-04,3.6892594466e-04,3.6227149483e-04
2020-10-19,3.9003193053e-04,3.9901191782e-04,3.9260946688e-04,3.6133976642e-04,4.0650304248e-04,3.9069545907e-04
2020-10-20,5.0646852488e-04,5.0313518205e-04,5.1488339531e-04,5.0063801065e-04,5.0595807748e-04,5.0772795891e-04
2020-10-21,5.9716185241e-04,5.8094596896e-04,6.0442718213e-04,6.3244470940e-04,5.7098422515e-04,5.9700717643e-04
2020-10-22,1.8892972264e-03,1.8761740831e-03,2.0178039953e-03,1.7040010153e-03,1.9265103733e-03,1.9219966649e-03
2020-10-23,9.2001037494e-04,9.0904499859e-04,8.9092221527e-04,1.0185426599e-03,8.7504200651e-04,9.0649999442e-04
2020-10-24,5.2229774608e-04,5.3212535685e-04,4.8871103122e-04,5.6964779238e-04,5.0989046943e-04,5.1111408053e-04
2020-10-25,7.0087597337e-04,7.2442873390e-04,6.6943006868e-04,7.1069247845e-04,7.0842534081e-04,6.9140324502e-04
2020-10-26,9.8574651371e-04,9.8426049500e-04,9.4362813236e-04,1.0880904816e-03,9.4180043119e-04,9.7095302837e-04
2020-10-27,8.0839173135e-04,7.9767461992e-04,7.7336099479e-04,9.1211705863e-04,7.6467548920e-04,7.9413049422e-04
2020-10-28,1.0057800905e-03,1.0114974270e-03,1.0256305589e-03,9.6119134231e-04,1.0206452882e-03,1.0099358361e-03
2020-10-29,1.5135683351e-03,1.4992816851e-03,1.4963341132e-03,1.6110597565e-03,1.4530692359e-03,1.5080968846e-03
2020-10-30,9.7839526287e-04,9.6619008311e-04,9.5054439059e-04,1.0753929486e-03,9.3483226773e-04,9.6501662431e-04
2020-10-31,6.7110187929e-04,6.6459634512e-04,6.4633462094e-04,7.4381981887e-04,6.3972066160e-04,6.6103794992e-04
2020-11-01,1.0528393538e-03,1.0400396311e-03,1.0362853625e-03,1.1334646798e-03,1.0096118953e-03,1.0447952003e-03
2020-11-02,9.7610015051e-04,9.8002305256e-04,9.3415467814e-04,1.0579138058e-03,9.4682459790e-04,9.6158461820e-04
2020-11-03,1.0508858282e-03,1.0556863827e-03,1.0018747696e-03,1.1436109263e-03,1.0190101686e-03,1.0342468936e-03
2020-11-04,1.1789402393e-03,1.2158775972e-03,1.1805795728e-03,1.1399240368e-03,1.1577765475e-03,1.2005434422e-03
2020-11-05,1.4362802256e-03,1.4540240018e-03,1.3970157517e-03,1.5474925630e-03,1.3294808788e-03,1.4533879328e-03
2020-11-06,1.9864364533e-03,2.0119192341e-03,2.2718325748e-03,1.4665665493e-03,2.1472685227e-03,2.0345953859e-03
2020-11-07,9.7503889494e-04,9.6800720966e-04,9.0663759677e-04,1.1851531469e-03,8.4098172656e-04,9.7441479484e-04
2020-11-08,1.6677487624e-03,1.7447665127e-03,1.6340007936e-03,1.6586852305e-03,1.5935612192e-03,1.7077300562e-03
2020-11-09,1.6572988491e-03,1.7478644373e-03,1.6666399511e-03,1.4703768494e-03,1.7092670546e-03,1.6923459531e-03
2020-11-10,1.7607012007e-03,1.7953920908e-03,1.5985111158e-03,2.0833168728e-03,1.5578709520e-03,1.7684149719e-03
2020-11-11,1.1870942837e-03,1.2504897172e-03,1.0621588190e-03,1.3135163007e-03,1.1163914584e-03,1.1929151233e-03
2020-11-12,1.5196499374e-03,1.5845099763e-03,1.4920460611e-03,1.4323485548e-03,1.5525828977e-03,1.5367621972e-03
2020-11-13,1.3526343770e-03,1.3532142678e-03,1.3907518952e-03,1.3172747666e-03,1.3378607101e-03,1.3640702453e-03
2020-11-14,6.3992888149e-04,6.4747079240e-04,5.9969566101e-04,7.0563541053e-04,6.1131539831e-04,6.3552714519e-04
2020-11-15,7.8397298281e-04,7.8256256824e-04,7.7969107642e-04,7.9784441030e-04,7.7868523333e-04,7.8108162575e-04
2020-11-16,9.2569858189e-04,9.0722997206e-04,9.2545689904e-04,9.6931551802e-04,9.1041640203e-04,9.1607411828e-04
2020-11-17,1.1265118188e-03,1.1229994090e-03,1.1823671752e-03,1.0040684148e-03,1.1979307573e-03,1.1251933378e-03
2020-11-18,1.3828600413e-03,1.3410012558e-03,1.5266887345e-03,1.2241548963e-03,1.4371648104e-03,1.3852905094e-03
2020-11-19,2.3768372668e-03,2.2774850953e-03,2.3586578153e-03,2.7944813512e-03,2.0787422457e-03,2.3748198263e-03
2020-11-20,1.2589929363e-03,1.2646287116e-03,1.1695630806e-03,1.4585138779e-03,1.1479283258e-03,1.2543306857e-03
2020-11-21,1.0941204122e-03,1.1351545933e-03,1.1008059462e-03,9.9468541117e-04,1.1331024169e-03,1.1068536933e-03
2020-11-22,1.1263953224e-03,1.1620162458e-03,1.0482033319e-03,1.2248000448e-03,1.0650128864e-03,1.1319441032e-03
2020-11-23,1.7277232844e-03,1.7482636690e-03,1.6571554063e-03,1.8801350755e-03,1.6179093488e-03,1.7351529224e-03
2020-11-24,1.4472928130e-03,1.4106541884e-03,1.3652409752e-03,1.7255271918e-03,1.3047986341e-03,1.4302430758e-03
2020-11-25,1.8099386325e-03,1.8140459522e-03,1.8630264215e-03,1.7436465060e-03,1.8028348512e-03,1.8261394315e-03
2020-11-26,1.9362318873e-03,1.9656534176e-03,1.9016798509e-03,1.9690005978e-03,1.8898702120e-03,1.9549553582e-03
2020-11-27,4.0175438020e-03,4.0748945741e-03,4.1203632477e-03,3.9403009153e-03,3.8336813657e-03,4.1184789074e-03
2020-11-28,1.2910293616e-03,1.3442950592e-03,1.2104830729e-03,1.3659737204e-03,1.2042952816e-03,1.3300996738e-03
2020-11-29,1.6294399730e-03,1.6851482318e-03,1.4700199432e-03,1.7985902187e-03,1.6213401096e-03,1.5721013618e-03
2020-11-30,1.9423477596e-03,2.0024653040e-03,1.7834824762e-03,2.1109158567e-03,1.9181447344e-03,1.8967304269e-03
2020-12-01,3.5117861903e-03,3.5311868376e-03,3.4198937787e-03,3.6701479292e-03,3.5550335792e-03,3.3826688268e-03
2020-12-02,2.9938969836e-03,3.0464548982e-03,3.0160954548e-03,2.9742770774e-03,2.8414971578e-03,3.0911603298e-03
2020-12-03,2.5481759764e-03,2.5861901015e-03,2.4818876019e-03,2.6259562485e-03,2.4942904546e-03,2.5525554756e-03
2020-12-04,1.5044907906e-03,1.5451799365e-03,1.4129138961e-03,1.5946094742e-03,1.4616362829e-03,1.5081143634e-03
2020-12-05,1.2043458632e-03,1.2424392660e-03,1.1075289609e-03,1.2908201355e-03,1.1986712138e-03,1.1822697401e-03
2020-12-06,1.1910700182e-03,1.2071372094e-03,1.1127286234e-03,1.2691205846e-03,1.2180630956e-03,1.1483005782e-03
2020-12-07,1.0652112286e-03,1.0489727408e-03,1.0739436452e-03,1.0552644539e-03,1.0965602440e-03,1.0513150591e-03
2020-12-08,8.2718910499e-04,8.1175213327e-04,8.3580044285e-04,8.1014687174e-04,8.5559657126e-04,8.2264950584e-04
2020-12-09,1.2304662688e-03,1.1821371006e-03,1.3372123185e-03,1.1284913841e-03,1.2692360972e-03,1.2352544436e-03
2020-12-10,1.3769623761e-03,1.3170529762e-03,1.5164495433e-03,1.2543966385e-03,1.3970592934e-03,1.3998534290e-03
2020-12-11,8.9833467860e-04,8.7589397818e-04,9.4445706381e-04,8.5345118633e-04,9.1031906082e-04,9.0755210386e-04
2020-12-12,7.3238934325e-04,7.1621735594e-04,7.7432527725e-04,6.9125821196e-04,7.3192429184e-04,7.4822157925e-04
2020-12-13,9.9231633342e-04,9.6146661592e-04,1.0222996569e-03,9.7050383525e-04,1.0526368442e-03,9.5467471482e-04
2020-12-14,1.1089975056e-03,1.0744119315e-03,1.1681847739e-03,1.0580341023e-03,1.1439885610e-03,1.1003681593e-03
2020-12-15,8.2602762598e-04,8.1063342030e-04,8.4190774891e-04,8.0524878249e-04,8.4459897858e-04,8.2774919963e-04
2020-12-16,8.1828056675e-04,8.0022013965e-04,8.4541424685e-04,7.9025075127e-04,8.3641186821e-04,8.1910582778e-04
2020-12-17,2.5848138196e-03,2.3853691743e-03,2.9664451122e-03,2.3121006039e-03,2.8064058807e-03,2.4537483271e-03
2020-12-18,2.9816878054e-03,2.8996793074e-03,3.3490763001e-03,2.7859165526e-03,2.8717836565e-03,3.0019832102e-03
2020-12-19,1.1101857862e-03,1.1497192010e-03,1.0509642846e-03,1.1556875852e-03,1.0625394661e-03,1.1320183943e-03
2020-12-20,1.6402520682e-03,1.6928418237e-03,1.5433635108e-03,1.7643897479e-03,1.5753006307e-03,1.6253646278e-03
2020-12-21,1.9935989514e-03,2.0880717968e-03,1.8591146899e-03,2.1061750497e-03,1.8751237162e-03,2.0395095044e-03
2020-12-22,2.6424454323e-03,2.7883529392e-03,2.4787783598e-03,2.7489580739e-03,2.4383415410e-03,2.7577962476e-03
2020-12-23,2.0677716748e-03,2.0928923572e-03,2.0221957214e-03,2.1720738622e-03,2.0216324117e-03,2.0300640216e-03
2020-12-24,2.4784074948e-03,2.5717300249e-03,2.3843898158e-03,2.5543321055e-03,2.3366610916e-03,2.5449244361e-03
2020-12-25,1.5073055326e-03,1.5602453801e-03,1.4255940145e-03,1.5899554898e-03,1.4388217321e-03,1.5219110466e-03
2020-12-26,1.3063237901e-03,1.3270576519e-03,1.2728821061e-03,1.3679542765e-03,1.2720959812e-03,1.2916289347e-03
2020-12-27,1.8990247344e-03,1.8607132234e-03,1.9533978192e-03,1.9674700695e-03,1.9135012612e-03,1.8000412989e-03
2020-12-28,2.3970451428e-03,2.4462759653e-03,2.5215961740e-03,2.2333561900e-03,2.2034040015e-03,2.5805933833e-03
2020-12-29,2.0711941379e-03,2.1233385066e-03,1.9901584094e-03,2.1499448267e-03,2.0034197065e-03,2.0891092404e-03
2020-12-30,1.7840871965e-03,1.8583669262e-03,1.6747041971e-03,1.8625406834e-03,1.6948651399e-03,1.8299590358e-03
2020-12-31,3.1516577551e-03,3.1737139239e-03,3.0916601573e-03,3.3411348257e-03,3.0993479676e-03,3.0524319011e-03
2021-01-01,1.6099357772e-03,1.6774482415e-03,1.5385433391e-03,1.6350681289e-03,1.5138879697e-03,1.6847312068e-03
2021-01-02,9.0042322162e-04,9.0875035307e-04,8.6418309029e-04,9.2623317107e-04,9.0687321042e-04,8.9607628324e-04
2021-01-03,3.5709356199e-03,3.4196898934e-03,3.9963738886e-03,3.4686235088e-03,3.5447899246e-03,3.4252008840e-03
2021-01-04,3.0136485418e-03,3.0413296914e-03,3.1449826798e-03,2.8981421514e-03,2.8524622024e-03,3.1313259839e-03
2021-01-05,4.1928039288e-03,4.3906328510e-03,4.1391909600e-03,4.1106115872e-03,3.8110161196e-03,4.5125681262e-03
2021-01-06,4.7814549121e-03,4.9309707112e-03,4.6213533397e-03,5.0862576664e-03,4.5011348069e-03,4.7675580362e-03
2021-01-07,7.0291098213e-03,7.1693299000e-03,6.6706239999e-03,7.8386174644e-03,6.7875393671e-03,6.6794383749e-03
2021-01-08,4.8301130403e-03,4.9351122320e-03,4.6821242354e-03,5.1900652848e-03,4.6164231611e-03,4.7268402881e-03
2021-01-09,3.0202139676e-03,3.1757741297e-03,2.8461389874e-03,3.1312702997e-03,2.7818560775e-03,3.1660303437e-03
2021-01-10,2.7752380602e-03,2.9270665541e-03,2.5147598346e-03,2.9281893590e-03,2.6161330243e-03,2.8900415290e-03
2021-01-11,5.3627610219e-03,5.5204557095e-03,5.2533737349e-03,5.4208139743e-03,5.0625235955e-03,5.5566380955e-03
2021-01-12,1.0632241102e-02,1.1151063790e-02,1.0313855233e-02,1.0708947544e-02,9.6263638271e-03,1.1360975117e-02
2021-01-13,6.5827608898e-03,7.1017019804e-03,5.7315462568e-03,7.1520737747e-03,6.0156118723e-03,6.9128705649e-03
2021-01-14,1.0532620792e-02,1.0926701917e-02,9.6432224238e-03,1.1991457944e-02,1.0234038515e-02,9.8676831613e-03
2021-01-15,4.4734479840e-03,4.7601004615e-03,3.7530236789e-03,5.1733820144e-03,4.3341392208e-03,4.3465945443e-03
2021-01-16,4.1407590876e-03,4.3599183323e-03,3.6318099783e-03,4.5616262666e-03,4.0158764471e-03,4.1345644138e-03
2021-01-17,3.0808118534e-03,3.1043002161e-03,3.0024468228e-03,3.0682539580e-03,3.0824181848e-03,3.1466400855e-03
2021-01-18,3.1341843452e-03,3.0828290994e-03,3.2055914404e-03,2.9748656154e-03,3.1869932998e-03,3.2206422709e-03
2021-01-19,2.8756257091e-03,2.8185121542e-03,2.8690790393e-03,2.8136800063e-03,3.0156561836e-03,2.8612011619e-03
2021-01-20,2.5412736345e-03,2.5168130102e-03,2.4627118366e-03,2.5375964715e-03,2.6621073845e-03,2.5271394695e-03
2021-01-21,3.0793014599e-03,2.9686623834e-03,3.2041503523e-03,2.8959535970e-03,3.2394228105e-03,3.0883181563e-03
2021-01-22,6.8183515375e-03,6.3750851013e-03,7.6876081128e-03,6.3703308482e-03,7.2000365594e-03,6.4586970655e-03
2021-01-23,3.0906968988e-03,2.9012420334e-03,3.4667393348e-03,2.8673271562e-03,3.2417609177e-03,2.9764150515e-03
2021-01-24,2.6030464389e-03,2.5372701064e-03,2.6418739109e-03,2.5177332534e-03,2.7284827755e-03,2.5898721483e-03
2021-01-25,2.5265138322e-03,2.4774023992e-03,2.4886424290e-03,2.4923145845e-03,2.6719336006e-03,2.5022761478e-03
2021-01-26,2.5202423366e-03,2.5027225331e-03,2.4355717284e-03,2.4718119665e-03,2.6253935541e-03,2.5657119008e-03
2021-01-27,2.5623404340e-03,2.4949143836e-03,2.6465901535e-03,2.4052920449e-03,2.6476913562e-03,2.6172142318e-03
2021-01-28,4.8363859610e-03,4.5592027876e-03,5.3000129846e-03,4.4806805538e-03,5.1313838836e-03,4.7106495953e-03
2021-01-29,3.6579874060e-03,3.3569872121e-03,4.1432446997e-03,3.4819444155e-03,3.9990631059e-03,3.3086975968e-03
2021-01-30,3.1858379393e-03,3.0862409121e-03,3.5166015541e-03,2.8585984248e-03,3.1318186224e-03,3.3359301831e-03
2021-01-31,2.5091788190e-03,2.5434781841e-03,2.4103273193e-03,2.5072380241e-03,2.5102572451e-03,2.5745933227e-03
2021-02-01,3.3940585418e-03,3.4118211741e-03,3.1953644317e-03,3.5444641746e-03,3.4976477457e-03,3.3209951828e-03
2021-02-02,2.7624067015e-03,2.8066526254e-03,2.5439265579e-03,2.8757729468e-03,2.8271770092e-03,2.7585043684e-03
2021-02-03,3.4368219540e-03,3.4820503574e-03,3.1562842088e-03,3.7647046611e-03,3.5130028226e-03,3.2680677198e-03
2021-02-04,3.0871576698e-03,2.9149358997e-03,3.3108672958e-03,3.0261445505e-03,3.3039395088e-03,2.8799010943e-03
2021-02-05,1.7516226171e-03,1.6772172342e-03,1.9113939479e-03,1.5949521543e-03,1.8031476371e-03,1.7714021122e-03
2021-02-06,1.2011237363e-03,1.1337401768e-03,1.2934058225e-03,1.1432589379e-03,1.2865348937e-03,1.1486788504e-03
2021-02-07,1.5645419757e-03,1.4748533121e-03,1.7440930225e-03,1.4268580931e-03,1.6348568914e-03,1.5420485595e-03
2021-02-08,2.0378925121e-03,1.9352283130e-03,2.2877172296e-03,1.8102493371e-03,2.0822037403e-03,2.0740639403e-03
2021-02-09,9.3087844632e-03,8.3097589589e-03,1.1374950018e-02,8.9113019665e-03,9.9097254404e-03,8.0381859316e-03
2021-02-10,2.6838156282e-03,2.7162289282e-03,2.7005643641e-03,2.5605189885e-03,2.6001242639e-03,2.8416415964e-03
2021-02-11,3.7739132105e-03,3.8337789885e-03,3.5982518044e-03,3.8930227275e-03,3.7681554333e-03,3.7763570987e-03
2021-02-12,3.4242683208e-03,3.3869667749e-03,3.4317486642e-03,3.5366193754e-03,3.4830217526e-03,3.2829850371e-03
2021-02-13,1.5619630402e-03,1.6020579263e-03,1.4457816319e-03,1.6244912801e-03,1.5584980147e-03,1.5789863479e-03
2021-02-14,1.4909290909e-03,1.5050133469e-03,1.4253697815e-03,1.5157723509e-03,1.5095866168e-03,1.4989033583e-03
2021-02-15,2.0455338951e-03,1.9692942213e-03,2.1593704718e-03,1.9775574213e-03,2.1319526513e-03,1.9894947100e-03
2021-02-16,1.9223864179e-03,1.8799648046e-03,2.0057901672e-03,1.8045449409e-03,1.9605385264e-03,1.9610936503e-03
2021-02-17,2.2081638052e-03,2.1347510982e-03,2.3952650368e-03,2.0445171094e-03,2.2342269060e-03,2.2320588753e-03
2021-02-18,3.0118737332e-03,2.8638078691e-03,3.2424326424e-03,2.9427727974e-03,3.1672469032e-03,2.8431084539e-03
2021-02-19,1.2310619258e-03,1.2176264569e-03,1.2098534403e-03,1.2320156270e-03,1.2794529278e-03,1.2163611769e-03
2021-02-20,1.7544802844e-03,1.6427196539e-03,1.9325200109e-03,1.7096858239e-03,1.8676965683e-03,1.6197793651e-03
2021-02-21,1.4002439259e-03,1.3848909421e-03,1.4623966507e-03,1.3177971383e-03,1.3893338765e-03,1.4468010217e-03
2021-02-22,1.6830346742e-03,1.6256276821e-03,1.7848311262e-03,1.6025794692e-03,1.7436271825e-03,1.6585079112e-03
2021-02-23,3.6192573568e-03,3.5734772391e-03,3.8025871012e-03,3.5158783002e-03,3.4877499004e-03,3.7165942432e-03
2021-02-24,9.3088589825e-03,9.5676642092e-03,9.3688095706e-03,9.3861104400e-03,8.5913274795e-03,9.6303832129e-03
2021-02-25,4.8983846912e-03,5.1618243394e-03,4.3734304040e-03,5.4046098902e-03,4.5501651667e-03,5.0018936557e-03
2021-02-26,4.0603038380e-03,4.3176199487e-03,3.5642941442e-03,4.4577810819e-03,3.8785845879e-03,4.0832394276e-03
2021-02-27,2.8808927215e-03,3.0399931445e-03,2.5582720233e-03,3.1877585208e-03,2.6422176285e-03,2.9762222902e-03
2021-02-28,2.7917830245e-03,2.9583337912e-03,2.4170696929e-03,3.1272028630e-03,2.6083749341e-03,2.8479338411e-03
2021-03-01,3.7116043266e-03,3.7266044001e-03,3.6912954754e-03,3.7737865558e-03,3.5572805787e-03,3.8090546231e-03
2021-03-02,4.3033707884e-03,4.2661175125e-03,4.3416625257e-03,4.1884401739e-03,4.6662850793e-03,4.0543486506e-03
2021-03-03,2.8755804997e-03,2.9426463354e-03,2.6997444639e-03,3.0155312991e-03,2.8053981686e-03,2.9145822313e-03
2021-03-04,3.2476265811e-03,3.2278526267e-03,3.2446806781e-03,3.2260737788e-03,3.3570757839e-03,3.1824500379e-03
2021-03-05,2.7280913453e-03,2.7070519231e-03,2.7691929555e-03,2.7044270914e-03,2.6945180063e-03,2.7652667500e-03
2021-03-06,1.4360501829e-03,1.4108298870e-03,1.4581075315e-03,1.4251570637e-03,1.4290563211e-03,1.4571001110e-03
2021-03-07,1.4373526119e-03,1.4260266948e-03,1.4129098764e-03,1.4474122854e-03,1.4634073893e-03,1.4370068139e-03
2021-03-08,2.4052414482e-03,2.3094033085e-03,2.5665513889e-03,2.2625053173e-03,2.5489366522e-03,2.3388105740e-03
2021-03-09,2.0469186826e-03,1.9990030841e-03,2.0775331714e-03,2.0036624226e-03,2.1329186418e-03,2.0214760929e-03
2021-03-10,1.9975304391e-03,1.9124313366e-03,2.1223164374e-03,1.8715087439e-03,2.1526078335e-03,1.9287878439e-03
2021-03-11,2.2932615878e-03,2.1747107608e-03,2.4990002678e-03,2.1379579371e-03,2.3687402601e-03,2.2858987131e-03
2021-03-12,1.8405703973e-03,1.7426119161e-03,2.0143958061e-03,1.7102841219e-03,1.9179464526e-03,1.8176136898e-03
2021-03-13,1.1787891185e-03,1.1318037360e-03,1.2448977862e-03,1.1257380321e-03,1.2026606199e-03,1.1888454181e-03
2021-03-14,2.1754558187e-03,2.0381777902e-03,2.4479921672e-03,1.9488099882e-03,2.3657001052e-03,2.0765990428e-03
2021-03-15,1.9701154145e-03,1.9052306902e-03,2.0540379617e-03,1.8665581049e-03,2.0936004547e-03,1.9311498612e-03
2021-03-16,3.2733641430e-03,3.1749050762e-03,3.4066339650e-03,3.1806722470e-03,3.3330770859e-03,3.2715323410e-03
2021-03-17,2.4893184312e-03,2.4267951801e-03,2.5181884663e-03,2.5396413589e-03,2.4803793878e-03,2.4815877630e-03
2021-03-18,2.7748895296e-03,2.7527302006e-03,2.8053579176e-03,2.6920432029e-03,2.8771534180e-03,2.7471629089e-03
2021-03-19,1.7039208678e-03,1.7237075016e-03,1.6300160400e-03,1.7717670155e-03,1.6930279940e-03,1.7010857876e-03
2021-03-20,1.1618731795e-03,1.1743710285e-03,1.1036049652e-03,1.2231920402e-03,1.1486812723e-03,1.1595165912e-03
2021-03-21,1.0715066231e-03,1.0799321357e-03,1.0265340097e-03,1.0939781606e-03,1.0926438270e-03,1.0644449825e-03
2021-03-22,1.5818515163e-03,1.5383410218e-03,1.6164575357e-03,1.5891304211e-03,1.5902464313e-03,1.5750821714e-03
2021-03-23,2.1905740674e-03,2.1611157290e-03,2.2483486013e-03,2.1178020491e-03,2.2359368413e-03,2.1896671163e-03
2021-03-24,1.5216590619e-03,1.5057600411e-03,1.4906214375e-03,1.6186149433e-03,1.4676900201e-03,1.5256088676e-03
2021-03-25,2.7424094673e-03,2.7115791816e-03,2.7957228346e-03,2.7738166605e-03,2.6730989378e-03,2.7578297219e-03
2021-03-26,2.0092509070e-03,1.9952523048e-03,1.9692080377e-03,2.2094811939e-03,1.8417872993e-03,2.0305256992e-03
2021-03-27,1.5205738893e-03,1.5052545305e-03,1.5932876733e-03,1.3592758757e-03,1.6565725922e-03,1.4884787747e-03
2021-03-28,1.3136780999e-03,1.3327605339e-03,1.2666975717e-03,1.3552059076e-03,1.3024269608e-03,1.3112995255e-03
2021-03-29,1.4627166752e-03,1.4859381814e-03,1.3883940986e-03,1.5446487277e-03,1.4347062179e-03,1.4598961505e-03
2021-03-30,1.6987477978e-03,1.6878425786e-03,1.6964854012e-03,1.6865175235e-03,1.7364358035e-03,1.6864576824e-03
2021-03-31,1.2270454905e-03,1.2122380294e-03,1.2282079514e-03,1.2050412208e-03,1.2746961376e-03,1.2150441134e-03
2021-04-01,1.6019117040e-03,1.5585919102e-03,1.6179164360e-03,1.6630811464e-03,1.5668419669e-03,1.6031270605e-03
2021-04-02,8.8395962135e-04,8.7265205231e-04,8.6669677129e-04,9.0433046382e-04,8.9862976456e-04,8.7748905474e-04
2021-04-03,6.0300223725e-04,5.9652235792e-04,5.9481245016e-04,5.9171542261e-04,6.3658799986e-04,5.9537295572e-04
2021-04-04,1.0105371233e-03,9.7884761676e-04,1.0606077204e-03,9.5204648060e-04,1.0588283832e-03,1.0023554155e-03
2021-04-05,1.0926580292e-03,1.0464865265e-03,1.1567082683e-03,1.0242240624e-03,1.1612850374e-03,1.0745862513e-03
2021-04-06,9.2037566951e-04,8.8202623270e-04,9.5419015554e-04,8.7907040084e-04,9.7978729304e-04,9.0680426541e-04
2021-04-07,9.3152071513e-04,9.1220082586e-04,9.4769467492e-04,9.0321915565e-04,9.6903037401e-04,9.2545854521e-04
2021-04-08,1.7188239093e-03,1.6733511827e-03,1.8038130871e-03,1.6688291486e-03,1.7266378705e-03,1.7214882575e-03
2021-04-09,9.2260568030e-04,8.9241862345e-04,9.6826720978e-04,8.6146718490e-04,9.8487388196e-04,9.0600150140e-04
2021-04-10,4.7908369611e-04,4.7731364837e-04,4.6968396348e-04,4.7333440572e-04,5.0086652092e-04,4.7421994208e-04
2021-04-11,9.5046316040e-04,9.1040494446e-04,1.0171306608e-03,9.1360839071e-04,9.6604946762e-04,9.4512233844e-04
2021-04-12,1.0213616491e-03,9.9592080135e-04,1.0457884107e-03,1.0339389348e-03,1.0101692667e-03,1.0209908316e-03
2021-04-13,9.0720895858e-04,8.9048912929e-04,9.0477474640e-04,9.3640244397e-04,8.9498110477e-04,9.0939736849e-04
2021-04-14,1.5130787848e-03,1.4461181403e-03,1.6563147341e-03,1.3961650415e-03,1.5734747277e-03,1.4933212803e-03
2021-04-15,1.8043061704e-03,1.7954134848e-03,1.7976995357e-03,1.9383837948e-03,1.6600383986e-03,1.8299956381e-03
2021-04-16,8.9289225339e-04,9.0979212208e-04,8.4668125851e-04,9.5905346556e-04,8.5285787452e-04,8.9607654626e-04
2021-04-17,9.5874213979e-04,9.7539952101e-04,9.3788199332e-04,1.0087028545e-03,9.0201537311e-04,9.6971095701e-04
2021-04-18,1.0643735009e-03,1.0934543987e-03,1.0255596448e-03,1.1221106302e-03,1.0068023831e-03,1.0739404474e-03
2021-04-19,5.2889058355e-03,5.3077218414e-03,5.4225929487e-03,5.8225933198e-03,4.4317903942e-03,5.4598306734e-03
2021-04-20,2.2422186287e-03,2.3960390860e-03,1.9474477081e-03,2.6343768974e-03,1.9585257203e-03,2.2747037318e-03
2021-04-21,2.5037853451e-03,2.6730609052e-03,2.2046852293e-03,2.9241882068e-03,2.1783546768e-03,2.5386377073e-03
2021-04-22,3.2956109556e-03,3.6039700661e-03,2.9159469810e-03,3.5219433673e-03,3.1227364314e-03,3.3134579322e-03
2021-04-23,2.9860378044e-03,3.1734352810e-03,2.7008987127e-03,3.4152094845e-03,2.5991240202e-03,3.0415215238e-03
2021-04-24,1.7615002258e-03,1.7847847481e-03,1.6790010030e-03,2.0130562563e-03,1.5315509254e-03,1.7991081960e-03
2021-04-25,1.8287861238e-03,1.8993973404e-03,1.7101119100e-03,1.9763464077e-03,1.7119428995e-03,1.8461320616e-03
2021-04-26,2.4547055833e-03,2.5141231052e-03,2.3437953006e-03,2.6563696202e-03,2.2797645230e-03,2.4794753674e-03
2021-04-27,3.7932306734e-03,3.7573919415e-03,3.9987543969e-03,3.4677553371e-03,4.0260869366e-03,3.7161647549e-03
2021-04-28,1.7643334298e-03,1.8506765690e-03,1.6079521831e-03,1.8591304173e-03,1.7474065882e-03,1.7565013916e-03
2021-04-29,1.9411992438e-03,1.9756037665e-03,1.8425430089e-03,2.0978463332e-03,1.8603756911e-03,1.9296274195e-03
2021-04-30,1.3999133196e-03,1.4219572572e-03,1.3525472571e-03,1.4661881282e-03,1.3599670718e-03,1.3989068836e-03
2021-05-01,1.1576611712e-03,1.1108906213e-03,1.2924576599e-03,9.1545870843e-04,1.3172447977e-03,1.1522540684e-03
2021-05-02,8.7939749464e-04,8.7676498205e-04,8.6859557088e-04,9.3257085910e-04,8.3051616009e-04,8.8853990107e-04
2021-05-03,1.2403071329e-03,1.2354664676e-03,1.2592316967e-03,1.2539455104e-03,1.1988794462e-03,1.2540125434e-03
2021-05-04,1.2027502039e-03,1.1832274813e-03,1.1913804441e-03,1.3029611645e-03,1.1200606421e-03,1.2161212874e-03
2021-05-05,2.2568321353e-03,2.2398528406e-03,2.3431039240e-03,2.1814819927e-03,2.2209522463e-03,2.2987696728e-03
2021-05-06,2.5978094443e-03,2.4194399184e-03,2.9706288223e-03,2.0918046158e-03,2.9153424767e-03,2.5918313884e-03
2021-05-07,1.4783249154e-03,1.4598070687e-03,1.4400323347e-03,1.6345579142e-03,1.3753360022e-03,1.4818912571e-03
2021-05-08,1.0116134312e-03,1.0083434753e-03,9.9952778668e-04,1.0586976526e-03,9.7801743431e-04,1.0134808069e-03
2021-05-09,1.4052884693e-03,1.3776104617e-03,1.4356537252e-03,1.4026578608e-03,1.4018275978e-03,1.4086927010e-03
2021-05-10,1.5612106720e-03,1.5499334894e-03,1.5398137991e-03,1.6813367442e-03,1.4713595236e-03,1.5636098035e-03
2021-05-11,2.3720535288e-03,2.3582094004e-03,2.3188807611e-03,2.5682578462e-03,2.2368860451e-03,2.3780335911e-03
2021-05-12,1.7893964893e-03,1.7820634822e-03,1.7292588092e-03,1.9439783847e-03,1.7154625730e-03,1.7762191975e-03
2021-05-13,5.8927829515e-03,5.9736687206e-03,6.2865380568e-03,4.8220757729e-03,6.4585288313e-03,5.9231033760e-03
2021-05-14,3.4761558058e-03,3.2913351357e-03,3.1576320154e-03,4.6195034788e-03,2.9417451086e-03,3.3705632903e-03
2021-05-15,1.5296145132e-03,1.5997461103e-03,1.3783867661e-03,1.6974534347e-03,1.4793297097e-03,1.4931565451e-03
2021-05-16,3.2734752508e-03,3.3789484235e-03,3.1734971020e-03,3.2281343310e-03,3.3489915827e-03,3.2378048150e-03
2021-05-17,3.8131809205e-03,3.7783433939e-03,3.5062333902e-03,4.5990404607e-03,3.4798000273e-03,3.7024873304e-03
2021-05-18,5.6501271218e-03,5.7838927935e-03,5.3224970343e-03,6.0593622130e-03,5.5171983513e-03,5.5676852167e-03
2021-05-19,3.5620420526e-03,3.6135167082e-03,3.2381970822e-03,4.1762063551e-03,3.2968402935e-03,3.4854498239e-03
2021-05-20,3.3698817553e-02,3.3920132849e-02,3.4565975684e-02,3.1174051244e-02,3.5361959206e-02,3.3471968781e-02
2021-05-21,1.0978949569e-02,1.0089789018e-02,1.2366207266e-02,9.2620978081e-03,1.3079629470e-02,1.0097024285e-02
2021-05-22,9.2409322163e-03,9.5402496587e-03,9.1488264566e-03,9.1080586506e-03,9.6055787719e-03,8.8019475436e-03
2021-05-23,6.1001272007e-03,6.2765419524e-03,5.6945080131e-03,6.8467712223e-03,5.9968234229e-03,5.6859913929e-03
2021-05-24,1.5692006125e-02,1.6025421389e-02,1.5653564330e-02,1.5751483040e-02,1.6280975899e-02,1.4748585968e-02
2021-05-25,1.0163892330e-02,9.3571566170e-03,1.1674455850e-02,7.9521358464e-03,1.2197923687e-02,9.6377896511e-03
2021-05-26,5.4221302502e-03,5.6569727103e-03,5.0058563247e-03,6.0291736550e-03,5.1655762603e-03,5.2530723007e-03
2021-05-27,5.2243994770e-03,5.3745897910e-03,5.1281155424e-03,5.1803421389e-03,5.3288964037e-03,5.1100535092e-03
2021-05-28,3.5589441155e-03,3.6953431772e-03,3.3243452938e-03,3.8482613442e-03,3.3841081372e-03,3.5426626252e-03
2021-05-29,3.6459283686e-03,3.7696676093e-03,3.5996304727e-03,3.5184582387e-03,3.5666956046e-03,3.7751899177e-03
2021-05-30,3.3320167536e-03,3.3622417266e-03,3.1526569304e-03,3.6658793576e-03,3.0261470458e-03,3.4531587078e-03
2021-05-31,3.3393789318e-03,3.3405244955e-03,3.3309017315e-03,3.3713425077e-03,3.2592175027e-03,3.3949084217e-03
2021-06-01,3.2746914096e-03,3.2757672985e-03,3.2948017171e-03,3.1638953972e-03,3.2786364655e-03,3.3603561696e-03
2021-06-02,2.9576019088e-03,3.0706840436e-03,2.7458474533e-03,3.2201774308e-03,2.7079782035e-03,3.0433224127e-03
2021-06-03,2.5300302071e-03,2.6247028854e-03,2.5012294535e-03,2.3819248712e-03,2.5290816526e-03,2.6132121727e-03
2021-06-04,1.7160396594e-03,1.7156829171e-03,1.7473702224e-03,1.5847258099e-03,1.7176693221e-03,1.8147500253e-03
2021-06-05,1.8008284178e-03,1.8627656980e-03,1.7635661270e-03,1.7367347979e-03,1.6939833702e-03,1.9470920957e-03
2021-06-06,2.0370578061e-03,2.0625210675e-03,1.9515942576e-03,2.1395175414e-03,1.8350686273e-03,2.1965875367e-03
2021-06-07,1.6950914769e-03,1.7341104978e-03,1.6210208456e-03,1.7820716547e-03,1.5456342556e-03,1.7926201311e-03
2021-06-08,2.4985995521e-03,2.6061158951e-03,2.4399598671e-03,2.3765613131e-03,2.3762988428e-03,2.6940618422e-03
2021-06-09,2.4993795980e-03,2.5115832873e-03,2.2754769288e-03,2.9476989763e-03,2.1343657617e-03,2.6277730360e-03
2021-06-10,5.4946177110e-03,4.9492055903e-03,6.4497347917e-03,4.1625443997e-03,6.2887844009e-03,5.6228193726e-03
2021-06-11,2.4725378881e-03,2.4748153763e-03,2.3103821750e-03,2.8139375765e-03,2.2268760113e-03,2.5366783016e-03
2021-06-12,1.5550830593e-03,1.5853239485e-03,1.5075447719e-03,1.6110661143e-03,1.5081708560e-03,1.5633096056e-03
2021-06-13,2.4547587799e-03,2.5200625861e-03,2.4327006203e-03,2.3969865378e-03,2.4393051015e-03,2.4847390536e-03
2021-06-14,3.6415367263e-03,3.2545984226e-03,4.3675542385e-03,2.9360279422e-03,4.3882600964e-03,3.2612429321e-03
2021-06-15,2.3449143161e-03,2.2886189806e-03,2.3849821845e-03,2.3455024402e-03,2.3856239709e-03,2.3198440042e-03
2021-06-16,1.8720502941e-03,1.9208418657e-03,1.7501053164e-03,2.0386439987e-03,1.7460488772e-03,1.9046114124e-03
2021-06-17,2.6072936702e-03,2.6816174272e-03,2.6053971585e-03,2.4912502349e-03,2.6178353307e-03,2.6403681997e-03
2021-06-18,1.3759724184e-03,1.4035574611e-03,1.2775569621e-03,1.5048510315e-03,1.2731221290e-03,1.4207745081e-03
2021-06-19,1.4748356846e-03,1.5165967164e-03,1.4554461120e-03,1.4160352257e-03,1.4511994004e-03,1.5349009684e-03
2021-06-20,1.3959930085e-03,1.4033237018e-03,1.3014496107e-03,1.5503119033e-03,1.2856035445e-03,1.4392762821e-03
2021-06-21,1.8698006361e-03,1.8647218912e-03,1.7621213852e-03,2.1552604478e-03,1.7363237926e-03,1.8305756637e-03
2021-06-22,5.8159572990e-03,5.7654159165e-03,5.9902588953e-03,5.4678005144e-03,5.9668239103e-03,5.8894872586e-03
2021-06-23,4.3948981791e-03,4.1651374605e-03,4.2744275979e-03,5.1034000618e-03,4.2343500856e-03,4.1971756898e-03
2021-06-24,4.5594215257e-03,4.3898017750e-03,4.7647972279e-03,4.6022317456e-03,4.8076032173e-03,4.2326736626e-03
2021-06-25,2.7172663400e-03,2.6732185396e-03,2.7808021416e-03,2.7434726422e-03,2.8238291028e-03,2.5650092739e-03
2021-06-26,3.3764679338e-03,3.4744883691e-03,3.5448374595e-03,2.9863261799e-03,3.6080435179e-03,3.2686441425e-03
2021-06-27,2.8617919294e-03,2.7766106853e-03,2.8238148382e-03,3.1427327507e-03,2.8160683065e-03,2.7497330661e-03
2021-06-28,3.7822027264e-03,3.4556578866e-03,4.3281923664e-03,3.3957693047e-03,4.3407244375e-03,3.3906696367e-03
2021-06-29,2.0542609063e-03,2.1264380863e-03,1.9419463640e-03,2.2085100307e-03,1.9565856603e-03,2.0378243903e-03
2021-06-30,2.5053574955e-03,2.4503650795e-03,2.6189354757e-03,2.3984547380e-03,2.6426490246e-03,2.4163831595e-03
2021-07-01,2.5790591557e-03,2.6569622940e-03,2.5301848588e-03,2.5905280732e-03,2.5466262506e-03,2.5709943018e-03
2021-07-02,2.0347364361e-03,2.0595180636e-03,1.9570532910e-03,2.1006048019e-03,1.9490532730e-03,2.1074527509e-03
2021-07-03,9.7912117199e-04,1.0027241104e-03,9.2770996687e-04,1.0357675507e-03,9.2402303469e-04,1.0053811973e-03
2021-07-04,1.1174575101e-03,1.1167959821e-03,1.1336276445e-03,1.0650670119e-03,1.1359416851e-03,1.1358552267e-03
2021-07-05,1.2339616128e-03,1.2647207290e-03,1.2517915066e-03,1.2023522087e-03,1.2538329596e-03,1.1971106602e-03
2021-07-06,1.7324712129e-03,1.7788900191e-03,1.6656181991e-03,1.7168708024e-03,1.6587243832e-03,1.8422526610e-03
2021-07-07,1.4962250770e-03,1.4755581624e-03,1.4068811023e-03,1.6441209202e-03,1.3881467254e-03,1.5664184745e-03
2021-07-08,1.3992499536e-03,1.4478141445e-03,1.3293767910e-03,1.4246771008e-03,1.3238522324e-03,1.4705294994e-03
2021-07-09,1.4338907869e-03,1.4394624269e-03,1.3339267922e-03,1.5343827458e-03,1.3192563163e-03,1.5424256533e-03
2021-07-10,8.5221223603e-04,8.5732786437e-04,8.5196285748e-04,8.2285881447e-04,8.5133533242e-04,8.7757631141e-04
2021-07-11,9.2047894661e-04,9.5056626290e-04,8.7287737466e-04,9.3707804494e-04,8.6956871886e-04,9.7230433167e-04
2021-07-12,1.1010815054e-03,1.1126197280e-03,1.1149200551e-03,1.0797928669e-03,1.1098816081e-03,1.0881932689e-03
2021-07-13,1.2075087985e-03,1.2573769289e-03,1.1541229772e-03,1.1739610179e-03,1.1517632502e-03,1.3003198182e-03
2021-07-14,1.0030467897e-03,1.0297064387e-03,9.2665322084e-04,1.0586692520e-03,9.1785391065e-04,1.0823511265e-03
2021-07-15,1.3490238851e-03,1.3497581247e-03,1.2547846865e-03,1.4873076050e-03,1.2378443308e-03,1.4154246783e-03
2021-07-16,1.1787711691e-03,1.1797058640e-03,1.1063352897e-03,1.2474060895e-03,1.0959264456e-03,1.2644821569e-03
2021-07-17,7.8310023582e-04,8.0482390169e-04,7.3747651362e-04,8.1809877289e-04,7.3356071758e-04,8.2154127330e-04
2021-07-18,8.5317918820e-04,8.6233583524e-04,8.1731957617e-04,8.9063074179e-04,8.1455708843e-04,8.8105269937e-04
2021-07-19,1.0691963017e-03,1.0871396401e-03,1.0648855804e-03,1.1002584087e-03,1.0645547829e-03,1.0291430963e-03
2021-07-20,1.1281090654e-03,1.1602485723e-03,1.0962593137e-03,1.1094079211e-03,1.0994247089e-03,1.1752048112e-03
2021-07-21,1.3646707570e-03,1.3732410542e-03,1.3136352692e-03,1.4056766065e-03,1.3066185338e-03,1.4241823215e-03
2021-07-22,2.2574075276e-03,1.9917570342e-03,2.5712102173e-03,2.0169210159e-03,2.5615335269e-03,2.1456158438e-03
2021-07-23,1.0214975132e-03,1.0168704172e-03,9.6374295982e-04,1.1141695737e-03,9.6148815624e-04,1.0512164593e-03
2021-07-24,7.8266374095e-04,7.6459145201e-04,8.3089582230e-04,7.1081227326e-04,8.3766438443e-04,7.6935477274e-04
2021-07-25,8.9654643217e-04,8.8881995549e-04,9.0853118918e-04,8.7829708007e-04,9.1234656407e-04,8.9473737204e-04
2021-07-26,1.3413600141e-03,1.2941906008e-03,1.4078044865e-03,1.3315177036e-03,1.4081967470e-03,1.2650905323e-03
2021-07-27,3.6355117462e-03,3.2366308834e-03,3.6474156798e-03,4.1481688906e-03,3.6633006817e-03,3.4820425956e-03
2021-07-28,2.9017413685e-03,2.6618753764e-03,3.1889998392e-03,2.7906722816e-03,3.1832414112e-03,2.6839179341e-03
2021-07-29,3.1331315680e-03,3.0564497018e-03,3.1461505213e-03,3.3837096194e-03,3.1430406675e-03,2.9363073301e-03
2021-07-30,1.6393729646e-03,1.6736929725e-03,1.6247225188e-03,1.7143289920e-03,1.6179590156e-03,1.5661613239e-03
2021-07-31,1.7272468134e-03,1.6352170749e-03,1.9395480330e-03,1.5571082471e-03,1.9305102654e-03,1.5738504467e-03
2021-08-01,1.3130027355e-03,1.3378643721e-03,1.3061525386e-03,1.3175505964e-03,1.3040403350e-03,1.2994058353e-03
2021-08-02,2.0995626930e-03,2.1217701061e-03,2.1163503366e-03,2.1310172638e-03,2.1171827435e-03,2.0114930146e-03
2021-08-03,1.4604754875e-03,1.4906566367e-03,1.3904275584e-03,1.5371834347e-03,1.3907401822e-03,1.4933696254e-03
2021-08-04,1.7961368952e-03,1.8103035314e-03,1.7062667696e-03,1.9260489229e-03,1.7087062738e-03,1.8293589781e-03
2021-08-05,1.7339394526e-03,1.6818803967e-03,1.8487487452e-03,1.5973042125e-03,1.8451132243e-03,1.6966506843e-03
2021-08-06,1.6604266966e-03,1.5795203560e-03,1.6133126312e-03,1.8113041914e-03,1.6173532017e-03,1.6806431028e-03
2021-08-07,1.3469678209e-03,1.2735115040e-03,1.3965137173e-03,1.3400028192e-03,1.3979335678e-03,1.3268774959e-03
2021-08-08,1.7463237028e-03,1.6422193345e-03,1.7966555191e-03,1.7795747646e-03,1.7991981111e-03,1.7139707849e-03
2021-08-09,2.0258427150e-03,2.0424991748e-03,1.9711392574e-03,2.2020758827e-03,1.9739884025e-03,1.9395108576e-03
2021-08-10,2.4952536740e-03,2.3243641917e-03,2.6612732119e-03,2.4322646105e-03,2.6594816510e-03,2.3988847049e-03
2021-08-11,1.7067351549e-03,1.7565713699e-03,1.6613322047e-03,1.7555070128e-03,1.6587672399e-03,1.7014979471e-03
2021-08-12,1.5879915081e-03,1.6462883978e-03,1.5612619165e-03,1.5976080782e-03,1.5576993534e-03,1.5770997946e-03
2021-08-13,1.3518175326e-03,1.3744564901e-03,1.2951866845e-03,1.3937500784e-03,1.2953190758e-03,1.4003753341e-03
2021-08-14,1.2037775239e-03,1.1093302416e-03,1.3450362264e-03,1.0455111876e-03,1.3437162074e-03,1.1752937562e-03
2021-08-15,1.0743579210e-03,1.0876204420e-03,1.0106103820e-03,1.1349805331e-03,1.0130624480e-03,1.1255157999e-03
2021-08-16,1.2960432321e-03,1.3185887471e-03,1.2172233151e-03,1.4345623513e-03,1.2207829031e-03,1.2890588441e-03
2021-08-17,1.3577937970e-03,1.3974718163e-03,1.2995586602e-03,1.4006687585e-03,1.2972534704e-03,1.3940162798e-03
2021-08-18,1.5558473170e-03,1.5785069160e-03,1.4998854249e-03,1.6274616878e-03,1.4955095053e-03,1.5778730513e-03
2021-08-19,1.5574240090e-03,1.5708770670e-03,1.4781203972e-03,1.7002313523e-03,1.4723539368e-03,1.5655372920e-03
2021-08-20,1.3598876380e-03,1.2887836610e-03,1.4078939642e-03,1.3362778798e-03,1.4051353988e-03,1.3613472863e-03
2021-08-21,9.3120491559e-04,8.9446915927e-04,9.9913265570e-04,8.3656087010e-04,1.0022052987e-03,9.2365659419e-04
2021-08-22,9.6272160663e-04,9.7775147033e-04,9.3130003177e-04,1.0019459886e-03,9.2958800730e-04,9.7302253510e-04
2021-08-23,1.0865013891e-03,1.0996667490e-03,1.0763114128e-03,1.1065398217e-03,1.0755584930e-03,1.0744304690e-03
2021-08-24,9.3833301999e-04,9.6262520560e-04,8.9752483316e-04,9.7968941138e-04,8.9721806054e-04,9.5460758927e-04
2021-08-25,1.2211792652e-03,1.2464615149e-03,1.1953054974e-03,1.2163677350e-03,1.1917566201e-03,1.2560049584e-03
2021-08-26,1.3310881369e-03,1.3011436474e-03,1.3454561170e-03,1.3198807709e-03,1.3403398767e-03,1.3486202724e-03
2021-08-27,1.2615147880e-03,1.2624603426e-03,1.2239796839e-03,1.3006613551e-03,1.2158318553e-03,1.3046407032e-03
2021-08-28,8.3638439713e-04,8.0479485724e-04,8.7698400620e-04,7.8475485624e-04,8.7596145159e-04,8.3942681438e-04
2021-08-29,6.7344964331e-04,6.9783307016e-04,6.6242737570e-04,6.6529053513e-04,6.6534966173e-04,6.7634757384e-04
2021-08-30,1.0477526143e-03,1.0584550891e-03,1.0139893064e-03,1.1185570003e-03,1.0098757801e-03,1.0378858958e-03
2021-08-31,1.1626121444e-03,1.1926096087e-03,1.1489286307e-03,1.1425667520e-03,1.1510203272e-03,1.1779354036e-03
2021-09-01,9.5436314456e-04,9.6144517465e-04,9.0415232083e-04,1.0403983149e-03,8.9976103471e-04,9.6605887769e-04
2021-09-02,1.2324582496e-03,1.1892742787e-03,1.2828650793e-03,1.1752210898e-03,1.2813006682e-03,1.2336301322e-03
2021-09-03,8.4195837785e-04,8.3597666130e-04,8.0662644748e-04,9.1070821467e-04,8.0284380435e-04,8.5363676145e-04
2021-09-04,7.2456383270e-04,7.1705157989e-04,7.0328258673e-04,7.7178901546e-04,6.9906342286e-04,7.3163255856e-04
2021-09-05,6.9853087942e-04,7.0975294880e-04,6.7690045212e-04,7.2714890430e-04,6.7631709501e-04,7.0253499689e-04
2021-09-06,1.0601935617e-03,1.0237289351e-03,1.1227361105e-03,9.9753138999e-04,1.1232114147e-03,1.0337599582e-03
2021-09-07,7.7005604838e-04,7.8263322523e-04,7.7481668104e-04,7.4413257868e-04,7.7928556485e-04,7.6941219211e-04
2021-09-08,9.6580749651e-03,9.2324336949e-03,9.9819028389e-03,9.7943502726e-03,1.0003246909e-02,9.2784411100e-03
2021-09-09,3.6176164480e-03,3.6590413706e-03,3.7775192000e-03,3.6438094776e-03,3.7546778399e-03,3.2530343519e-03
2021-09-10,2.1563837266e-03,2.1496014686e-03,2.2232646613e-03,2.1331368958e-03,2.2079341264e-03,2.0679814808e-03
2021-09-11,1.8007721071e-03,1.8596614287e-03,1.9370358195e-03,1.5974155298e-03,1.9199074510e-03,1.6898403066e-03
2021-09-12,1.6923797252e-03,1.7391093519e-03,1.8571418790e-03,1.5067406979e-03,1.8392569046e-03,1.5196497928e-03
2021-09-13,1.3518567039e-03,1.3787775122e-03,1.3825287432e-03,1.4187638980e-03,1.3839082450e-03,1.1953051210e-03
2021-09-14,2.1168938526e-03,2.0694380023e-03,1.8887520295e-03,2.4207908474e-03,1.8978347165e-03,2.3076536675e-03
2021-09-15,1.5646765271e-03,1.5099460958e-03,1.6652788910e-03,1.4308876548e-03,1.6620327193e-03,1.5552372748e-03
2021-09-16,1.2870303477e-03,1.2990998435e-03,1.3367342723e-03,1.1383611730e-03,1.3299070122e-03,1.3310494377e-03
2021-09-17,1.0887266302e-03,1.0827919370e-03,1.0013446582e-03,1.0963126164e-03,1.0009930586e-03,1.2621908809e-03
2021-09-18,7.2780493740e-04,7.4872783117e-04,6.8872245430e-04,7.0294370396e-04,6.8768986740e-04,8.1094083018e-04
2021-09-19,7.2991272327e-04,7.2147863535e-04,6.9761896332e-04,7.0137096473e-04,6.9953282699e-04,8.2956222595e-04
2021-09-20,9.0301858865e-04,9.4282708426e-04,8.6410295158e-04,9.1884151879e-04,8.6682399395e-04,9.2249739467e-04
2021-09-21,2.8583060394e-03,2.7914058812e-03,2.7341682873e-03,2.6893991522e-03,2.7431693112e-03,3.3333875649e-03
2021-09-22,3.6753699037e-03,3.6010591915e-03,3.4649511105e-03,4.0411688389e-03,3.4788594937e-03,3.7908108837e-03
2021-09-23,3.1467999164e-03,2.9477333515e-03,3.6352480762e-03,2.8186339154e-03,3.6219460249e-03,2.7104382140e-03
2021-09-24,1.8244676995e-03,1.7725678931e-03,1.8800880058e-03,1.7651831894e-03,1.8741644104e-03,1.8303349990e-03
2021-09-25,1.9787349821e-03,2.0106438128e-03,1.9714410867e-03,1.9467615672e-03,1.9685784622e-03,1.9962499817e-03
2021-09-26,1.6405864771e-03,1.6681409708e-03,1.5902299645e-03,1.7311082364e-03,1.5896513220e-03,1.6238018919e-03
2021-09-27,2.0538641998e-03,2.0925298335e-03,2.0179681345e-03,2.3996677523e-03,2.0249741373e-03,1.7341811415e-03
2021-09-28,1.8402359449e-03,1.8655695022e-03,1.7387483595e-03,1.8701279229e-03,1.7380280040e-03,1.9887059358e-03
2021-09-29,2.0283534166e-03,2.0583330856e-03,1.9331176350e-03,2.0714675073e-03,1.9332272595e-03,2.1456215958e-03
2021-09-30,1.9254063596e-03,1.8451868138e-03,1.8087496093e-03,2.1730688478e-03,1.9165912965e-03,1.8834352309e-03
2021-10-01,1.5563476811e-03,1.3574784671e-03,1.7504047578e-03,1.3839686016e-03,1.5868478585e-03,1.7030387206e-03
2021-10-02,1.5551752345e-03,1.1910245571e-03,2.1970503554e-03,1.4210718641e-03,1.5768891869e-03,1.3898402091e-03
2021-10-03,1.2025675339e-03,1.1356113473e-03,1.0735828485e-03,1.3938069168e-03,1.2848586154e-03,1.1249779414e-03
2021-10-04,1.4244161587e-03,1.3383034300e-03,1.4689399423e-03,1.7062847401e-03,1.5092931188e-03,1.0992595623e-03
2021-10-05,1.6474898879e-03,1.4606091246e-03,1.5696559452e-03,1.8856418660e-03,1.5961915999e-03,1.7253509037e-03
2021-10-06,1.7555110230e-03,1.5481621007e-03,1.9704879547e-03,1.6966276774e-03,1.8915933089e-03,1.6706840730e-03
2021-10-07,2.3562998134e-03,1.8907625312e-03,3.1895559732e-03,2.0914500633e-03,2.3977808570e-03,2.2119496424e-03
2021-10-08,1.6199111781e-03,1.5299346943e-03,1.5297184171e-03,1.6084797469e-03,1.6232062571e-03,1.8082167753e-03
2021-10-09,1.0491369238e-03,9.4298718056e-04,9.1781816568e-04,1.4224485198e-03,1.0161867282e-03,9.4624402470e-04
2021-10-10,1.1463389274e-03,1.0082307955e-03,1.1251318982e-03,1.3182806662e-03,1.2347091247e-03,1.0453421524e-03
2021-10-11,1.5623085883e-03,1.4842797348e-03,1.5832566790e-03,1.9261497689e-03,1.5913167497e-03,1.2265400091e-03
2021-10-12,1.4879587044e-03,1.1918875201e-03,1.6405566628e-03,1.5509585156e-03,1.5940944850e-03,1.4622963383e-03
2021-10-13,1.8866395651e-03,1.7225186398e-03,1.9206922606e-03,1.9978099562e-03,1.9728583411e-03,1.8193186276e-03
2021-10-14,1.8030117309e-03,1.6061389355e-03,1.9421118820e-03,1.9533363815e-03,1.7739884025e-03,1.7394830531e-03
2021-10-15,1.2162626937e-03,1.1380349152e-03,1.0968199587e-03,1.3500784795e-03,1.1417021351e-03,1.3546779801e-03
2021-10-16,1.2548875775e-03,1.0006203055e-03,1.6358190010e-03,1.2488272507e-03,1.2550359287e-03,1.1341354017e-03
2021-10-17,1.2162007696e-03,1.1572239114e-03,1.1603994695e-03,1.3619306353e-03,1.2209165804e-03,1.1805332514e-03
2021-10-18,1.4087910988e-03,1.3705362919e-03,1.4977685920e-03,1.6359052613e-03,1.4022904584e-03,1.1374548904e-03
2021-10-19,1.4387164908e-03,1.3505017013e-03,1.2991825269e-03,1.6644165209e-03,1.3214223717e-03,1.5580593331e-03
2021-10-20,1.6884077638e-03,1.5630090552e-03,1.8703424024e-03,1.6292532728e-03,1.6984183387e-03,1.6810157500e-03
2021-10-21,1.6272627719e-03,1.4987234548e-03,1.7333718144e-03,1.6972713245e-03,1.6197697253e-03,1.5871775406e-03
2021-10-22,2.6151274220e-03,2.8700219798e-03,2.7039689364e-03,1.9351520546e-03,2.3646375261e-03,3.2018566132e-03
2021-10-23,1.4118079205e-03,1.5071275175e-03,1.4360378120e-03,1.4951211333e-03,1.2968692330e-03,1.3238839064e-03
2021-10-24,1.2932996289e-03,1.3281926201e-03,1.2992087410e-03,1.3347641041e-03,1.2664777481e-03,1.2378549313e-03
2021-10-25,1.4895179084e-03,1.6762454581e-03,1.5254955140e-03,1.6060328732e-03,1.4905667662e-03,1.1492489305e-03
2021-10-26,1.4198765615e-03,1.3802035361e-03,1.3584495557e-03,1.3632828151e-03,1.4455629418e-03,1.5518839587e-03
2021-10-27,2.2216497358e-03,2.5326596229e-03,2.4339894040e-03,1.7775941079e-03,2.2445683489e-03,2.1194371954e-03
2021-10-28,2.3190916140e-03,2.3504230265e-03,2.4876847427e-03,2.1896607413e-03,2.2343676890e-03,2.3333218702e-03
2021-10-29,2.0264271176e-03,1.8407357969e-03,2.2371888039e-03,1.8390043147e-03,1.7023599732e-03,2.5128466994e-03
2021-10-30,1.2669122868e-03,1.2331952482e-03,1.3530132604e-03,1.3864908486e-03,1.1768830667e-03,1.1849790103e-03
2021-10-31,1.3512817592e-03,1.4779166193e-03,1.2327417336e-03,1.3900919890e-03,1.3569888862e-03,1.2986695679e-03
2021-11-01,1.5722106443e-03,1.8151730371e-03,1.5292368734e-03,1.6823085562e-03,1.6062672443e-03,1.2280675106e-03
2021-11-02,1.6617387055e-03,1.7640053286e-03,1.3354219742e-03,1.7757197466e-03,1.5375084038e-03,1.8960380742e-03
2021-11-03,1.7761532091e-03,1.6801219987e-03,2.1310793496e-03,1.6220718822e-03,1.7901250424e-03,1.6573677729e-03
2021-11-04,1.7022633590e-03,1.6592410700e-03,1.7214861549e-03,1.8427914342e-03,1.6779636012e-03,1.6098345347e-03
2021-11-05,1.4368231417e-03,1.5203627486e-03,1.4388329319e-03,1.2531474890e-03,1.4202486856e-03,1.5515238536e-03
2021-11-06,1.0101460106e-03,1.0052819548e-03,1.0653221003e-03,1.1618725098e-03,9.6030667416e-04,8.5794681395e-04
2021-11-07,1.0786894541e-03,1.0307578202e-03,1.1837692107e-03,1.1327462299e-03,1.1005903246e-03,9.4558368509e-04
2021-11-08,1.2092380340e-03,1.1299534796e-03,1.5494845641e-03,1.2359646405e-03,1.2979194532e-03,8.3286803256e-04
2021-11-09,1.4230188730e-03,1.1144172356e-03,1.7974097912e-03,1.2868761228e-03,1.4550315618e-03,1.4613596539e-03
2021-11-10,1.6697757325e-03,1.7608340946e-03,1.8095550216e-03,1.6329384979e-03,1.5951613843e-03,1.5503896644e-03
2021-11-11,2.7372189949e-03,2.7503936427e-03,2.8805468415e-03,2.6548732397e-03,2.4948176363e-03,2.9054636142e-03
2021-11-12,1.3802774009e-03,1.4881917126e-03,1.2387097381e-03,1.3334846657e-03,1.2832332374e-03,1.5577676509e-03
2021-11-13,1.1441390701e-03,1.2823562906e-03,1.0821723587e-03,1.2059734902e-03,1.0091894767e-03,1.1410037343e-03
2021-11-14,1.1215081218e-03,1.2497839756e-03,1.0561283172e-03,1.1043900664e-03,1.0781774026e-03,1.1190608469e-03
2021-11-15,1.3353988417e-03,1.4944970852e-03,1.4230489689e-03,1.3182673484e-03,1.3727493275e-03,1.0684314787e-03
2021-11-16,1.3985703462e-03,1.4998407453e-03,1.3265146273e-03,1.3002746814e-03,1.3360901250e-03,1.5301315519e-03
2021-11-17,2.9296275526e-03,3.2765304526e-03,3.3134034958e-03,2.3641970046e-03,2.6216815830e-03,3.0723252268e-03
2021-11-18,1.9046847680e-03,1.9229395059e-03,1.8912636605e-03,2.0287597197e-03,1.7043959219e-03,1.9760650317e-03
2021-11-19,2.4125784450e-03,2.7091080732e-03,2.4447428432e-03,1.8527254769e-03,2.1315396862e-03,2.9247761458e-03
2021-11-20,1.1175562870e-03,1.2010944005e-03,1.1263042397e-03,1.1301316766e-03,1.0082463512e-03,1.1220047671e-03
2021-11-21,1.3308866498e-03,1.3866173252e-03,1.4123588225e-03,1.2050685122e-03,1.2866956405e-03,1.3636929488e-03
2021-11-22,1.5391133045e-03,1.8364787457e-03,1.5830388108e-03,1.4929170195e-03,1.5222440353e-03,1.2608879113e-03
2021-11-23,2.2141910796e-03,2.3988786817e-03,2.0745924933e-03,2.0034912087e-03,1.9514151895e-03,2.6425778249e-03
2021-11-24,2.0052839738e-03,2.0710224221e-03,2.1606689340e-03,1.9101122728e-03,1.7949204477e-03,2.0896957922e-03
2021-11-25,1.7269315715e-03,1.8941332263e-03,1.6129971154e-03,1.7384677539e-03,1.6161214172e-03,1.7729383447e-03
2021-11-26,1.2638177418e-03,1.2945403182e-03,1.2949671296e-03,1.0853264674e-03,1.2082097573e-03,1.4360450365e-03
2021-11-27,2.1589050189e-03,2.5402071407e-03,2.4580071750e-03,1.5727068380e-03,2.0604625792e-03,2.1631413617e-03
2021-11-28,1.2675661809e-03,1.2571289535e-03,1.3643540748e-03,1.2436488594e-03,1.2193990071e-03,1.2533000096e-03
2021-11-29,1.6530667470e-03,1.5147228381e-03,2.1902713318e-03,1.5647286159e-03,1.7038869008e-03,1.2917240486e-03
2021-11-30,1.3934401722e-03,1.4050431819e-03,1.2346574029e-03,1.4803269251e-03,1.2954893881e-03,1.5516839629e-03
2021-12-01,2.1533272664e-03,2.3707224106e-03,2.1150401777e-03,2.1285090182e-03,1.9123702800e-03,2.2399944456e-03
2021-12-02,1.7846073719e-03,1.8195587640e-03,1.7214454335e-03,1.9063035887e-03,1.6641905486e-03,1.8115385247e-03
2021-12-03,1.5291595516e-03,1.6584255583e-03,1.4195785142e-03,1.4409159231e-03,1.3243711620e-03,1.8025066005e-03
2021-12-04,1.6371302106e-03,1.8224891211e-03,1.7519589953e-03,1.4739364521e-03,1.5027389192e-03,1.6345275653e-03
2021-12-05,3.9497840599e-03,4.2343830344e-03,4.4229033615e-03,2.9755398970e-03,3.7323503471e-03,4.3837436594e-03
2021-12-06,2.0121740873e-03,2.1923073489e-03,1.9247892338e-03,2.3760612242e-03,1.9312150912e-03,1.6364975385e-03
2021-12-07,2.3197078633e-03,2.1943891142e-03,1.9213964637e-03,2.5437641667e-03,2.0556470156e-03,2.8833425564e-03
2021-12-08,2.2358863974e-03,2.5942893304e-03,1.7773131246e-03,2.2960774493e-03,2.1923869301e-03,2.3193651526e-03
2021-12-09,2.3249002940e-03,2.4713366254e-03,1.8658647013e-03,2.5685211671e-03,2.2615653750e-03,2.4572136014e-03
2021-12-10,2.4406743123e-03,2.6855616338e-03,2.2622201155e-03,1.8295777037e-03,2.5113832723e-03,2.9146288360e-03
2021-12-11,1.5291546023e-03,1.4891246584e-03,1.4396085313e-03,1.8877352781e-03,1.3624842743e-03,1.4668202694e-03
2021-12-12,1.6017625012e-03,1.3237117366e-03,1.9079539391e-03,1.6045630685e-03,1.6729199783e-03,1.4996637836e-03
2021-12-13,1.4931617418e-03,1.5269319280e-03,1.5156772001e-03,1.7033350695e-03,1.6445565519e-03,1.0753079597e-03
2021-12-14,2.8167784605e-03,2.9186800511e-03,2.5752996239e-03,2.3534566811e-03,2.9514263772e-03,3.2850295689e-03
2021-12-15,2.2402898955e-03,2.1145153806e-03,2.4341697536e-03,2.1923963020e-03,2.2375229550e-03,2.2228450866e-03
2021-12-16,2.1262927594e-03,1.9446178452e-03,2.0659547141e-03,2.4144052942e-03,2.0884932581e-03,2.1179926851e-03
2021-12-17,1.6960378105e-03,1.7599533943e-03,1.5147311274e-03,1.5316691385e-03,1.7452332781e-03,1.9286021141e-03
2021-12-18,1.5984131059e-03,1.5905406826e-03,1.5811154153e-03,1.7645491235e-03,1.5715782295e-03,1.4842820787e-03
2021-12-19,1.3443732152e-03,1.2411396709e-03,1.3442451463e-03,1.4760728389e-03,1.4297576014e-03,1.2306508186e-03
2021-12-20,1.6365713025e-03,1.6358357719e-03,1.6821692280e-03,1.9866397662e-03,1.6832023367e-03,1.1950094097e-03
2021-12-21,1.5412438079e-03,1.4026922313e-03,1.3139502035e-03,1.8033623920e-03,1.5091118971e-03,1.6771023157e-03
2021-12-22,1.8132726429e-03,1.6540964084e-03,2.0565668105e-03,1.7091811234e-03,1.9832941585e-03,1.6632247139e-03
2021-12-23,1.5680106395e-03,1.4894950920e-03,1.4710007543e-03,1.7327473369e-03,1.7284087481e-03,1.4184012663e-03
2021-12-24,1.3305417349e-03,1.1075211763e-03,1.5310678468e-03,1.1870049113e-03,1.4233846616e-03,1.4037300782e-03
2021-12-25,9.7950612155e-04,8.9125251995e-04,9.7482967608e-04,1.2420831136e-03,9.7085546474e-04,8.1850983339e-04
2021-12-26,1.0722510765e-03,9.9021439023e-04,1.1025490466e-03,1.1705564908e-03,1.1911892192e-03,9.0674623588e-04
2021-12-27,1.1987475719e-03,1.1861580039e-03,1.3997872993e-03,1.2950763624e-03,1.2498361667e-03,8.6288002719e-04
2021-12-28,1.1301552371e-03,1.1010923926e-03,1.0229294090e-03,1.1872347449e-03,1.0907374364e-03,1.2487822026e-03
2021-12-29,2.4953965094e-03,2.7714477907e-03,2.8919745913e-03,1.8368103946e-03,2.4298948228e-03,2.5468549476e-03
2021-12-30,1.8312366178e-03,1.8951059301e-03,1.9216062829e-03,1.7061233018e-03,1.7599062823e-03,1.8734412920e-03
2021-12-31,1.2101801650e-03,1.2269975454e-03,1.2028168541e-03,1.0792123516e-03,1.1085778508e-03,1.4332962229e-03
2022-01-01,1.1304573873e-03,1.2152213500e-03,1.1708999905e-03,1.1213180074e-03,1.0256742590e-03,1.1191733296e-03
2022-01-02,1.1793702453e-03,1.1484691063e-03,1.3773210192e-03,1.0366078790e-03,1.1637684772e-03,1.1706847448e-03
2022-01-03,1.3105402851e-03,1.5191641305e-03,1.4094833158e-03,1.2952246568e-03,1.3023113103e-03,1.0265180120e-03
2022-01-04,1.3399092447e-03,1.4400168172e-03,1.2056227623e-03,1.2317100884e-03,1.2479776396e-03,1.5742189162e-03
2022-01-05,1.6580394539e-03,1.9011739488e-03,1.6833935812e-03,1.4706477200e-03,1.4962335614e-03,1.7387484580e-03
2022-01-06,2.5114400979e-03,2.7814968162e-03,2.7819034564e-03,1.9586546441e-03,2.3176654450e-03,2.7174801276e-03
2022-01-07,1.3052751694e-03,1.4612915281e-03,1.2113633576e-03,1.1168183200e-03,1.1112238405e-03,1.6256788010e-03
2022-01-08,1.5020196111e-03,1.6909150418e-03,1.5954605184e-03,1.3632181264e-03,1.2766614806e-03,1.5838428880e-03
2022-01-09,1.2613952441e-03,1.3986367966e-03,1.2334293101e-03,1.2106368601e-03,1.1265116706e-03,1.3377615832e-03
2022-01-10,1.4084103662e-03,1.6892161044e-03,1.4390124894e-03,1.4153801490e-03,1.3441683481e-03,1.1542747401e-03
2022-01-11,1.7596651383e-03,1.8499323770e-03,1.4976528841e-03,1.8172138865e-03,1.4000213714e-03,2.2335051724e-03
2022-01-12,1.7990319478e-03,2.0398850986e-03,1.8024313254e-03,1.5721232303e-03,1.6444150651e-03,1.9363050198e-03
2022-01-13,1.5559310389e-03,1.6298994516e-03,1.6242530501e-03,1.3710270331e-03,1.5425601003e-03,1.6119155593e-03
2022-01-14,1.5778607690e-03,1.7991531942e-03,1.4859003601e-03,1.2339302044e-03,1.4133758873e-03,1.9569441991e-03
2022-01-15,9.6838594016e-04,1.0464518458e-03,9.7720535579e-04,9.7276466532e-04,8.8278562870e-04,9.6272220517e-04
2022-01-16,9.4054852655e-04,1.0090690193e-03,9.4474771481e-04,9.0151105208e-04,9.2842624576e-04,9.1898860080e-04
2022-01-17,1.0915081256e-03,1.2186517801e-03,1.1855880500e-03,1.1215765916e-03,1.1108330290e-03,8.2089117748e-04
2022-01-18,1.3017412620e-03,1.3246332401e-03,1.2267113979e-03,1.2202672564e-03,1.2337238513e-03,1.5033705646e-03
2022-01-19,1.3473981859e-03,1.3989929201e-03,1.4017061348e-03,1.3047993322e-03,1.2642916650e-03,1.3672008776e-03
2022-01-20,1.5234055670e-03,1.5579622196e-03,1.6183676976e-03,1.4257286816e-03,1.4638241230e-03,1.5511451132e-03
2022-01-21,1.3558734288e-03,1.4095068600e-03,1.3746353146e-03,1.1406017215e-03,1.2163930944e-03,1.6382301534e-03
2022-01-22,3.0097416044e-03,3.3537899223e-03,3.6754393657e-03,2.0511876794e-03,2.7576062781e-03,3.2106847763e-03
2022-01-23,2.5550477605e-03,2.7087378298e-03,2.6545759591e-03,2.3538085475e-03,2.2174415717e-03,2.8406748943e-03
2022-01-24,2.0482409616e-03,2.1822926600e-03,2.2589162758e-03,2.0579453795e-03,2.0437155869e-03,1.6983349057e-03
2022-01-25,2.5099199115e-03,2.5229901670e-03,2.0304586833e-03,2.7579432959e-03,2.0606576820e-03,3.1775497290e-03
2022-01-26,2.4841870229e-03,2.8257009998e-03,2.0578007184e-03,2.5382600936e-03,2.2686289247e-03,2.7305443779e-03
2022-01-27,2.7601632696e-03,2.9243683986e-03,2.3319019835e-03,3.0619755925e-03,2.4599754390e-03,3.0225949342e-03
2022-01-28,1.9310563362e-03,1.9585595555e-03,1.6399138785e-03,1.9595741231e-03,1.7093426741e-03,2.3878914498e-03
2022-01-29,1.3505157478e-03,1.3802880156e-03,1.2191418025e-03,1.5183437683e-03,1.2952515148e-03,1.3395536379e-03
2022-01-30,1.4076836810e-03,1.3983368648e-03,1.3270658190e-03,1.4756021290e-03,1.4469804301e-03,1.3904331622e-03
2022-01-31,1.5488039236e-03,1.7084873469e-03,1.4555627723e-03,1.7035086599e-03,1.6933511128e-03,1.1831097263e-03
2022-02-01,1.5427772009e-03,1.4127364167e-03,1.3773535737e-03,1.6808268441e-03,1.5233824961e-03,1.7195866739e-03
2022-02-02,1.7216499150e-03,1.6818601626e-03,1.6946351217e-03,1.8379463462e-03,1.6956191189e-03,1.6981888256e-03
2022-02-03,2.1322794880e-03,2.1160677600e-03,2.2382726459e-03,1.8962128693e-03,2.3475581887e-03,2.0632859762e-03
2022-02-04,1.3603509095e-03,1.2326066296e-03,1.3443998241e-03,1.3843899292e-03,1.3008833242e-03,1.5394748404e-03
2022-02-05,1.4203168077e-03,9.5656393330e-04,2.2938411707e-03,1.1264095377e-03,1.5225982830e-03,1.2021711140e-03
2022-02-06,1.2181569446e-03,1.1677483073e-03,1.1824160213e-03,1.3166910864e-03,1.2690628999e-03,1.1548664081e-03
2022-02-07,1.4560642542e-03,1.3664927870e-03,1.6747813850e-03,1.5659809238e-03,1.6178996177e-03,1.0551665574e-03
2022-02-08,1.5456012961e-03,1.3146521526e-03,1.5528609627e-03,1.5926640144e-03,1.5881138985e-03,1.6797154521e-03
2022-02-09,1.6781940172e-03,1.6448609518e-03,1.6049977525e-03,1.8384505797e-03,1.6172575198e-03,1.6854032823e-03
2022-02-10,1.4698180387e-03,1.4409147059e-03,1.3996301666e-03,1.5549810405e-03,1.5164085552e-03,1.4371557256e-03
2022-02-11,1.6875144781e-03,1.6201088299e-03,1.6455397414e-03,1.8481778610e-03,1.5530329141e-03,1.7707130442e-03
2022-02-12,1.2637079567e-03,1.2818279002e-03,1.2038345409e-03,1.3405244067e-03,1.2383676173e-03,1.2539853185e-03
2022-02-13,1.1402962488e-03,1.1758295770e-03,1.0352125560e-03,1.1945280693e-03,1.1567340661e-03,1.1391769758e-03
2022-02-14,1.2370753427e-03,1.3308919402e-03,1.1293736208e-03,1.2830626074e-03,1.3125313264e-03,1.1295172184e-03
2022-02-15,1.3102229125e-03,1.3528612062e-03,1.1667618937e-03,1.3565150501e-03,1.3519048594e-03,1.3230715530e-03
2022-02-16,1.2658187353e-03,1.2349090881e-03,1.3140872939e-03,1.0916643183e-03,1.4250025591e-03,1.2634304173e-03
2022-02-17,1.0307685828e-03,1.0890110222e-03,9.4307864829e-04,1.0048445403e-03,1.1068428623e-03,1.0100658408e-03
2022-02-18,1.4441919349e-03,1.5039733671e-03,1.4830011240e-03,1.2333354628e-03,1.4788557728e-03,1.5217939479e-03
2022-02-19,8.4834144177e-04,8.8815842824e-04,8.1169163731e-04,8.9522443109e-04,7.8302980666e-04,8.6360290554e-04
2022-02-20,7.3244663104e-04,7.8831762473e-04,6.6207455083e-04,7.2242561495e-04,7.4937152168e-04,7.4004384303e-04
2022-02-21,1.3952313740e-03,1.5141718488e-03,1.4194728318e-03,1.2917669505e-03,1.4454478169e-03,1.3052974221e-03
2022-02-22,2.3446115370e-03,2.4046331181e-03,2.3477419360e-03,2.4431597640e-03,2.0205566757e-03,2.5069661909e-03
2022-02-23,1.9070203412e-03,1.9262032555e-03,1.9746839425e-03,1.8260508456e-03,1.7875030299e-03,2.0206606326e-03
2022-02-24,1.7615394794e-03,1.9767693672e-03,1.6060795419e-03,1.7037905121e-03,1.6897036030e-03,1.8313543728e-03
2022-02-25,2.4658337380e-03,2.3410051677e-03,2.6229391445e-03,2.6117628898e-03,1.9834189574e-03,2.7700425308e-03
2022-02-26,1.3461716073e-03,1.4352875906e-03,1.2723025827e-03,1.3676892987e-03,1.2455633436e-03,1.4100152208e-03
2022-02-27,1.3026447623e-03,1.4481261066e-03,1.1331199869e-03,1.3401550113e-03,1.2333095620e-03,1.3585131446e-03
2022-02-28,2.5008322150e-03,2.7202330414e-03,2.5050687232e-03,2.5018575861e-03,2.3627176198e-03,2.4142841045e-03
2022-03-01,4.0182008419e-03,3.0139881501e-03,5.8549126811e-03,2.7455155086e-03,4.4010212213e-03,4.0755666485e-03
2022-03-02,2.0611580775e-03,2.0989961880e-03,2.0210957787e-03,2.0084282050e-03,2.0366971359e-03,2.1405730796e-03
2022-03-03,2.1365183723e-03,2.2705162488e-03,1.9897592262e-03,2.2522031976e-03,1.9854842259e-03,2.1846289631e-03
2022-03-04,1.6663015630e-03,1.8114563674e-03,1.4950894699e-03,1.6357483405e-03,1.6229477546e-03,1.7662658824e-03
2022-03-05,1.7967365943e-03,1.9828512374e-03,1.7338732054e-03,1.5899829762e-03,1.8457295463e-03,1.8312460062e-03
2022-03-06,9.7650474022e-04,1.0223931523e-03,8.8645480282e-04,9.6680552495e-04,1.0346773266e-03,9.7219289441e-04
2022-03-07,1.7599085440e-03,1.8069463341e-03,1.7636522297e-03,1.8019994487e-03,1.7867822114e-03,1.6401624962e-03
2022-03-08,1.9568921175e-03,1.9125759445e-03,1.8894177524e-03,2.1965170884e-03,1.7930995501e-03,1.9928502523e-03
2022-03-09,1.8566381612e-03,1.8281381131e-03,1.8403503313e-03,1.9077058558e-03,1.8183949562e-03,1.8886015496e-03
2022-03-10,2.1172816013e-03,1.8274612359e-03,2.4852530869e-03,1.7367891384e-03,2.4459135198e-03,2.0909910256e-03
2022-03-11,2.3110720964e-03,2.3511503314e-03,2.2873777710e-03,2.2334960117e-03,2.2347735963e-03,2.4485627715e-03
2022-03-12,1.2298538608e-03,1.2778438642e-03,1.1454402140e-03,1.3081406604e-03,1.1877103227e-03,1.2301342427e-03
2022-03-13,9.1130480373e-04,9.7585027499e-04,7.8319257160e-04,8.9104138872e-04,1.0141245723e-03,8.9231521098e-04
2022-03-14,1.6161257864e-03,1.6824166436e-03,1.5557242190e-03,1.5987191093e-03,1.7652205420e-03,1.4785484180e-03
2022-03-15,1.8954576811e-03,1.6898939415e-03,2.0317331074e-03,1.8131994114e-03,2.0479781767e-03,1.8944837684e-03
2022-03-16,1.3800846853e-03,1.4133152202e-03,1.2615657862e-03,1.4136857044e-03,1.4458610721e-03,1.3659956437e-03
2022-03-17,2.7278852839e-03,2.3587776304e-03,3.1736182751e-03,2.7426661774e-03,2.6107891178e-03,2.7535752186e-03
2022-03-18,1.1243820202e-03,1.1951753077e-03,9.5869126657e-04,1.1548039327e-03,1.1591510673e-03,1.1540885266e-03
2022-03-19,8.4572092857e-04,8.9117556288e-04,7.7107524866e-04,8.2079122448e-04,9.0889471805e-04,8.3666788878e-04
2022-03-20,8.3118568036e-04,8.9415708743e-04,7.2623143340e-04,7.7450319136e-04,9.4280328113e-04,8.1823340849e-04
2022-03-21,1.2713829095e-03,1.3964365367e-03,1.1605665129e-03,1.2072403976e-03,1.4281365089e-03,1.1645345913e-03
2022-03-22,1.0791577283e-03,1.0304811767e-03,1.0244636411e-03,1.1623212348e-03,1.1207051788e-03,1.0578174100e-03
2022-03-23,1.3610471249e-03,1.2618575819e-03,1.4466869912e-03,1.3158268436e-03,1.4162089957e-03,1.3646552118e-03
2022-03-24,1.0614064180e-03,1.0726187573e-03,1.0083639946e-03,1.0424550939e-03,1.1391120397e-03,1.0444822048e-03
2022-03-25,8.7211251689e-04,8.5837996159e-04,8.4527807605e-04,8.3437023695e-04,9.2220507529e-04,9.0032923456e-04
2022-03-26,5.6700441998e-04,6.0194544669e-04,5.1025373433e-04,5.6498596388e-04,6.0203029888e-04,5.5580665613e-04
2022-03-27,5.7504555299e-04,6.1493263310e-04,5.0920500459e-04,5.3963560361e-04,6.4856129795e-04,5.6289322568e-04
2022-03-28,1.4274467931e-03,1.2462536710e-03,1.7246674974e-03,1.3318977914e-03,1.5122417208e-03,1.3221732848e-03
2022-03-29,1.0995965461e-03,1.1020214997e-03,1.0394342884e-03,1.1644236214e-03,1.0813077014e-03,1.1107956197e-03
2022-03-30,9.7782114111e-04,1.0433755257e-03,8.9381214231e-04,9.6421563432e-04,1.0016467190e-03,9.8605568422e-04
2022-03-31,9.8985419483e-04,1.0863656483e-03,8.8892043493e-04,9.6457427533e-04,1.0194819873e-03,9.8992862827e-04
2022-04-01,1.0197431380e-03,1.1070837075e-03,9.4295516147e-04,9.6683339479e-04,1.0017780211e-03,1.0800654054e-03
2022-04-02,6.4513895564e-04,6.6687462230e-04,6.3221029519e-04,6.4453157340e-04,6.2961599361e-04,6.5246229368e-04
2022-04-03,8.3222067277e-04,8.7286887444e-04,8.0999596807e-04,8.3395558438e-04,7.9025716176e-04,8.5402577519e-04
2022-04-04,1.0846323863e-03,1.1209742607e-03,1.1165655255e-03,1.0942587989e-03,1.0620987876e-03,1.0292645590e-03
2022-04-05,9.8914852821e-04,1.0634879141e-03,8.9749678703e-04,1.0178575757e-03,9.4862379551e-04,1.0182765688e-03
2022-04-06,1.0809532148e-03,1.2284148636e-03,9.8011266308e-04,1.0083083007e-03,1.0728159700e-03,1.1151142767e-03
2022-04-07,1.6219490017e-03,1.7965723664e-03,1.5927261229e-03,1.4657644440e-03,1.5731494522e-03,1.6815326232e-03
2022-04-08,8.4437934424e-04,9.2700966805e-04,7.8256884078e-04,8.5159317484e-04,7.4175244374e-04,9.1897259381e-04
2022-04-09,7.2416197700e-04,8.3079067963e-04,6.7461322375e-04,6.9340387290e-04,6.6986795824e-04,7.5213415047e-04
2022-04-10,6.0350137218e-04,6.8781295691e-04,5.4590051219e-04,5.4444091322e-04,6.1829955249e-04,6.2105292609e-04
2022-04-11,9.0013843024e-04,1.0390740122e-03,8.4800827701e-04,8.5653155867e-04,8.9550166415e-04,8.6157663919e-04
2022-04-12,1.6796752772e-03,1.8362374506e-03,1.6754708610e-03,1.5332414035e-03,1.5697995233e-03,1.7836271477e-03
2022-04-13,1.1431013978e-03,1.2400399100e-03,1.1053617645e-03,1.1218483667e-03,1.0435833623e-03,1.2046735855e-03
2022-04-14,1.2219715395e-03,1.2940052407e-03,1.2362708811e-03,1.1481185780e-03,1.1531928736e-03,1.2782701240e-03
2022-04-15,9.0515661743e-04,1.0509351639e-03,8.0690344545e-04,8.3339226000e-04,8.5521864756e-04,9.7933357029e-04
2022-04-16,5.7608032827e-04,6.2226886800e-04,5.5603278176e-04,5.6090929027e-04,5.5957984083e-04,5.8161086048e-04
2022-04-17,5.1935773616e-04,5.7726743246e-04,4.8513045421e-04,5.0305291928e-04,5.0629262820e-04,5.2504524664e-04
2022-04-18,7.7745144320e-04,8.3737986611e-04,7.6282699077e-04,7.6088575638e-04,7.6830879262e-04,7.5785581013e-04
2022-04-19,1.1469075333e-03,1.0978529959e-03,1.1992805471e-03,1.1515404592e-03,1.1131953748e-03,1.1726682896e-03
2022-04-20,7.8518197911e-04,8.3673415810e-04,7.6353932994e-04,7.4980752943e-04,7.7644020052e-04,7.9938867754e-04
2022-04-21,8.4405205072e-04,9.0411350781e-04,8.0975863172e-04,8.5942854723e-04,7.9351255602e-04,8.5344701083e-04
2022-04-22,9.6566828569e-04,9.9645037579e-04,9.5345796486e-04,9.8892972171e-04,8.8692800979e-04,1.0025753563e-03
2022-04-23,6.8636805668e-04,7.3655807022e-04,6.6621836575e-04,6.9393546799e-04,6.3970291463e-04,6.9542546480e-04
2022-04-24,5.3370836812e-04,5.9154674225e-04,5.0144419562e-04,5.1506061485e-04,5.2015296419e-04,5.4033732371e-04
2022-04-25,8.1548562235e-04,8.7207860147e-04,7.9929716728e-04,8.2977500341e-04,7.8230518195e-04,7.9397215762e-04
2022-04-26,1.4827233692e-03,1.4358276318e-03,1.5484907992e-03,1.4965076545e-03,1.4152896579e-03,1.5175011026e-03
2022-04-27,1.7339320766e-03,1.8701929417e-03,1.7459937808e-03,1.5642244997e-03,1.7024673053e-03,1.7867818553e-03
2022-04-28,1.3178471647e-03,1.3459941074e-03,1.3517735786e-03,1.2198100690e-03,1.3325240387e-03,1.3391340298e-03
2022-04-29,1.1369833044e-03,1.1614384170e-03,1.1323977948e-03,1.1548872697e-03,1.0586883366e-03,1.1775047037e-03
2022-04-30,7.9618471322e-04,8.9154407669e-04,7.5947451298e-04,7.5998119271e-04,7.6391475954e-04,8.0600902418e-04
2022-05-01,8.0192252507e-04,8.8909198238e-04,7.6992489875e-04,7.4323522541e-04,7.9179068531e-04,8.1556983350e-04
2022-05-02,1.0707364716e-03,1.0924420026e-03,1.1065185756e-03,1.0210453101e-03,1.0880263621e-03,1.0456501077e-03
2022-05-03,1.0902967297e-03,1.1313492124e-03,1.0486325486e-03,1.1667782145e-03,9.9993468545e-04,1.1047889877e-03
2022-05-04,9.1438451084e-04,1.0077879861e-03,8.6763383241e-04,8.8232873455e-04,8.8356761888e-04,9.3060438223e-04
2022-05-05,1.1058449904e-03,1.0796665721e-03,1.1802514732e-03,9.5250258531e-04,1.1928559216e-03,1.1239483998e-03
2022-05-06,1.7439449137e-03,1.8145475661e-03,1.8060670945e-03,1.5567059080e-03,1.7094339594e-03,1.8329700405e-03
2022-05-07,8.0254605775e-04,8.5405744694e-04,7.7931429535e-04,8.2663238625e-04,7.4140750614e-04,8.1131865407e-04
2022-05-08,8.1307529711e-04,8.5726285142e-04,7.8644837043e-04,8.0994824470e-04,7.8907196268e-04,8.2264505632e-04
2022-05-09,1.6672088343e-03,1.7265548342e-03,1.7087371545e-03,1.6076856135e-03,1.5964427563e-03,1.6966238128e-03
2022-05-10,4.7439034983e-03,4.9860283162e-03,5.0736731669e-03,4.0132384320e-03,4.6266776692e-03,5.0198999074e-03
2022-05-11,3.0079113251e-03,3.0573945005e-03,3.1050589324e-03,3.0287871195e-03,2.6679583423e-03,3.1803577308e-03
2022-05-12,6.3237920999e-03,6.6946548650e-03,6.4474569079e-03,6.2489153948e-03,5.4928484433e-03,6.7350848883e-03
2022-05-13,4.2881415843e-03,4.4577060252e-03,4.0617539623e-03,5.1097487229e-03,3.3047371583e-03,4.5067620525e-03
2022-05-14,2.2321778114e-03,2.4830595797e-03,1.9847912666e-03,2.4078950645e-03,1.9818593283e-03,2.3032838177e-03
2022-05-15,2.2681511069e-03,2.5199798058e-03,2.0658390696e-03,2.1271443773e-03,2.2823030625e-03,2.3454892193e-03
2022-05-16,3.1910207493e-03,3.4513764262e-03,3.0404456061e-03,2.8581166674e-03,3.3298057676e-03,3.2753592790e-03
2022-05-17,3.3502403531e-03,3.6442562280e-03,3.0713185088e-03,3.3280951751e-03,3.3118675603e-03,3.3956642931e-03
2022-05-18,1.9694187975e-03,1.9536031624e-03,1.9154241590e-03,2.0356030921e-03,2.0008432249e-03,1.9416203493e-03
2022-05-19,2.3156356154e-03,2.3161993291e-03,2.2977691474e-03,2.2056971467e-03,2.4981900906e-03,2.2603223632e-03
2022-05-20,1.6065363924e-03,1.4758036462e-03,1.7082595124e-03,1.4887699502e-03,1.7734500145e-03,1.5863988385e-03
2022-05-21,1.1410231930e-03,1.1179431593e-03,1.1180050946e-03,1.1835814322e-03,1.1885862277e-03,1.0970000510e-03
2022-05-22,8.9503522720e-04,8.6279871501e-04,8.6542132930e-04,9.3007557160e-04,9.6642897462e-04,8.5045154548e-04
2022-05-23,1.3886284670e-03,1.2739732122e-03,1.4476001695e-03,1.3615896342e-03,1.5444559649e-03,1.3155233543e-03
2022-05-24,1.6609393127e-03,1.5711948308e-03,1.6552190530e-03,1.7365302923e-03,1.7592376167e-03,1.5825147708e-03
2022-05-25,1.2663447704e-03,1.1686445446e-03,1.2783941427e-03,1.3182151009e-03,1.3669572763e-03,1.1995127874e-03
2022-05-26,1.2026098430e-03,1.1152387420e-03,1.1871616769e-03,1.3318055656e-03,1.2523093532e-03,1.1265338772e-03
2022-05-27,1.3365885917e-03,1.2094333133e-03,1.3603121990e-03,1.5474517702e-03,1.2894311403e-03,1.2763145360e-03
2022-05-28,9.9059233871e-04,9.2763226060e-04,9.8823678736e-04,1.0976519106e-03,9.9953699234e-04,9.3990374264e-04
2022-05-29,8.1268668563e-04,7.7192124756e-04,7.9477253006e-04,8.2155119238e-04,9.0896631597e-04,7.6622214216e-04
2022-05-30,8.9552996926e-04,9.2974358866e-04,8.9776601745e-04,8.2921546419e-04,9.1349170037e-04,9.0743307561e-04
2022-05-31,1.8839154031e-03,1.7299207509e-03,2.0670557703e-03,1.6873101321e-03,1.9890112016e-03,1.9462791609e-03
2022-06-01,1.2154367910e-03,1.2153116436e-03,1.2137356317e-03,1.2722616932e-03,1.1533667620e-03,1.2225082244e-03
2022-06-02,1.7896086532e-03,1.8081720254e-03,1.8543236660e-03,1.6530318063e-03,1.8054086861e-03,1.8271070823e-03
2022-06-03,1.0775726509e-03,1.0526285922e-03,1.0922731912e-03,1.1043506850e-03,1.0548336260e-03,1.0837771602e-03
2022-06-04,7.2956117381e-04,7.6522832315e-04,7.0916009222e-04,7.1847824097e-04,7.2904581292e-04,7.2589339981e-04
2022-06-05,5.8272209948e-04,6.1463424334e-04,5.6530196983e-04,5.6031058351e-04,5.9193424559e-04,5.8142945513e-04
2022-06-06,7.9980059497e-04,8.2351545050e-04,7.8716149599e-04,7.9829249965e-04,7.9539480916e-04,7.9463871958e-04
2022-06-07,1.1224307004e-03,1.0677698904e-03,1.1819200575e-03,1.0705324715e-03,1.1532939847e-03,1.1386370979e-03
2022-06-08,2.1765185428e-03,2.0337063468e-03,2.1861094996e-03,2.5368818728e-03,1.9922488598e-03,2.1336461347e-03
2022-06-09,1.9814423500e-03,2.0002179868e-03,1.9462145224e-03,2.0414499678e-03,1.9625557800e-03,1.9567734929e-03
2022-06-10,1.0018690633e-03,1.0545218560e-03,9.3802899958e-04,1.0447084394e-03,9.9104035936e-04,9.8104566203e-04
2022-06-11,1.1812268889e-03,1.2136638878e-03,1.1467246231e-03,1.2065482238e-03,1.1755633203e-03,1.1636343893e-03
2022-06-12,1.2344885598e-03,1.2797422086e-03,1.1914645309e-03,1.2360074051e-03,1.2480894756e-03,1.2171391790e-03
2022-06-13,2.5258707423e-03,2.4731169365e-03,2.6123261958e-03,2.4715829296e-03,2.5512169940e-03,2.5211106555e-03
2022-06-14,7.9234567851e-03,7.8559670635e-03,8.3899927770e-03,6.7997094116e-03,8.5427877960e-03,8.0288268774e-03
2022-06-15,4.7306365932e-03,4.5561187686e-03,4.5632712022e-03,5.5206057649e-03,4.4320185147e-03,4.5811687155e-03
2022-06-16,5.9159207681e-03,5.6234688307e-03,5.7584705961e-03,6.7481321920e-03,5.7045715762e-03,5.7449606456e-03
2022-06-17,5.0331392283e-03,5.3721339801e-03,4.8381958984e-03,4.5614270245e-03,5.4081757814e-03,4.9857634571e-03
2022-06-18,1.9919836581e-03,2.1227652657e-03,1.8041381985e-03,2.1341206319e-03,1.9743233507e-03,1.9245708436e-03
2022-06-19,5.4010200090e-03,5.3831469467e-03,5.3817682086e-03,5.3942644658e-03,5.4871823678e-03,5.3587380558e-03
2022-06-20,6.4655320344e-03,5.8356525984e-03,6.9306202884e-03,6.0473498023e-03,7.0301270790e-03,6.4839104036e-03
2022-06-21,3.5767748019e-03,3.6224966142e-03,3.4001579567e-03,3.9829160381e-03,3.4395737310e-03,3.4387296696e-03
2022-06-22,3.1844762013e-03,3.2663729769e-03,3.0659302844e-03,3.3400767269e-03,3.1656076544e-03,3.0843933638e-03
2022-06-23,3.7911975532e-03,3.9506887778e-03,3.6896049103e-03,3.7480876692e-03,3.8681853525e-03,3.6994210561e-03
2022-06-24,2.3624105445e-03,2.3110815818e-03,2.4077941455e-03,2.2188984071e-03,2.4897982376e-03,2.3844803507e-03
2022-06-25,1.1246229838e-03,1.1677902031e-03,1.0920859428e-03,1.1541092888e-03,1.0960456206e-03,1.1130838636e-03
2022-06-26,1.1071329143e-03,1.1451716528e-03,1.0951751324e-03,1.0791621833e-03,1.1022342206e-03,1.1139213825e-03
2022-06-27,1.5175744073e-03,1.5742771546e-03,1.5065371309e-03,1.4743655106e-03,1.4967215688e-03,1.5359706717e-03
2022-06-28,1.3584426203e-03,1.4138369765e-03,1.3312547584e-03,1.3736458106e-03,1.3031294288e-03,1.3703461274e-03
2022-06-29,1.2033909912e-03,1.2629103057e-03,1.1938048198e-03,1.1617406154e-03,1.1724802914e-03,1.2260189236e-03
2022-06-30,1.1842115677e-03,1.2188499713e-03,1.1725411164e-03,1.1961855676e-03,1.1275339480e-03,1.2059472350e-03
2022-07-01,1.4729111218e-03,1.4453258969e-03,1.4555277986e-03,1.6245781244e-03,1.3476233376e-03,1.4915004513e-03
2022-07-02,1.6106729654e-03,1.5976364723e-03,1.6050245588e-03,1.7012155402e-03,1.5168181621e-03,1.6326700939e-03
2022-07-03,9.5234909952e-04,1.0155515973e-03,9.2635917690e-04,9.2541972390e-04,9.4605111053e-04,9.4836388893e-04
2022-07-04,1.7722398431e-03,1.7971412648e-03,1.7446041489e-03,1.8320715728e-03,1.7106692624e-03,1.7767129664e-03
2022-07-05,1.9100893069e-03,1.9103139596e-03,1.9395398002e-03,1.7753581816e-03,1.9778033540e-03,1.9474312389e-03
2022-07-06,1.7791819030e-03,1.8199281407e-03,1.7352394102e-03,1.8685190032e-03,1.7022413670e-03,1.7699815940e-03
2022-07-07,1.6450492071e-03,1.6308265346e-03,1.6521790404e-03,1.6692380343e-03,1.6005934803e-03,1.6724089457e-03
2022-07-08,1.2918860031e-03,1.2563573509e-03,1.3322969590e-03,1.2141668584e-03,1.3292184542e-03,1.3273903927e-03
2022-07-09,1.1935389869e-03,1.1777527805e-03,1.1668644300e-03,1.3309364141e-03,1.1068037242e-03,1.1853375858e-03
2022-07-10,1.0650350551e-03,1.0936924081e-03,1.0418125459e-03,1.0943120272e-03,1.0384782249e-03,1.0568800692e-03
2022-07-11,1.6409555279e-03,1.6845372380e-03,1.6370350343e-03,1.5846814156e-03,1.6541980778e-03,1.6443258739e-03
2022-07-12,1.6433997982e-03,1.7107077587e-03,1.6235626108e-03,1.5878800858e-03,1.6617194444e-03,1.6331290914e-03
2022-07-13,1.5766479913e-03,1.6208285536e-03,1.5595054050e-03,1.5467541527e-03,1.5886199143e-03,1.5675319310e-03
2022-07-14,2.4659027830e-03,2.2982390536e-03,2.5580074291e-03,2.5160496878e-03,2.4620286890e-03,2.4951890556e-03
2022-07-15,1.3745605023e-03,1.3563596885e-03,1.3622209508e-03,1.4397470171e-03,1.3530512770e-03,1.3614235779e-03
2022-07-16,9.3280714393e-04,9.3976821594e-04,9.1620102248e-04,9.6701461637e-04,9.2026719253e-04,9.2078467231e-04
2022-07-17,1.1852391032e-03,1.1794609253e-03,1.1821849933e-03,1.1985793999e-03,1.1885189951e-03,1.1774512026e-03
2022-07-18,1.6935405880e-03,1.7119864175e-03,1.6733921154e-03,1.7193926873e-03,1.6890236848e-03,1.6739080352e-03
2022-07-19,2.5407018505e-03,2.3500929051e-03,2.6930089278e-03,2.4217802685e-03,2.6420504668e-03,2.5965766841e-03
2022-07-20,2.6374801073e-03,2.4962095677e-03,2.7032000751e-03,2.7008840690e-03,2.6420702524e-03,2.6450365724e-03
2022-07-21,2.3874297320e-03,2.3686526407e-03,2.3289535533e-03,2.5960867554e-03,2.3071383149e-03,2.3363173956e-03
2022-07-22,1.6648767445e-03,1.6745990147e-03,1.6068617822e-03,1.8098698631e-03,1.6112263894e-03,1.6218266732e-03
2022-07-23,1.2394388467e-03,1.2767129352e-03,1.2037754876e-03,1.2701174135e-03,1.2337389233e-03,1.2128494736e-03
2022-07-24,1.2571761273e-03,1.2867015555e-03,1.2276943030e-03,1.2817818909e-03,1.2553767501e-03,1.2343261369e-03
2022-07-25,1.6084142273e-03,1.6031674530e-03,1.5880228736e-03,1.6804881607e-03,1.5779671004e-03,1.5924255488e-03
2022-07-26,2.0234522873e-03,2.0608902096e-03,2.0229470891e-03,1.9663312119e-03,2.0375064516e-03,2.0295864742e-03
2022-07-27,1.2112873696e-03,1.2413998823e-03,1.1825794107e-03,1.2427248269e-03,1.1888766749e-03,1.2008560532e-03
2022-07-28,1.9654536432e-03,1.8529881266e-03,2.0971018315e-03,1.7581902775e-03,2.0968215724e-03,2.0221664081e-03
2022-07-29,1.5595644642e-03,1.4886706744e-03,1.5933360555e-03,1.5920274442e-03,1.5505885596e-03,1.5731995873e-03
2022-07-30,9.5691278435e-04,9.5552559324e-04,9.3494688579e-04,1.0330047272e-03,9.1392288802e-04,9.4716382753e-04
2022-07-31,1.1315888083e-03,1.1269997654e-03,1.1166638354e-03,1.1919409376e-03,1.0975206649e-03,1.1248188383e-03
2022-08-01,1.6939331915e-03,1.6912113175e-03,1.6786519165e-03,1.7544831700e-03,1.6625495073e-03,1.6827700464e-03
2022-08-02,1.2850344110e-03,1.3247724218e-03,1.2394581817e-03,1.3403150451e-03,1.2578368014e-03,1.2627896050e-03
2022-08-03,1.6013721137e-03,1.6005110621e-03,1.5784948429e-03,1.6839568468e-03,1.5519021224e-03,1.5919956941e-03
2022-08-04,1.1810675454e-03,1.2058165974e-03,1.1637724364e-03,1.1874162187e-03,1.1764369698e-03,1.1718955047e-03
2022-08-05,9.7993658464e-04,9.8150377191e-04,9.6754948805e-04,1.0175947518e-03,9.5738053450e-04,9.7565437697e-04
2022-08-06,7.1652140456e-04,7.1159816987e-04,7.2400417580e-04,7.0358030878e-04,7.1833195243e-04,7.2509241592e-04
2022-08-07,6.2656150861e-04,6.4708407911e-04,6.2267914445e-04,6.0038178216e-04,6.3533426540e-04,6.2732827191e-04
2022-08-08,7.0380010156e-04,7.1567878336e-04,7.0527065641e-04,6.7872080327e-04,7.0760359949e-04,7.1172666529e-04
2022-08-09,9.5802841180e-04,9.4723963361e-04,9.6888483844e-04,9.4863229287e-04,9.5022305591e-04,9.7516223815e-04
2022-08-10,8.4352132477e-04,8.5502831325e-04,8.4786035129e-04,8.1608304326e-04,8.4287268399e-04,8.5576223207e-04
2022-08-11,1.2501399528e-03,1.2016577495e-03,1.2831120008e-03,1.2484306253e-03,1.2373330706e-03,1.2801663179e-03
2022-08-12,8.7965967169e-04,8.6227381732e-04,8.7073265088e-04,9.4382194257e-04,8.4438601204e-04,8.7708393563e-04
2022-08-13,5.6482853069e-04,5.6853040064e-04,5.6444373404e-04,5.5797177094e-04,5.6862668833e-04,5.6457005952e-04
2022-08-14,6.7697026546e-04,6.7582024075e-04,6.7277161475e-04,6.9348484609e-04,6.6763478428e-04,6.7513984141e-04
2022-08-15,9.1488127703e-04,9.2016187046e-04,9.0883318838e-04,9.2437202430e-04,9.1045920609e-04,9.1058009592e-04
2022-08-16,1.1436829320e-03,1.1241094821e-03,1.1324326018e-03,1.2206196518e-03,1.1023446089e-03,1.1389083155e-03
2022-08-17,9.2454332501e-04,9.2595555072e-04,9.1873076692e-04,9.4294986565e-04,9.1327080510e-04,9.2180963666e-04
2022-08-18,1.1163578130e-03,1.1160396271e-03,1.1149922456e-03,1.1253001256e-03,1.1103406689e-03,1.1151163978e-03
2022-08-19,6.3434276672e-04,6.4432658009e-04,6.2544004861e-04,6.4174150828e-04,6.3257700660e-04,6.2762869003e-04
2022-08-20,1.5887964268e-03,1.5761640031e-03,1.6387696605e-03,1.4804049149e-03,1.6313980474e-03,1.6172455082e-03
2022-08-21,8.7506022619e-04,8.6360721205e-04,8.7600840150e-04,8.9166493632e-04,8.7364892176e-04,8.7037165932e-04
2022-08-22,1.2345391240e-03,1.2181744228e-03,1.2377931244e-03,1.2502890191e-03,1.2399365650e-03,1.2265024884e-03
2022-08-23,1.1631206584e-03,1.1686455066e-03,1.1375180356e-03,1.2258905064e-03,1.1475247657e-03,1.1360244775e-03
2022-08-24,1.2068980166e-03,1.2103052489e-03,1.1877163365e-03,1.2516618702e-03,1.2044628167e-03,1.1803438107e-03
2022-08-25,1.0081078466e-03,1.0111196529e-03,9.9725250453e-04,1.0343376028e-03,1.0027358607e-03,9.9509361194e-04
2022-08-26,6.5762043730e-04,6.5940503971e-04,6.5205677068e-04,6.6612892224e-04,6.5764927682e-04,6.5286217707e-04
2022-08-27,1.0992184097e-03,1.0897280743e-03,1.1138326709e-03,1.0881204880e-03,1.0958419077e-03,1.1085689077e-03
2022-08-28,7.3705609090e-04,7.3751854698e-04,7.3292050316e-04,7.4590711747e-04,7.3583338938e-04,7.3310089751e-04
2022-08-29,9.5718973588e-04,9.6985718578e-04,9.5254962807e-04,9.3903847891e-04,9.6927686063e-04,9.5522652602e-04
2022-08-30,1.1105402615e-03,1.1118727750e-03,1.1138096836e-03,1.0930388449e-03,1.1213951902e-03,1.1125848137e-03
2022-08-31,1.2627584922e-03,1.2609621271e-03,1.2574767736e-03,1.2802442993e-03,1.2586188545e-03,1.2564904064e-03
2022-09-01,1.1288693374e-03,1.1120983952e-03,1.1324774515e-03,1.1574427004e-03,1.1142144659e-03,1.1281136739e-03
2022-09-02,8.1387593605e-04,8.0235161706e-04,8.1012905112e-04,8.4933804723e-04,7.9954096725e-04,8.0801999759e-04
2022-09-03,6.1206951088e-04,6.0849512392e-04,6.0799770042e-04,6.3101698897e-04,6.0525970716e-04,6.0757803391e-04
2022-09-04,5.3599705746e-04,5.4589282625e-04,5.2925081124e-04,5.2965328393e-04,5.4324466207e-04,5.3194370380e-04
2022-09-05,7.0727980389e-04,7.1422236823e-04,7.0424336265e-04,6.9782213587e-04,7.1405700024e-04,7.0605415245e-04
2022-09-06,6.4592402878e-04,6.4995210302e-04,6.4170888372e-04,6.4884006945e-04,6.4584160311e-04,6.4327748459e-04
2022-09-07,1.2693658591e-03,1.2567514438e-03,1.2914686093e-03,1.2488373316e-03,1.2647861216e-03,1.2849857893e-03
2022-09-08,9.8702344602e-04,9.7650416477e-04,9.9903123935e-04,9.7904878137e-04,9.8568157475e-04,9.9485146988e-04
2022-09-09,7.1718403806e-04,7.0605944905e-04,7.1494593362e-04,7.4877277864e-04,7.0324350673e-04,7.1289852223e-04
2022-09-10,1.0537130604e-03,1.0486196598e-03,1.0951473692e-03,9.4558626128e-04,1.0928581536e-03,1.0863538583e-03
2022-09-11,8.6293928384e-04,8.5573779543e-04,8.6222073357e-04,8.7833744895e-04,8.5844978444e-04,8.5995065681e-04
2022-09-12,1.0845767995e-03,1.0752734385e-03,1.0819803358e-03,1.1095209372e-03,1.0764075262e-03,1.0797017600e-03
2022-09-13,1.4003886240e-03,1.3813986450e-03,1.4001474320e-03,1.4381132604e-03,1.3877192210e-03,1.3945645617e-03
2022-09-14,3.3665616903e-03,3.3940091164e-03,3.4130711069e-03,3.1889841903e-03,3.4335449087e-03,3.4031991293e-03
2022-09-15,1.4989303745e-03,1.4959691220e-03,1.4722535762e-03,1.5664407664e-03,1.4866771727e-03,1.4733112352e-03
2022-09-16,1.3713097932e-03,1.3731724508e-03,1.3532826639e-03,1.4086626256e-03,1.3673808214e-03,1.3540504042e-03
2022-09-17,7.0790448779e-04,7.2162599015e-04,6.8588298519e-04,7.2901246313e-04,7.1136822228e-04,6.9163277818e-04
2022-09-18,8.0351371743e-04,8.2814762481e-04,7.8647575812e-04,7.8875772188e-04,8.2394286141e-04,7.9024462094e-04
2022-09-19,1.2379999370e-03,1.2386907078e-03,1.2466806202e-03,1.2215088973e-03,1.2419300929e-03,1.2411893669e-03
2022-09-20,1.6457154664e-03,1.5712634382e-03,1.6420217757e-03,1.8230793429e-03,1.5642918398e-03,1.6279209354e-03
2022-09-21,1.6393436823e-03,1.6384916276e-03,1.6346565977e-03,1.6595977734e-03,1.6339728060e-03,1.6299996070e-03
2022-09-22,2.9892538584e-03,2.8891728715e-03,2.9733505969e-03,3.2662532406e-03,2.8736756483e-03,2.9438169346e-03
2022-09-23,1.7899399854e-03,1.8244345141e-03,1.7772368949e-03,1.7439257751e-03,1.8380666325e-03,1.7660361104e-03
2022-09-24,1.0430845424e-03,1.0563811343e-03,1.0064872772e-03,1.1000889535e-03,1.0375095869e-03,1.0149557602e-03
2022-09-25,1.1630289116e-03,1.1969629915e-03,1.1327206829e-03,1.1604077967e-03,1.1833364694e-03,1.1417166178e-03
2022-09-26,1.3121600608e-03,1.3524325155e-03,1.2703451874e-03,1.3205108847e-03,1.3332507308e-03,1.2842609855e-03
2022-09-27,1.2316361791e-03,1.2222076378e-03,1.2322675044e-03,1.2493090324e-03,1.2234056035e-03,1.2309911176e-03
2022-09-28,1.5649023463e-03,1.5107762601e-03,1.5699035522e-03,1.6761128602e-03,1.5059800873e-03,1.5617389717e-03
2022-09-29,1.6982191203e-03,1.6604604362e-03,1.7066605716e-03,1.7642030746e-03,1.6641170608e-03,1.6956544584e-03
2022-09-30,1.3039584028e-03,1.2732779045e-03,1.2962204451e-03,1.3896859411e-03,1.2674474096e-03,1.2931603138e-03
2022-10-01,9.4751913744e-04,9.3754175067e-04,9.3466282257e-04,9.9984950884e-04,9.2791851503e-04,9.3762309010e-04
2022-10-02,6.6695908406e-04,7.0313286674e-04,6.4321280916e-04,6.4012586467e-04,6.9257572411e-04,6.5574815564e-04
2022-10-03,1.0255993752e-03,1.0500674776e-03,1.0109333056e-03,1.0040212372e-03,1.0424952466e-03,1.0204796092e-03
2022-10-04,1.0185882260e-03,1.0294381949e-03,1.0199711220e-03,9.8751900607e-04,1.0334070695e-03,1.0226057377e-03
2022-10-05,9.9923993744e-04,9.9716699760e-04,1.0205158222e-03,9.5219139717e-04,1.0114578892e-03,1.0148675810e-03
2022-10-06,8.6360210643e-04,8.4372188682e-04,8.7577206471e-04,8.7856618517e-04,8.4540591936e-04,8.7454447609e-04
2022-10-07,7.4603911949e-04,7.2688292899e-04,7.5260207673e-04,7.7240053288e-04,7.2662862868e-04,7.5168143016e-04
2022-10-08,5.0429980932e-04,5.0461563833e-04,5.0663099319e-04,4.9762716774e-04,5.0388216395e-04,5.0874308340e-04
2022-10-09,4.0115120220e-04,4.1184791624e-04,3.9827888833e-04,3.8047335602e-04,4.1172261506e-04,4.0343323537e-04
2022-10-10,5.5439517020e-04,5.5539780965e-04,5.5903197221e-04,5.4061414121e-04,5.5808575629e-04,5.5884617166e-04
2022-10-11,6.6845517665e-04,6.5590094322e-04,6.8145177427e-04,6.6956325136e-04,6.6077352048e-04,6.7458639393e-04
2022-10-12,5.8472302836e-04,5.6805149663e-04,6.0067356508e-04,5.9007597933e-04,5.7405915279e-04,5.9075494798e-04
2022-10-13,4.6088186777e-04,4.5712659421e-04,4.7095704088e-04,4.4744775279e-04,4.6188639207e-04,4.6699155889e-04
2022-10-14,9.2961374825e-04,8.7177163166e-04,9.5839989263e-04,1.0088493614e-03,8.8064938649e-04,9.2839846911e-04
2022-10-15,5.8317563699e-04,5.7064042046e-04,5.8432630331e-04,6.1059333924e-04,5.6998421210e-04,5.8033390985e-04
2022-10-16,4.1364683322e-04,4.3366479437e-04,4.0064767778e-04,3.9308938451e-04,4.2932891349e-04,4.1150339596e-04
2022-10-17,6.8461676425e-04,6.9969121647e-04,6.7663150718e-04,6.6572275261e-04,6.9760580412e-04,6.8343254088e-04
2022-10-18,7.6524234625e-04,7.7836290731e-04,7.5115731156e-04,7.6293428929e-04,7.7368430729e-04,7.6007291577e-04
2022-10-19,6.3729925982e-04,6.3288178129e-04,6.4228407877e-04,6.3757533971e-04,6.3456462279e-04,6.3919047657e-04
2022-10-20,4.8327077770e-04,4.8178357395e-04,4.8969079561e-04,4.7332112517e-04,4.8451912931e-04,4.8703926446e-04
2022-10-21,4.3913938569e-04,4.2809392800e-04,4.4485817209e-04,4.5331239223e-04,4.3001314210e-04,4.3941929404e-04
2022-10-22,3.4720922543e-04,3.3878124258e-04,3.5184330038e-04,3.5786452219e-04,3.4026230372e-04,3.4729475826e-04
2022-10-23,2.0431993675e-04,2.1703256014e-04,1.9823478353e-04,1.8675239094e-04,2.1544450466e-04,2.0413544446e-04
2022-10-24,4.7911097259e-04,4.7600509279e-04,4.9132344149e-04,4.6260557014e-04,4.8141984611e-04,4.8420091241e-04
2022-10-25,5.0172926907e-04,4.9550237173e-04,5.0508008018e-04,5.0986335344e-04,4.9633323248e-04,5.0186730754e-04
2022-10-26,9.1356002696e-04,8.9030445523e-04,9.4629357838e-04,9.0720480089e-04,9.0313431253e-04,9.2086298779e-04
2022-10-27,1.1552441529e-03,1.1318593254e-03,1.1794026774e-03,1.1678574021e-03,1.1408918833e-03,1.1562094763e-03
2022-10-28,7.8539979178e-04,7.8769655376e-04,7.7351736697e-04,8.0738665228e-04,7.8159787826e-04,7.7680050761e-04
2022-10-29,4.8669500570e-04,4.9420334424e-04,4.7584530542e-04,4.9271947523e-04,4.8988499836e-04,4.8082190525e-04
2022-10-30,6.3303376619e-04,6.4071367748e-04,6.2150738305e-04,6.4099600312e-04,6.3590197300e-04,6.2604979431e-04
2022-10-31,6.9701302292e-04,7.1474433021e-04,6.8097858894e-04,7.0100228388e-04,7.0336145365e-04,6.8497845795e-04
2022-11-01,7.6356355418e-04,7.5040317610e-04,7.6088163989e-04,8.0610554266e-04,7.4202498129e-04,7.5840243096e-04
2022-11-02,5.0974787025e-04,5.1959816006e-04,4.9908361360e-04,5.1191411786e-04,5.1259312610e-04,5.0555033363e-04
2022-11-03,8.2572729903e-04,8.1313319206e-04,8.3295529354e-04,8.4694512194e-04,8.1296031666e-04,8.2264257098e-04
2022-11-04,4.3707338532e-04,4.3792422402e-04,4.3250098930e-04,4.4572124420e-04,4.3449052791e-04,4.3472994116e-04
2022-11-05,5.8426513089e-04,5.7187301323e-04,6.0426879049e-04,5.7577092039e-04,5.8908059418e-04,5.8033233614e-04
2022-11-06,4.3319194430e-04,4.3669194062e-04,4.3036682001e-04,4.3465387286e-04,4.3526068070e-04,4.2898640732e-04
2022-11-07,6.3377948671e-04,6.4740820013e-04,6.2692074401e-04,6.2447452221e-04,6.4351973391e-04,6.2657423331e-04
2022-11-08,6.6773589171e-04,6.6647862322e-04,6.6304165593e-04,6.8593399111e-04,6.5992219355e-04,6.6330299473e-04
2022-11-09,5.2334877416e-03,5.1949551677e-03,5.3707619772e-03,5.2197901062e-03,5.2214271370e-03,5.1605043201e-03
2022-11-10,8.8925474196e-03,9.2728121758e-03,8.9855895441e-03,8.1631328150e-03,9.3135051042e-03,8.7276974588e-03
2022-11-11,5.7047478364e-03,5.6879919130e-03,5.8668121051e-03,5.5334179827e-03,5.9042261430e-03,5.5312910383e-03
2022-11-12,2.5628426711e-03,2.6471776783e-03,2.4248043452e-03,2.7442097407e-03,2.5195268313e-03,2.4784947601e-03
2022-11-13,1.7530809960e-03,1.9377087816e-03,1.5791158317e-03,1.7608247317e-03,1.8128820266e-03,1.6748736084e-03
2022-11-14,2.7320040946e-03,2.9432286718e-03,2.5403870643e-03,2.7340818245e-03,2.8040870584e-03,2.6382358542e-03
2022-11-15,3.3318676651e-03,3.3258431089e-03,3.2326886034e-03,3.6102765097e-03,3.2288465677e-03,3.2616835357e-03
2022-11-16,1.8019620286e-03,1.8435669687e-03,1.7532804152e-03,1.8138132679e-03,1.8136202414e-03,1.7855292497e-03
2022-11-17,1.3449548249e-03,1.3844380892e-03,1.3067203821e-03,1.3296884185e-03,1.3596676043e-03,1.3442596306e-03
2022-11-18,8.5619740439e-04,8.8103413338e-04,8.2459867199e-04,8.5954022322e-04,8.6096686065e-04,8.5484713269e-04
2022-11-19,5.4484121123e-04,5.6345196019e-04,5.2472679314e-04,5.3920094981e-04,5.5094559571e-04,5.4588075731e-04
2022-11-20,3.5883151375e-04,3.6782545311e-04,3.5565468239e-04,3.3343560591e-04,3.7013715583e-04,3.6710467153e-04
2022-11-21,7.2843964192e-04,7.0591739134e-04,7.6424357724e-04,6.8239117733e-04,7.3277650799e-04,7.5686955570e-04
2022-11-22,1.2117360312e-03,1.1145666197e-03,1.2860844580e-03,1.2212484122e-03,1.1580172693e-03,1.2787633969e-03
2022-11-23,1.0005990621e-03,9.5919347643e-04,1.0523469801e-03,9.4484323670e-04,1.0057757217e-03,1.0408358955e-03
2022-11-24,1.0130568405e-03,9.8517422090e-04,1.0493157140e-03,9.6215938094e-04,1.0210276402e-03,1.0476072462e-03
2022-11-25,6.1499562279e-04,6.0428057749e-04,6.0636461588e-04,6.0142990433e-04,6.0600918070e-04,6.5689383556e-04
2022-11-26,3.7917232798e-04,3.8161156333e-04,3.7215347458e-04,3.5540808295e-04,3.8279792726e-04,4.0389059177e-04
2022-11-27,3.7327489196e-04,3.6710418034e-04,3.7897268684e-04,3.3995870503e-04,3.7819320931e-04,4.0214567827e-04
2022-11-28,4.3787327261e-04,4.2686454601e-04,4.5550039430e-04,4.0089557906e-04,4.4492591886e-04,4.6117992479e-04
2022-11-29,6.1700302307e-04,5.6333120032e-04,6.5760748950e-04,6.0096949175e-04,5.9292358029e-04,6.7018335347e-04
2022-11-30,5.0017362852e-04,4.7099525561e-04,5.3090413486e-04,4.5553136702e-04,5.0076150299e-04,5.4267588214e-04
2022-12-01,9.5969339544e-04,8.9643563059e-04,1.0550875760e-03,8.8819828170e-04,9.7083939123e-04,9.8790609774e-04
2022-12-02,4.9047053598e-04,4.7669999752e-04,4.9313483910e-04,4.7151417532e-04,4.8484945306e-04,5.2615421489e-04
2022-12-03,3.2902742203e-04,3.2662870667e-04,3.2676147568e-04,3.1993937007e-04,3.2835344468e-04,3.4345411306e-04
2022-12-04,3.0528062466e-04,3.1505168181e-04,2.9783449777e-04,2.7718473333e-04,3.1589984465e-04,3.2043236577e-04
2022-12-05,5.2182692827e-04,5.2190159094e-04,5.3242386493e-04,4.9974855849e-04,5.3271417742e-04,5.2234644955e-04
2022-12-06,4.9496734569e-04,4.6901775610e-04,5.0613290387e-04,5.0031434387e-04,4.7763307262e-04,5.2173865197e-04
2022-12-07,3.8987212250e-04,3.8405011970e-04,3.9159899994e-04,3.7512739887e-04,3.8992850172e-04,4.0865559224e-04
2022-12-08,4.3869145894e-04,4.3087302766e-04,4.4336472996e-04,4.2452684061e-04,4.3733116349e-04,4.5736153296e-04
2022-12-09,3.7410373426e-04,3.6412729860e-04,3.8199056909e-04,3.6155646344e-04,3.7445367560e-04,3.8839066458e-04
2022-12-10,1.9831945701e-04,1.9785308433e-04,1.9584317317e-04,1.9122702523e-04,1.9838409804e-04,2.0828990431e-04
2022-12-11,1.6740082400e-04,1.6977740230e-04,1.6511731270e-04,1.5254398572e-04,1.7186237715e-04,1.7770304216e-04
2022-12-12,2.6579006392e-04,2.6307222368e-04,2.7167874786e-04,2.5203133779e-04,2.6946020367e-04,2.7270780661e-04
2022-12-13,3.0110897073e-04,2.8786102088e-04,3.0825172116e-04,2.9591640680e-04,2.9532885747e-04,3.1818684735e-04
2022-12-14,7.3902779884e-04,7.0523496369e-04,7.7482529607e-04,7.5028665049e-04,7.2345734099e-04,7.4133474299e-04
2022-12-15,7.5472310173e-04,7.2773891783e-04,7.5743939700e-04,8.1614925459e-04,7.3045377496e-04,7.4183416428e-04
2022-12-16,5.3681137908e-04,5.4618510836e-04,5.2736912674e-04,5.3751215988e-04,5.4193631227e-04,5.3105418816e-04
2022-12-17,5.6391615213e-04,5.6875804090e-04,5.6134235728e-04,5.6265935031e-04,5.6721128733e-04,5.5960972483e-04
2022-12-18,4.3135858571e-04,4.4769004453e-04,4.1805202118e-04,4.2300047213e-04,4.4190300312e-04,4.2614738760e-04
2022-12-19,4.5481076300e-04,4.7353981704e-04,4.4000570804e-04,4.4350765963e-04,4.6655301483e-04,4.5044761545e-04
2022-12-20,6.0343142179e-04,5.9955271487e-04,6.0005993094e-04,6.2180564177e-04,5.9811997411e-04,5.9761884724e-04
2022-12-21,6.7351347219e-04,6.7458442434e-04,6.7964351251e-04,6.6196221993e-04,6.7928441866e-04,6.7209278549e-04
2022-12-22,3.9828540604e-04,4.0663345335e-04,3.9222749549e-04,3.9217245198e-04,4.0382864704e-04,3.9656498232e-04
2022-12-23,3.5261159974e-04,3.4867661811e-04,3.5058665910e-04,3.6692152918e-04,3.4820921256e-04,3.4866397972e-04
2022-12-24,2.0456646568e-04,2.0948668941e-04,2.0057455004e-04,2.0177249280e-04,2.0758621665e-04,2.0341237951e-04
2022-12-25,1.5635787624e-04,1.6702340458e-04,1.5170816098e-04,1.4120438801e-04,1.6477904817e-04,1.5707437948e-04
2022-12-26,2.4564894135e-04,2.4473893481e-04,2.4981026896e-04,2.3944208905e-04,2.4664583774e-04,2.4760757617e-04
2022-12-27,1.8354045186e-04,1.8787146042e-04,1.8314461756e-04,1.7386789017e-04,1.8766784382e-04,1.8515044731e-04
2022-12-28,2.3570222463e-04,2.3031637234e-04,2.4499313073e-04,2.2966734084e-04,2.3437850969e-04,2.3915576952e-04
2022-12-29,2.9295852270e-04,2.8210299933e-04,3.0485766590e-04,2.9488891594e-04,2.8742232809e-04,2.9552070424e-04
2022-12-30,1.7731689758e-04,1.7632133272e-04,1.8027411341e-04,1.7357883181e-04,1.7781189223e-04,1.7859831771e-04
2022-12-31,1.5679258527e-04,1.5241049646e-04,1.6080249301e-04,1.5911218557e-04,1.5423241783e-04,1.5740533345e-04
2023-01-01,1.4469485497e-04,1.4812907503e-04,1.4532589277e-04,1.3541189443e-04,1.4839660104e-04,1.4621081160e-04
2023-01-02,1.7667180347e-04,1.8189897159e-04,1.7752644111e-04,1.6260191553e-04,1.8233166748e-04,1.7900002164e-04
2023-01-03,2.1664561821e-04,2.1091509123e-04,2.2259298993e-04,2.1786782929e-04,2.1365633082e-04,2.1819584979e-04
2023-01-04,1.9959597939e-04,1.9778588057e-04,2.0404477158e-04,1.9474557875e-04,1.9979895071e-04,2.0160471536e-04
2023-01-05,2.6093265294e-04,2.5199125855e-04,2.6906363138e-04,2.6067955065e-04,2.5850824608e-04,2.6442057804e-04
2023-01-06,1.4926970513e-04,1.4954450079e-04,1.5016953164e-04,1.4655579222e-04,1.5025425693e-04,1.4982444407e-04
2023-01-07,1.5567726345e-04,1.5112173846e-04,1.5882498151e-04,1.5817976250e-04,1.5435712226e-04,1.5590271249e-04
2023-01-08,9.9965594282e-05,1.0512876292e-04,9.9476136459e-05,9.0189115943e-05,1.0500950145e-04,1.0002445464e-04
2023-01-09,2.1407671221e-04,2.1222950647e-04,2.1916645259e-04,2.0610201600e-04,2.1824419027e-04,2.1464139575e-04
2023-01-10,2.7482356693e-04,2.6222232539e-04,2.7906871661e-04,2.9220168719e-04,2.6834242688e-04,2.7228267858e-04
2023-01-11,2.8619017738e-04,2.8111725216e-04,2.9238987456e-04,2.8254868018e-04,2.9081859592e-04,2.8407648409e-04
2023-01-12,6.2625086114e-04,5.9001766882e-04,6.4868783441e-04,6.5179968730e-04,6.2752593857e-04,6.1322317661e-04
2023-01-13,1.2332338587e-03,1.1449890139e-03,1.2822870737e-03,1.3055702515e-03,1.2383958921e-03,1.1949270621e-03
2023-01-14,7.0425943934e-04,6.9711060998e-04,7.2256049256e-04,6.7324692351e-04,7.4216848622e-04,6.8621068443e-04
2023-01-15,1.6869160436e-03,1.5885589880e-03,1.7504244251e-03,1.7460212821e-03,1.7125324967e-03,1.6370430263e-03
2023-01-16,1.3872302461e-03,1.3886926487e-03,1.3527659349e-03,1.4737799984e-03,1.4029617221e-03,1.3179509266e-03
2023-01-17,1.6737093651e-03,1.6578125708e-03,1.6339856748e-03,1.8054067495e-03,1.6823110673e-03,1.5890307633e-03
2023-01-18,1.2790642698e-03,1.2939985222e-03,1.2399034347e-03,1.3465540653e-03,1.2933007352e-03,1.2215645915e-03
2023-01-19,1.7584030556e-03,1.7585629103e-03,1.7274603265e-03,1.8414593419e-03,1.7756996769e-03,1.6888330223e-03
2023-01-20,6.7286058095e-04,6.9983026262e-04,6.5872750970e-04,6.4863696716e-04,7.0061395742e-04,6.5649420788e-04
2023-01-21,8.3930017494e-04,8.3696921315e-04,8.7355513679e-04,7.5532026710e-04,8.9005991147e-04,8.4059634620e-04
2023-01-22,1.0571177253e-03,1.0009892882e-03,1.0617373893e-03,1.1685130128e-03,1.0215265129e-03,1.0328224232e-03
2023-01-23,1.1698978811e-03,1.1534047760e-03,1.1580673942e-03,1.2374611701e-03,1.1576571350e-03,1.1428989303e-03
2023-01-24,1.1944456867e-03,1.1695633574e-03,1.1794826919e-03,1.2839760012e-03,1.1721508101e-03,1.1670555728e-03
2023-01-25,1.1058037168e-03,1.1242319685e-03,1.0852706192e-03,1.1195725358e-03,1.1163540892e-03,1.0835893714e-03
2023-01-26,1.4066434237e-03,1.3870267065e-03,1.4063202972e-03,1.4493535296e-03,1.4080581772e-03,1.3824584079e-03
2023-01-27,6.9117041790e-04,6.9358096995e-04,6.8016801604e-04,7.0895344145e-04,6.8960918262e-04,6.8354047945e-04
2023-01-28,5.2886657998e-04,5.2374135099e-04,5.2585666542e-04,5.4617799481e-04,5.2358661062e-04,5.2497027807e-04
2023-01-29,3.7775810453e-04,3.9143837876e-04,3.7093413059e-04,3.6197249164e-04,3.8699644097e-04,3.7744908071e-04
2023-01-30,9.7743428944e-04,9.7161980179e-04,9.9481516961e-04,9.5494586092e-04,9.7838160436e-04,9.8740901052e-04
2023-01-31,9.1373015104e-04,9.0776533528e-04,9.2313390276e-04,9.0703037250e-04,9.1140804110e-04,9.1931310356e-04
2023-02-01,7.1553317406e-04,7.1502952230e-04,7.1924870838e-04,7.0839970676e-04,7.1646263936e-04,7.1852529350e-04
2023-02-02,8.4648289396e-04,8.4155073896e-04,8.5929371893e-04,8.3061133761e-04,8.4672248451e-04,8.5423618980e-04
2023-02-03,8.0400234364e-04,7.8165197192e-04,8.0930014526e-04,8.4142183442e-04,7.8684974346e-04,8.0078802313e-04
2023-02-04,4.1388518031e-04,4.1172893292e-04,4.1251357839e-04,4.2094345052e-04,4.1164047330e-04,4.1259946640e-04
2023-02-05,3.7218381193e-04,3.8095782619e-04,3.6904181975e-04,3.5918759936e-04,3.7855503753e-04,3.7317677684e-04
2023-02-06,6.3642041615e-04,6.4355442864e-04,6.3675492694e-04,6.2006297144e-04,6.4243934264e-04,6.3929041111e-04
2023-02-07,6.2983180467e-04,6.2324041099e-04,6.2908900881e-04,6.4515651978e-04,6.2405204403e-04,6.2762103973e-04
2023-02-08,6.9646185975e-04,6.8543147232e-04,7.0972397509e-04,6.9333118218e-04,6.9155857159e-04,7.0226409757e-04
2023-02-09,5.6658746936e-04,5.6519270441e-04,5.6959870194e-04,5.6306314940e-04,5.6637098845e-04,5.6871180259e-04
2023-02-10,8.2100760737e-04,8.1409055349e-04,8.3471250488e-04,8.0940871452e-04,8.1910539654e-04,8.2772086745e-04
2023-02-11,3.5283826306e-04,3.5326519053e-04,3.5166550079e-04,3.5427640414e-04,3.5278977028e-04,3.5219444955e-04
2023-02-12,3.4239577604e-04,3.5156530835e-04,3.4034265938e-04,3.2681411866e-04,3.4948522613e-04,3.4377156766e-04
2023-02-13,4.9125288784e-04,4.9266672690e-04,4.9144155193e-04,4.8773534685e-04,4.9249663920e-04,4.9192417430e-04
2023-02-14,6.1638426865e-04,6.0219527815e-04,6.1609538546e-04,6.4792968601e-04,6.0436759062e-04,6.1133340300e-04
2023-02-15,7.4645175093e-04,7.3092633830e-04,7.5883235861e-04,7.5606624699e-04,7.3738708598e-04,7.4904672478e-04
2023-02-16,1.3585429697e-03,1.3832941837e-03,1.4062409666e-03,1.2138207890e-03,1.3960458785e-03,1.3933130309e-03
2023-02-17,1.2645123044e-03,1.2336707478e-03,1.2689712305e-03,1.3274015454e-03,1.2392723376e-03,1.2532456604e-03
2023-02-18,9.8025747197e-04,9.7757366707e-04,9.8624365433e-04,9.8043014345e-04,9.7920090938e-04,9.7783898560e-04
2023-02-19,6.4879108573e-04,6.6972845593e-04,6.2618170759e-04,6.5040737867e-04,6.5914422582e-04,6.3849366064e-04
2023-02-20,1.2145126942e-03,1.2283468990e-03,1.1904636999e-03,1.2373755939e-03,1.2174521476e-03,1.1989251306e-03
2023-02-21,1.2895751686e-03,1.2968716754e-03,1.2679665574e-03,1.3226402353e-03,1.2881212254e-03,1.2722761494e-03
2023-02-22,1.1725912398e-03,1.1752699995e-03,1.1564363155e-03,1.2034650783e-03,1.1686216406e-03,1.1591631654e-03
2023-02-23,1.0819398298e-03,1.0699046225e-03,1.0762987770e-03,1.1230469227e-03,1.0688196333e-03,1.0716291938e-03
2023-02-24,9.2318273765e-04,9.0895634778e-04,9.1579365393e-04,9.7237478110e-04,9.0771922659e-04,9.1106967885e-04
2023-02-25,7.3415899819e-04,7.3443356306e-04,7.3072257045e-04,7.4294414846e-04,7.3252370179e-04,7.3017100722e-04
2023-02-26,5.3889926117e-04,5.4879532001e-04,5.2794768346e-04,5.3979064675e-04,5.4382031768e-04,5.3414233793e-04
2023-02-27,8.2584376594e-04,8.3757049118e-04,8.2084546717e-04,8.1137442386e-04,8.3442265009e-04,8.2500579740e-04
2023-02-28,8.2883096388e-04,8.1700637941e-04,8.2138889948e-04,8.7073551709e-04,8.1586742317e-04,8.1915660023e-04
2023-03-01,7.9152054455e-04,7.9273717624e-04,7.8939516623e-04,7.9386831709e-04,7.9167195624e-04,7.8993010695e-04
2023-03-02,8.9089115149e-04,8.7857626109e-04,9.0315149911e-04,8.9526042951e-04,8.8401018646e-04,8.9345738129e-04
2023-03-03,5.3668366929e-04,5.3647335245e-04,5.3326495676e-04,5.4399200163e-04,5.3541383169e-04,5.3427420390e-04
2023-03-04,6.9830777815e-04,6.9262997483e-04,7.0880602047e-04,6.9167958851e-04,6.9601871656e-04,7.0240459035e-04
2023-03-05,3.3327073328e-04,3.4725618818e-04,3.2477422550e-04,3.1906520195e-04,3.4281571910e-04,3.3244233165e-04
2023-03-06,7.3573161129e-04,7.2695306295e-04,7.3941633886e-04,7.4809602016e-04,7.2918353443e-04,7.3500910006e-04
2023-03-07,4.8348453171e-04,4.8925436713e-04,4.7632224762e-04,4.8414982199e-04,4.8640201609e-04,4.8129420571e-04
2023-03-08,7.4127624492e-04,7.3142902831e-04,7.4610858892e-04,7.5368572997e-04,7.3410671434e-04,7.4105116307e-04
2023-03-09,6.6729660519e-04,6.6045463951e-04,6.7767076396e-04,6.6148095462e-04,6.6458257043e-04,6.7229409744e-04
2023-03-10,1.1173532518e-03,1.1025742373e-03,1.1443105182e-03,1.1001518339e-03,1.1116742473e-03,1.1280554225e-03
2023-03-11,7.3743274711e-04,7.0958781909e-04,7.4364995306e-04,7.8902185883e-04,7.1440993618e-04,7.3049416838e-04
2023-03-12,9.7288175557e-04,9.5616286069e-04,9.7793564145e-04,1.0057166366e-03,9.5815649251e-04,9.6643714658e-04
2023-03-13,2.1874620816e-03,2.2030623836e-03,2.2380808414e-03,2.0686523754e-03,2.2204225744e-03,2.2070922335e-03
2023-03-14,3.2335403225e-03,3.2791128563e-03,3.2859348647e-03,3.0586925203e-03,3.2939667717e-03,3.2499945998e-03
2023-03-15,3.1795715572e-03,3.1193862682e-03,3.1578281971e-03,3.3875250996e-03,3.1087104012e-03,3.1244078196e-03
2023-03-16,2.5520617292e-03,2.5754926102e-03,2.4681816451e-03,2.6909029255e-03,2.5337967668e-03,2.4919346983e-03
2023-03-17,1.8823152675e-03,1.9312021737e-03,1.8215803347e-03,1.9116280473e-03,1.9001902223e-03,1.8469755595e-03
2023-03-18,1.9212017214e-03,2.0041705622e-03,1.9193484684e-03,1.7563682895e-03,1.9969170352e-03,1.9292042516e-03
2023-03-19,1.5824281017e-03,1.5933739356e-03,1.5487278570e-03,1.6355569593e-03,1.5760736669e-03,1.5584080895e-03
2023-03-20,1.8597852134e-03,1.8903287727e-03,1.8525242180e-03,1.8134977215e-03,1.8846009016e-03,1.8579744531e-03
2023-03-21,1.6800381936e-03,1.6603273808e-03,1.6540412487e-03,1.7804168203e-03,1.6502099264e-03,1.6551955915e-03
2023-03-22,1.4497905623e-03,1.4687712926e-03,1.4232670854e-03,1.4640871326e-03,1.4563805349e-03,1.4364467659e-03
2023-03-23,2.0376896051e-03,2.0165349089e-03,2.0404358105e-03,2.0848041485e-03,2.0165482388e-03,2.0301249189e-03
2023-03-24,1.4157302542e-03,1.4169269524e-03,1.4224461664e-03,1.4019488880e-03,1.4199869221e-03,1.4173423422e-03
2023-03-25,8.2121672286e-04,8.3134991282e-04,8.1282004519e-04,8.1545928950e-04,8.2686007159e-04,8.1959429518e-04
2023-03-26,6.7915255195e-04,6.8854560507e-04,6.6807984234e-04,6.7926271361e-04,6.8380892437e-04,6.7606567437e-04
2023-03-27,1.0634748511e-03,1.0772704169e-03,1.0594422857e-03,1.0388618492e-03,1.0755607194e-03,1.0662389844e-03
2023-03-28,1.2202764601e-03,1.2038791375e-03,1.2322651601e-03,1.2296828519e-03,1.2099149815e-03,1.2256401695e-03
2023-03-29,9.5909961494e-04,9.4001549775e-04,9.7096761322e-04,9.7415317132e-04,9.4709035834e-04,9.6327143408e-04
2023-03-30,1.1154709306e-03,1.1131156682e-03,1.1409970625e-03,1.0656990318e-03,1.1252300383e-03,1.1323128521e-03
2023-03-31,9.7467809836e-04,9.4560357741e-04,9.8932912512e-04,1.0076524041e-03,9.5394618135e-04,9.7685920383e-04
2023-04-01,6.0184704939e-04,5.9645813880e-04,6.0691779432e-04,6.0157395477e-04,5.9953853485e-04,6.0474682419e-04
2023-04-02,5.0350336128e-04,5.0908637752e-04,5.0017020027e-04,4.9518116204e-04,5.0808167188e-04,5.0499739468e-04
2023-04-03,6.8924866377e-04,6.9505079876e-04,6.8620783404e-04,6.8109370174e-04,6.9377911875e-04,6.9011186556e-04
2023-04-04,1.0305725846e-03,1.0103054236e-03,1.0466021861e-03,1.0412836117e-03,1.0188272915e-03,1.0358444102e-03
2023-04-05,7.9871392874e-04,7.9449517410e-04,8.0575858164e-04,7.9265113589e-04,7.9793333246e-04,8.0273141963e-04
2023-04-06,7.9782785533e-04,7.8658085035e-04,8.0612065165e-04,8.0487736415e-04,7.9119711142e-04,8.0036329908e-04
2023-04-07,5.2636362051e-04,5.2772716799e-04,5.2373823950e-04,5.2811447472e-04,5.2690543561e-04,5.2533278474e-04
2023-04-08,3.0130845028e-04,3.0594648164e-04,2.9672447996e-04,3.0000597182e-04,3.0394009461e-04,2.9992522338e-04
2023-04-09,2.5838828106e-04,2.6327236222e-04,2.5514191655e-04,2.5375484886e-04,2.6173409882e-04,2.5803817883e-04
2023-04-10,4.8632623527e-04,4.8291533692e-04,4.9437085194e-04,4.7681937978e-04,4.8637069190e-04,4.9115491580e-04
2023-04-11,7.1512546457e-04,7.0230880084e-04,7.3915412226e-04,6.9489514374e-04,7.1219616502e-04,7.2707309100e-04
2023-04-12,7.2232321261e-04,7.1027313321e-04,7.3845104501e-04,7.1635914551e-04,7.1733526057e-04,7.2919747874e-04
2023-04-13,7.5456909725e-04,7.4679949759e-04,7.6121374474e-04,7.5829781349e-04,7.5001626023e-04,7.5651817021e-04
2023-04-14,5.2443980834e-04,5.2827145867e-04,5.2117700955e-04,5.2307630317e-04,5.2659243884e-04,5.2308183148e-04
2023-04-15,4.5607761283e-04,4.5060107536e-04,4.5838517347e-04,4.6383822801e-04,4.5197621514e-04,4.5558737218e-04
2023-04-16,3.4012304242e-04,3.4772675970e-04,3.3312718651e-04,3.3782798009e-04,3.4427660596e-04,3.3765667983e-04
2023-04-17,4.7238647359e-04,4.7515123347e-04,4.6967376980e-04,4.7173971810e-04,4.7389426590e-04,4.7147338067e-04
2023-04-18,6.8158532645e-04,6.7629550420e-04,6.8820655080e-04,6.8015012260e-04,6.7905871870e-04,6.8421573594e-04
2023-04-19,7.0212150862e-04,7.0288659871e-04,7.0803905409e-04,6.8957061338e-04,7.0456658958e-04,7.0554468735e-04
2023-04-20,1.0110107745e-03,1.0069763863e-03,1.0249246829e-03,9.9357695173e-04,1.0112991122e-03,1.0182767392e-03
2023-04-21,7.1545582993e-04,7.0902555024e-04,7.1914779989e-04,7.2338691720e-04,7.1063709656e-04,7.1508178578e-04
2023-04-22,5.6904466015e-04,5.7014791427e-04,5.6841878930e-04,5.6911540308e-04,5.6925939825e-04,5.6828179585e-04
2023-04-23,4.8428675311e-04,4.9301353460e-04,4.7758176267e-04,4.7985131159e-04,4.8923804581e-04,4.8174911090e-04
2023-04-24,8.3057468181e-04,8.2725479302e-04,8.2989074782e-04,8.4075606175e-04,8.2684190363e-04,8.2812990285e-04
2023-04-25,7.9400130098e-04,7.9005136821e-04,7.9511397604e-04,8.0014758737e-04,7.9113356352e-04,7.9356000974e-04
2023-04-26,8.4060206955e-04,8.4291909704e-04,8.3928983228e-04,8.3977258918e-04,8.4171898583e-04,8.3930984343e-04
2023-04-27,1.6966807192e-03,1.6723895263e-03,1.7167470241e-03,1.7050595560e-03,1.6842191415e-03,1.7049883482e-03
2023-04-28,1.6722212373e-03,1.6667453708e-03,1.6771175574e-03,1.6759514007e-03,1.6689302095e-03,1.6723616483e-03
2023-04-29,6.7056442685e-04,6.7716270031e-04,6.5866189671e-04,6.8345596597e-04,6.7108371014e-04,6.6245786112e-04
2023-04-30,5.4164221407e-04,5.5640407746e-04,5.2175308539e-04,5.5530122730e-04,5.4551819005e-04,5.2923449016e-04
2023-05-01,1.2288776592e-03,1.2350339122e-03,1.2147144739e-03,1.2478283066e-03,1.2280646004e-03,1.2187470027e-03
2023-05-02,1.4103777943e-03,1.4126990035e-03,1.4060208207e-03,1.4160694407e-03,1.4101852097e-03,1.4069144971e-03
2023-05-03,9.0806379770e-04,9.0785424914e-04,9.0926281261e-04,9.0647752418e-04,9.0824409685e-04,9.0848030570e-04
2023-05-04,9.2331092669e-04,9.2163880296e-04,9.2448647513e-04,9.2458794089e-04,9.2232860234e-04,9.2351281214e-04
2023-05-05,6.7564210247e-04,6.7651362525e-04,6.7257251019e-04,6.8071814928e-04,6.7510062224e-04,6.7330560538e-04
2023-05-06,5.3246107506e-04,5.3206202959e-04,5.3335379376e-04,5.3162901663e-04,5.3241979796e-04,5.3284073737e-04
2023-05-07,6.3321317203e-04,6.3141952073e-04,6.3624253567e-04,6.3044855305e-04,6.3286770882e-04,6.3508754189e-04
2023-05-08,7.3414445343e-04,7.3447212671e-04,7.3418984424e-04,7.3328952403e-04,7.3439097088e-04,7.3437980132e-04
2023-05-09,1.0690893031e-03,1.0609526272e-03,1.0780905812e-03,1.0665177112e-03,1.0658696136e-03,1.0740159824e-03
2023-05-10,7.2389751975e-04,7.2556461719e-04,7.2031908818e-04,7.2828560842e-04,7.2386157002e-04,7.2145671496e-04
2023-05-11,1.3143029670e-03,1.2978521502e-03,1.3288355105e-03,1.3170618814e-03,1.3064598250e-03,1.3213054679e-03
2023-05-12,8.5841213926e-04,8.6141439778e-04,8.5360834348e-04,8.6301329599e-04,8.5884390389e-04,8.5518075517e-04
2023-05-13,6.1239907663e-04,6.1088092105e-04,6.1207810588e-04,6.1631650532e-04,6.1100989586e-04,6.1170995505e-04
2023-05-14,5.4377673312e-04,5.4684133068e-04,5.3895846899e-04,5.4799035796e-04,5.4437051820e-04,5.4072298977e-04
2023-05-15,6.9843344900e-04,7.0611173283e-04,6.8834798212e-04,7.0462743592e-04,7.0066189495e-04,6.9241819919e-04
2023-05-16,6.5939374022e-04,6.5764302682e-04,6.6079083230e-04,6.5986248334e-04,6.5857083404e-04,6.6010152459e-04
2023-05-17,6.1239184758e-04,6.1156560074e-04,6.1385542702e-04,6.1077574972e-04,6.1240159125e-04,6.1336086915e-04
2023-05-18,5.8756854814e-04,5.8439377625e-04,5.9333380188e-04,5.8159557225e-04,5.8744606210e-04,5.9107352822e-04
2023-05-19,5.9348762976e-04,5.8892799030e-04,6.0212886415e-04,5.8481331286e-04,5.9293495143e-04,5.9863303006e-04
2023-05-20,3.2613622637e-04,3.2527524051e-04,3.2778573044e-04,3.2450244345e-04,3.2599107986e-04,3.2712663758e-04
2023-05-21,2.7226336167e-04,2.7497634803e-04,2.6694843625e-04,2.7765082992e-04,2.7269664299e-04,2.6904455115e-04
2023-05-22,5.1199256192e-04,5.1114626842e-04,5.1338196705e-04,5.1050741662e-04,5.1200201250e-04,5.1292514499e-04
2023-05-23,4.6953535777e-04,4.6839999104e-04,4.7169122876e-04,4.6733204729e-04,4.6941023509e-04,4.7084328666e-04
2023-05-24,4.3679698037e-04,4.3531084459e-04,4.3945074483e-04,4.3409202998e-04,4.3681766327e-04,4.3831361916e-04
2023-05-25,6.2795032553e-04,6.2338083309e-04,6.3645817063e-04,6.1938215318e-04,6.2753842551e-04,6.3299204526e-04
2023-05-26,4.4685120304e-04,4.4405891834e-04,4.5222634818e-04,4.4159483544e-04,4.4642369253e-04,4.4995222073e-04
2023-05-27,2.6688615588e-04,2.6666903595e-04,2.6725858196e-04,2.6653998665e-04,2.6688595205e-04,2.6707722282e-04
2023-05-28,2.4836857099e-04,2.5007893034e-04,2.4499939712e-04,2.5178833533e-04,2.4865785508e-04,2.4631833707e-04
2023-05-29,7.1837757447e-04,7.1333098273e-04,7.2769014948e-04,7.0953553644e-04,7.1798856697e-04,7.2334263671e-04
2023-05-30,5.3758043506e-04,5.3562133101e-04,5.4141913885e-04,5.3383583046e-04,5.3722764363e-04,5.3979823137e-04
2023-05-31,5.2287106224e-04,5.2082494468e-04,5.2688833744e-04,5.1904408901e-04,5.2247785366e-04,5.2512008642e-04
2023-06-01,5.9643403211e-04,5.9605702333e-04,5.9722644743e-04,5.9591211554e-04,5.9625297659e-04,5.9672159763e-04
2023-06-02,5.5287813128e-04,5.5190726803e-04,5.5506085473e-04,5.5121828060e-04,5.5237214168e-04,5.5383211134e-04
2023-06-03,3.1925275862e-04,3.1947078163e-04,3.1892554349e-04,3.1986068797e-04,3.1916602233e-04,3.1884075770e-04
2023-06-04,2.8097017485e-04,2.8347836081e-04,2.7621376172e-04,2.8599684793e-04,2.8119096219e-04,2.7797094158e-04
2023-06-05,4.2977728889e-04,4.3019365137e-04,4.2903847166e-04,4.3081009799e-04,4.2965422296e-04,4.2919000049e-04
2023-06-06,1.0928155806e-03,1.0863431208e-03,1.1058716275e-03,1.0808511744e-03,1.0912609745e-03,1.0997510059e-03
2023-06-07,1.1752182385e-03,1.1731538421e-03,1.1796334546e-03,1.1729242470e-03,1.1746289012e-03,1.1757507478e-03
2023-06-08,1.2142129331e-03,1.2144548295e-03,1.2144568808e-03,1.2144568808e-03,1.2137096274e-03,1.2139864470e-03
2023-06-09,6.6770173116e-04,6.6810271017e-04,6.6809718727e-04,6.6809718727e-04,6.6815751916e-04,6.6605405192e-04
2023-06-10,4.1182358353e-04,4.1195898061e-04,4.1227463749e-04,4.1227463749e-04,4.1231662883e-04,4.1029303324e-04
2023-06-11,9.1105584731e-04,9.1115625948e-04,9.1047974329e-04,9.1047974329e-04,9.1056738813e-04,9.1259610237e-04
2023-06-12,7.3970886090e-04,7.3997251067e-04,7.3996653181e-04,7.3996653181e-04,7.4003330609e-04,7.3860542411e-04
2023-06-13,6.6980813101e-04,6.6996304727e-04,6.6995810081e-04,6.6995810081e-04,6.7002036249e-04,6.6914104364e-04
2023-06-14,6.9222428861e-04,6.9235233814e-04,6.9234734585e-04,6.9234734585e-04,6.9243994170e-04,6.9163447148e-04
2023-06-15,1.1029941917e-03,1.1031473501e-03,1.1031487001e-03,1.1031487001e-03,1.1024702759e-03,1.1030559324e-03
2023-06-16,6.0107498086e-04,6.0102334015e-04,6.0101838723e-04,6.0101838723e-04,6.0107516654e-04,6.0123962316e-04
2023-06-17,4.5358641395e-04,4.5333367546e-04,4.5368098592e-04,4.5368098592e-04,4.5372965894e-04,4.5350676352e-04
2023-06-18,4.8206858180e-04,4.8235177331e-04,4.8199045176e-04,4.8199045176e-04,4.8203532240e-04,4.8197490978e-04
2023-06-19,5.8217041962e-04,5.8242466215e-04,5.8242094207e-04,5.8242094207e-04,5.8247315634e-04,5.8111239544e-04
2023-06-20,6.9874456170e-04,6.9858904887e-04,6.9858378064e-04,6.9858378064e-04,6.9865063684e-04,6.9931556149e-04
2023-06-21,1.0576729759e-03,1.0573454415e-03,1.0573379869e-03,1.0573379869e-03,1.0574826404e-03,1.0588608235e-03
2023-06-22,1.4464538820e-03,1.4461922827e-03,1.4461822031e-03,1.4461822031e-03,1.4452956060e-03,1.4484171150e-03
2023-06-23,8.0635540296e-04,8.0623662171e-04,8.0623082127e-04,8.0623082127e-04,8.0630734714e-04,8.0677140342e-04
2023-06-24,6.8882714820e-04,6.8847323590e-04,6.8900077387e-04,6.8900077387e-04,6.8907455541e-04,6.8858640194e-04
2023-06-25,6.0966067578e-04,6.1040977363e-04,6.0995338467e-04,6.0995338467e-04,6.1000775872e-04,6.0797907722e-04
2023-06-26,8.1196939663e-04,8.1234657212e-04,8.1234048372e-04,8.1234048372e-04,8.1241320547e-04,8.1040623809e-04
2023-06-27,8.5459010055e-04,8.5447315939e-04,8.5446820280e-04,8.5446820280e-04,8.5454954752e-04,8.5499139026e-04
2023-06-28,8.0851218634e-04,8.0852113320e-04,8.0851535518e-04,8.0851535518e-04,8.0862432062e-04,8.0838476751e-04
2023-06-29,7.5661173486e-04,7.5667986559e-04,7.5667846751e-04,7.5667846751e-04,7.5621323189e-04,7.5680864178e-04
2023-06-30,5.4117746873e-04,5.4196989920e-04,5.4366979936e-04,5.4366979936e-04,5.3450261679e-04,5.4207522891e-04
2023-07-01,6.7662888383e-04,6.8081615000e-04,6.7741129123e-04,6.7741129123e-04,6.3777196706e-04,7.0973371963e-04
2023-07-02,3.7495649889e-04,3.8003009647e-04,3.8635079321e-04,3.8635079321e-04,3.6889950441e-04,3.5315130714e-04
2023-07-03,7.2754939974e-04,7.3505702350e-04,7.4059847828e-04,7.4059847828e-04,7.0146299413e-04,7.2003002448e-04
2023-07-04,7.3040507360e-04,7.3806491419e-04,7.4723128430e-04,7.4723128430e-04,7.0990521415e-04,7.0959267107e-04
2023-07-05,6.3804402131e-04,6.4612827266e-04,6.5432386401e-04,6.5432386401e-04,6.2329960868e-04,6.1214449720e-04
2023-07-06,4.1868472396e-04,4.1402046347e-04,4.1083424162e-04,4.1083424162e-04,4.3703166678e-04,4.2070300632e-04
2023-07-07,6.2344743765e-04,6.1872096974e-04,6.1341981913e-04,6.1341981913e-04,6.2472712005e-04,6.4694946020e-04
2023-07-08,3.1948472463e-04,3.1717167305e-04,3.1643152095e-04,3.1643152095e-04,3.2573439565e-04,3.2165451253e-04
2023-07-09,2.6210698748e-04,2.6159764198e-04,2.6232183868e-04,2.6232183868e-04,2.6978004831e-04,2.5451356976e-04
2023-07-10,3.7713432159e-04,3.7618806448e-04,3.7708717820e-04,3.7708717820e-04,3.8812253733e-04,3.6718664973e-04
2023-07-11,5.9235034556e-04,5.9084925135e-04,5.8837290201e-04,5.8837290201e-04,5.9271271419e-04,6.0144395823e-04
2023-07-12,4.3728573821e-04,4.3256691784e-04,4.2979253534e-04,4.2979253534e-04,4.5314713409e-04,4.4112956846e-04
2023-07-13,4.4793378973e-04,4.4352282086e-04,4.4010322837e-04,4.4010322837e-04,4.6116218343e-04,4.5477748763e-04
2023-07-14,6.1187169892e-04,6.0497575396e-04,6.0639293810e-04,6.0639293810e-04,6.1502979109e-04,6.2656707333e-04
2023-07-15,4.6451629119e-04,4.6439665910e-04,4.6531064933e-04,4.6531064933e-04,4.5910410263e-04,4.6845939553e-04
2023-07-16,2.4406663170e-04,2.4640403819e-04,2.4993089968e-04,2.4993089968e-04,2.4337978097e-04,2.3068753999e-04
2023-07-17,4.0998029785e-04,4.1264463626e-04,4.1641405317e-04,4.1641405317e-04,4.0628321457e-04,3.9814553205e-04
2023-07-18,6.2035458385e-04,6.2501146139e-04,6.2541970374e-04,6.2541970374e-04,5.9717823404e-04,6.2874381634e-04
2023-07-19,5.1962461946e-04,5.2072510105e-04,5.2190127917e-04,5.2190127917e-04,5.1353381868e-04,5.2006161921e-04
2023-07-20,3.8095588596e-04,3.8008089084e-04,3.7985827158e-04,3.7985827158e-04,3.8384448034e-04,3.8113751545e-04
2023-07-21,3.7518206092e-04,3.7501963866e-04,3.7428801900e-04,3.7428801900e-04,3.7151573359e-04,3.8079889434e-04
2023-07-22,2.0215551975e-04,2.0234526756e-04,2.0282784853e-04,2.0282784853e-04,2.0262328725e-04,2.0015334687e-04
2023-07-23,1.8975906605e-04,1.8991086249e-04,1.9087045159e-04,1.9087045159e-04,1.9122308775e-04,1.8592047682e-04
2023-07-24,3.0418111496e-04,3.0225749127e-04,3.0198826521e-04,3.0198826521e-04,3.0972633590e-04,3.0494521722e-04
2023-07-25,5.6390775555e-04,5.6378758011e-04,5.6216888615e-04,5.6216888615e-04,5.5342851826e-04,5.7798490708e-04
2023-07-26,3.1432563830e-04,3.1505159273e-04,3.1597639416e-04,3.1597639416e-04,3.1228544397e-04,3.1233836645e-04
2023-07-27,3.8129197246e-04,3.8251761023e-04,3.8303460016e-04,3.8303460016e-04,3.7335282046e-04,3.8452023128e-04
2023-07-28,2.5604376825e-04,2.5743610654e-04,2.5876225757e-04,2.5876225757e-04,2.5225949017e-04,2.5299872939e-04
2023-07-29,1.5853338747e-04,1.5939292048e-04,1.6035856877e-04,1.6035856877e-04,1.5661143697e-04,1.5594544236e-04
2023-07-30,1.1126551037e-04,1.1075769727e-04,1.1146416631e-04,1.1146416631e-04,1.1587035194e-04,1.0677117002e-04
2023-07-31,2.3595653149e-04,2.3375818390e-04,2.3279189846e-04,2.3279189846e-04,2.4215829944e-04,2.3828237721e-04
2023-08-01,2.4325371359e-04,2.4063282972e-04,2.3869601066e-04,2.3869601066e-04,2.4968595301e-04,2.4855776390e-04
2023-08-02,3.7614697535e-04,3.7378175980e-04,3.7203095560e-04,3.7203095560e-04,3.7561453015e-04,3.8727667559e-04
2023-08-03,4.6609190712e-04,4.6794568179e-04,4.6795548553e-04,4.6795548553e-04,4.4998299868e-04,4.7661988408e-04
2023-08-04,2.8234279676e-04,2.8529088447e-04,2.8685997288e-04,2.8685997288e-04,2.7014669827e-04,2.8255645529e-04
2023-08-05,1.7984614368e-04,1.8196945274e-04,1.8338869693e-04,1.8338869693e-04,1.7225002225e-04,1.7823384956e-04
2023-08-06,1.4461743297e-04,1.4690096248e-04,1.4957171840e-04,1.4957171840e-04,1.4010873698e-04,1.3693402861e-04
2023-08-07,2.0219041656e-04,2.0370164793e-04,2.0580153961e-04,2.0580153961e-04,1.9945311850e-04,1.9619423714e-04
2023-08-08,2.8100997091e-04,2.8037445161e-04,2.7918631898e-04,2.7918631898e-04,2.7776016062e-04,2.8854260437e-04
2023-08-09,4.0490999226e-04,4.0539962789e-04,4.0514197040e-04,4.0514197040e-04,3.9179139158e-04,4.1707500104e-04
2023-08-10,3.7264414270e-04,3.7649618051e-04,3.7792864468e-04,3.7792864468e-04,3.5198273425e-04,3.7888450938e-04
2023-08-11,2.5605412851e-04,2.5967150747e-04,2.6189224712e-04,2.6189224712e-04,2.4176015514e-04,2.5505448573e-04
2023-08-12,1.4491386467e-04,1.4719921238e-04,1.4899557171e-04,1.4899557171e-04,1.3777281306e-04,1.4160615447e-04
2023-08-13,8.9023096084e-05,1.0135193784e-04,7.8170806969e-05,7.4051903152e-05,1.0180489263e-04,8.9735939835e-05
2023-08-14,1.3837878813e-04,1.4527647359e-04,1.3377619358e-04,1.2180141535e-04,1.5293261923e-04,1.3810723888e-04
2023-08-15,2.2396131076e-04,2.1151544486e-04,2.3802314497e-04,2.3206085682e-04,2.1646975491e-04,2.2173735222e-04
2023-08-16,2.1806812676e-04,2.0944251669e-04,2.3108647133e-04,2.1852345939e-04,2.1421750387e-04,2.1707068251e-04
2023-08-17,2.6052373428e-04,2.5491459788e-04,2.7334357243e-04,2.5910199047e-04,2.5358424273e-04,2.6167426787e-04
2023-08-18,4.0195640183e-03,4.1273060907e-03,4.0723259108e-03,4.4347339492e-03,3.2474959074e-03,4.2159582334e-03
2023-08-19,9.4645434504e-04,1.0703390639e-03,8.2684229039e-04,9.9178002641e-04,8.6228782905e-04,9.8102251551e-04
2023-08-20,7.0611093629e-04,8.4318889245e-04,5.7863145045e-04,6.8574341886e-04,6.9039852158e-04,7.3259239812e-04
2023-08-21,8.9528261266e-04,1.0945563119e-03,7.1437964353e-04,8.3537218737e-04,9.0443423188e-04,9.2767068865e-04
2023-08-22,9.7844017232e-04,1.1967190777e-03,7.6364081385e-04,9.6267884248e-04,9.5698608007e-04,1.0121760475e-03
2023-08-23,6.0672762705e-04,5.8814821604e-04,6.1526538130e-04,6.2427495429e-04,6.0934628563e-04,5.9660329802e-04
2023-08-24,6.2153181219e-04,5.7973500451e-04,6.6551384604e-04,6.2219369973e-04,6.3175222893e-04,6.0846428174e-04
2023-08-25,3.9248218714e-04,3.7521127390e-04,4.0357920340e-04,3.9050724679e-04,4.1089287570e-04,3.8222033592e-04
2023-08-26,2.4596942600e-04,2.3582373483e-04,2.5067966814e-04,2.4307338077e-04,2.6194627803e-04,2.3832406823e-04
2023-08-27,1.7751084769e-04,1.8064323137e-04,1.7053694143e-04,1.5275970582e-04,2.1189242985e-04,1.7172192999e-04
2023-08-28,2.4331222353e-04,2.3944014764e-04,2.4250909400e-04,2.1071325598e-04,2.9034396074e-04,2.3355465928e-04
2023-08-29,3.1913654315e-04,2.8539447352e-04,3.4465435746e-04,3.1856015082e-04,3.4460956838e-04,3.0246416555e-04
2023-08-30,1.1321504934e-03,1.0311710150e-03,1.3104127391e-03,1.0267846096e-03,1.1671945011e-03,1.1251896024e-03
2023-08-31,6.1191415377e-04,6.0309390751e-04,6.1646274868e-04,5.9779246648e-04,6.3955636838e-04,6.0266527781e-04
2023-09-01,7.7997472936e-04,7.6592756875e-04,8.0998083136e-04,7.3809849174e-04,8.1094213902e-04,7.7492461591e-04
2023-09-02,4.2944907080e-04,4.1968020785e-04,4.2944119031e-04,4.5197315164e-04,4.2312386837e-04,4.2302693580e-04
2023-09-03,2.9616249628e-04,3.1383813457e-04,2.7464436566e-04,2.6636198254e-04,3.3322470141e-04,2.9274329720e-04
2023-09-04,4.2995301455e-04,4.4493641661e-04,4.7426303004e-04,3.7713980248e-04,4.3105325556e-04,4.2237256807e-04
2023-09-05,4.3509286697e-04,4.5632696136e-04,4.5913432040e-04,3.8839470564e-04,4.2816518360e-04,4.4344316383e-04
2023-09-06,3.9201639852e-04,3.9596942769e-04,4.4797733489e-04,3.4000800948e-04,3.7981118213e-04,3.9631603842e-04
2023-09-07,4.0283179907e-04,3.8346457044e-04,4.9039799956e-04,3.5799460895e-04,3.8087511748e-04,4.0142669894e-04
2023-09-08,4.1476308808e-04,3.7934062226e-04,5.1438585712e-04,3.6645411138e-04,3.9918301636e-04,4.1445183330e-04
2023-09-09,2.6187235715e-04,2.6846693398e-04,2.7942019747e-04,2.5206485891e-04,2.4322723145e-04,2.6618256391e-04
2023-09-10,1.6050896798e-04,1.8317337032e-04,1.5895176385e-04,1.3500746819e-04,1.6027500744e-04,1.6513723010e-04
2023-09-11,3.4442560839e-04,3.6110764207e-04,3.6060980897e-04,3.2798413548e-04,3.3008823763e-04,3.4233821780e-04
2023-09-12,5.9907509269e-04,6.0227020305e-04,6.2457979318e-04,6.0185362200e-04,5.5566711240e-04,6.1100473282e-04
2023-09-13,8.1060799653e-04,7.6984479469e-04,8.6564817044e-04,8.3925567092e-04,7.6234414520e-04,8.1594720142e-04
2023-09-14,5.8599735120e-04,6.0940394605e-04,5.7701025496e-04,5.8507006827e-04,5.6240432853e-04,5.9609815817e-04
2023-09-15,5.1568271606e-04,5.3504774352e-04,4.8950349698e-04,5.3668234045e-04,4.8457542374e-04,5.3260457562e-04
2023-09-16,2.8596195687e-04,3.1627758477e-04,2.6279750552e-04,2.8613561715e-04,2.7065393473e-04,2.9394514217e-04
2023-09-17,2.8290289089e-04,3.1586012785e-04,2.6555417458e-04,2.6673181261e-04,2.7510420928e-04,2.9126413015e-04
2023-09-18,2.9068702048e-04,3.2049581581e-04,2.9457347761e-04,2.6075188350e-04,2.8749230443e-04,2.9012162105e-04
2023-09-19,5.7143369336e-04,5.6076086311e-04,5.8631835919e-04,6.0171816158e-04,5.2706558998e-04,5.8130549295e-04
2023-09-20,5.9609297643e-04,5.8370081180e-04,6.3839120036e-04,5.9303812686e-04,5.6176627721e-04,6.0356846593e-04
2023-09-21,5.7120323610e-04,5.9210564993e-04,5.5522627997e-04,5.9913451701e-04,5.2636238137e-04,5.8318735224e-04
2023-09-22,4.1938472453e-04,4.5173620286e-04,4.0820962159e-04,4.0310302344e-04,3.9880676928e-04,4.3506800549e-04
2023-09-23,2.1975631214e-04,2.4767068467e-04,2.0338048151e-04,2.1194874158e-04,2.0924151036e-04,2.2654014258e-04
2023-09-24,1.5484623261e-04,1.8425521219e-04,1.4449004727e-04,1.2900109519e-04,1.5649442706e-04,1.5999038133e-04
2023-09-25,3.4776761213e-04,3.6319665108e-04,3.7363234754e-04,3.2235013493e-04,3.3476891901e-04,3.4489000809e-04
2023-09-26,3.4933386940e-04,3.3158155738e-04,3.7393538205e-04,3.6427788327e-04,3.3410504405e-04,3.4276948026e-04
2023-09-27,2.7375784541e-04,2.6408005683e-04,3.0160131909e-04,2.6457816807e-04,2.7107261270e-04,2.6745707036e-04
2023-09-28,3.4865114749e-04,3.3389537392e-04,3.8087927902e-04,3.4924571582e-04,3.3767386831e-04,3.4156150037e-04
2023-09-29,4.5289351985e-04,4.3774286962e-04,4.8845591384e-04,4.5886038030e-04,4.3286804449e-04,4.4654039099e-04
2023-09-30,2.6539939260e-04,2.6084212752e-04,2.6959656610e-04,2.8130864925e-04,2.5246796377e-04,2.6278165637e-04
2023-10-01,1.8733472247e-04,1.9629661747e-04,1.8718366555e-04,1.7395120569e-04,1.9270586797e-04,1.8653625569e-04
2023-10-02,8.6956925356e-04,8.5379327336e-04,9.3284393933e-04,8.6954760946e-04,8.2790361047e-04,8.6375783518e-04
2023-10-03,9.5263285574e-04,9.6326756867e-04,8.8562085840e-04,1.0733472182e-03,8.8247033641e-04,9.5845829699e-04
2023-10-04,5.8864603944e-04,6.2377525674e-04,5.3289517213e-04,6.1896751436e-04,5.7334778034e-04,5.9424447361e-04
2023-10-05,6.2785376346e-04,6.7116163929e-04,5.7291190217e-04,6.4481700590e-04,6.1513873520e-04,6.3523953474e-04
2023-10-06,5.6993350044e-04,6.0366199344e-04,5.1342787874e-04,6.0862250196e-04,5.4775817080e-04,5.7619695728e-04
2023-10-07,4.5860227527e-04,4.6671915376e-04,4.4249239604e-04,4.8878458092e-04,4.3505912854e-04,4.5995611708e-04
2023-10-08,2.4950537182e-04,2.6528248491e-04,2.3841352587e-04,2.3934978105e-04,2.5426893390e-04,2.5021213339e-04
2023-10-09,4.5301736951e-04,4.6366663817e-04,4.4400993274e-04,4.6007931707e-04,4.4483219922e-04,4.5249876033e-04
2023-10-10,5.5273806603e-04,5.6143989248e-04,5.3419515903e-04,5.7935670192e-04,5.3563064104e-04,5.5306793567e-04
2023-10-11,4.5293391134e-04,4.6465575960e-04,4.4610305894e-04,4.5419743520e-04,4.4779219755e-04,4.5192110541e-04
2023-10-12,5.7597879614e-04,5.6172307074e-04,6.0720253517e-04,5.9033047880e-04,5.5154822739e-04,5.6908966861e-04
2023-10-13,3.1519508184e-04,3.1989705360e-04,3.1346770237e-04,3.1792923187e-04,3.1124298373e-04,3.1343843766e-04
2023-10-14,2.3410948849e-04,2.3244412771e-04,2.3921417180e-04,2.3895483409e-04,2.2824092249e-04,2.3169338634e-04
2023-10-15,1.6291600507e-04,1.6977480712e-04,1.6621323035e-04,1.4667204519e-04,1.7053413007e-04,1.6138581263e-04
2023-10-16,3.2177860841e-04,3.2002535585e-04,3.4806743728e-04,2.9852804678e-04,3.2573682264e-04,3.1653537951e-04
2023-10-17,2.1956221562e-03,2.1867323988e-03,2.1441248247e-03,2.4149432534e-03,2.0182216563e-03,2.2140886477e-03
2023-10-18,9.0792981178e-04,1.0204204837e-03,7.6705653884e-04,9.9255736281e-04,8.3838533229e-04,9.2122934126e-04
2023-10-19,8.5860371810e-04,9.7707791188e-04,7.0835478697e-04,9.4251509204e-04,7.9863687312e-04,8.6643392651e-04
2023-10-20,7.3913332789e-04,8.1418077539e-04,6.2989700823e-04,8.0711986023e-04,6.9836900239e-04,7.4609999321e-04
2023-10-21,6.6833624539e-04,6.9572477769e-04,6.1988538942e-04,7.2237565474e-04,6.3690187312e-04,6.6679353199e-04
2023-10-22,4.0569550236e-04,4.1474735675e-04,4.2149163763e-04,3.9413830320e-04,3.9566311763e-04,4.0243709660e-04
2023-10-23,5.3327925918e-04,5.5061781653e-04,5.5218275549e-04,5.1793540153e-04,5.2131792904e-04,5.2434239330e-04
2023-10-24,2.9393434425e-03,2.3996976625e-03,3.4327332892e-03,3.1006894663e-03,2.9088878180e-03,2.8547089768e-03
2023-10-25,2.1965954519e-03,2.1966617954e-03,2.0634824532e-03,2.4641327720e-03,2.0006313351e-03,2.2580689038e-03
2023-10-26,1.5217145926e-03,1.6397859206e-03,1.3015886572e-03,1.6942180588e-03,1.4346219533e-03,1.5383583731e-03
2023-10-27,1.0491288100e-03,1.1845141687e-03,8.5542670848e-04,1.1535374927e-03,9.8554909427e-04,1.0666165857e-03
2023-10-28,5.9602888369e-04,6.9290698815e-04,4.7934925242e-04,6.4057492544e-04,5.7199009823e-04,5.9532315421e-04
2023-10-29,5.1851599371e-04,5.6919529401e-04,4.6766598308e-04,5.2534945855e-04,5.1840136436e-04,5.1196786855e-04
2023-10-30,5.8482852465e-04,5.9001147979e-04,6.2399403987e-04,5.4524499319e-04,6.0154656793e-04,5.6334554249e-04
2023-10-31,5.6909879517e-04,5.7581292744e-04,6.0988238152e-04,5.2594871943e-04,5.6410119695e-04,5.6974875054e-04
2023-11-01,5.1706853265e-04,5.1145997189e-04,5.8635721965e-04,4.5892300913e-04,5.2081310809e-04,5.0778935450e-04
2023-11-02,8.0104547691e-04,7.4630141978e-04,9.4296436677e-04,7.3408366646e-04,7.9469724120e-04,7.8718069036e-04
2023-11-03,6.2624552867e-04,6.2172990881e-04,6.8942166002e-04,5.8250582321e-04,6.0967591251e-04,6.2789433882e-04
2023-11-04,3.7335374326e-04,3.8250666281e-04,4.0072298209e-04,3.4491947007e-04,3.6796494334e-04,3.7065465798e-04
2023-11-05,3.8904926278e-04,3.9085279141e-04,4.2191648150e-04,3.5439097340e-04,3.9946590950e-04,3.7862015808e-04
2023-11-06,7.1694829933e-04,7.1257760999e-04,7.8372977872e-04,6.7684877892e-04,7.0347444629e-04,7.0811088272e-04
2023-11-07,5.6020604134e-04,5.7571159069e-04,5.8468117477e-04,5.1960831428e-04,5.6217841871e-04,5.5885070827e-04
2023-11-08,6.9341217455e-04,6.8241428281e-04,7.6635656451e-04,6.5035500227e-04,6.7752825641e-04,6.9040676674e-04
2023-11-09,6.4732794699e-04,6.2371201558e-04,6.5803966792e-04,6.8401766342e-04,6.6097549481e-04,6.0989489324e-04
2023-11-10,1.0157540705e-03,9.5672218772e-04,1.1622558917e-03,9.7346435209e-04,9.3983239650e-04,1.0464955245e-03
2023-11-11,5.1919352045e-04,5.1168617698e-04,5.2856760753e-04,5.3994652131e-04,5.1114924039e-04,5.0461805604e-04
2023-11-12,4.9195246764e-04,5.0865464969e-04,4.6727685810e-04,4.9882275393e-04,5.1157275198e-04,4.7343532449e-04
2023-11-13,6.1306543691e-04,6.3758903947e-04,5.7233230466e-04,6.3013327340e-04,6.5395801459e-04,5.7131455243e-04
2023-11-14,8.3962284753e-04,8.6395624719e-04,7.9048709813e-04,8.8007144044e-04,8.4469023187e-04,8.1890922003e-04
2023-11-15,9.7360595714e-04,9.7052291444e-04,1.0412769203e-03,9.6091562545e-04,9.2619499478e-04,9.6911933076e-04
2023-11-16,1.1351765574e-03,1.0901738453e-03,1.4266253711e-03,8.5325896881e-04,1.1260790995e-03,1.1797455024e-03
2023-11-17,9.9579593480e-04,1.0625363457e-03,1.0547960257e-03,8.8870377346e-04,9.2865176375e-04,1.0442917654e-03
2023-11-18,5.3392098335e-04,5.7302717539e-04,5.2193043251e-04,5.3510352630e-04,4.8698065140e-04,5.5256313115e-04
2023-11-19,4.1663132659e-04,4.7266282667e-04,3.6885335291e-04,3.9866114826e-04,4.2653562188e-04,4.1644368323e-04
2023-11-20,7.0014286940e-04,7.4941153797e-04,7.1211396950e-04,6.2310249354e-04,7.1979051474e-04,6.9629583122e-04
2023-11-21,8.1176219280e-04,8.5209822790e-04,7.7043377097e-04,8.6571563719e-04,7.3584061071e-04,8.3472271723e-04
2023-11-22,1.0973780978e-03,1.1280326624e-03,1.1959283855e-03,9.8643168231e-04,1.0763177501e-03,1.1001800088e-03
2023-11-23,8.8826632117e-04,8.6635450165e-04,1.0304100078e-03,7.3873948811e-04,9.1336735879e-04,8.9246024948e-04
2023-11-24,4.9464183532e-04,5.2519302095e-04,4.5713497670e-04,5.0868917807e-04,4.9314612574e-04,4.8904587516e-04
2023-11-25,4.5346940246e-04,4.6340219979e-04,4.5611617697e-04,4.6785550205e-04,4.2807213005e-04,4.5190100346e-04
2023-11-26,2.8473265557e-04,3.0602238519e-04,2.5575659585e-04,2.7515044817e-04,3.2103272924e-04,2.6570111938e-04
2023-11-27,5.3472238633e-04,5.3585996734e-04,5.4730578438e-04,5.3532737168e-04,5.5582112507e-04,4.9929768316e-04
2023-11-28,5.9528486985e-04,5.8173992438e-04,5.9513753144e-04,6.4735582642e-04,5.7755089803e-04,5.7464016899e-04
2023-11-29,6.6027361389e-04,6.4174851779e-04,7.0722746362e-04,6.5103179554e-04,6.5868401357e-04,6.4267627892e-04
2023-11-30,5.4592283256e-04,5.3491013427e-04,5.5376190783e-04,5.7977953267e-04,5.4111485484e-04,5.2004773317e-04
2023-12-01,4.1703525355e-04,4.2323836182e-04,4.1907200352e-04,4.0841039769e-04,4.2582770781e-04,4.0862779692e-04
2023-12-02,3.3725696272e-04,3.3146927341e-04,3.7103172154e-04,3.0878111714e-04,3.4581835666e-04,3.2918434487e-04
2023-12-03,4.3860047108e-04,4.2508716629e-04,4.9395408455e-04,4.0509094440e-04,4.3454443578e-04,4.3432572437e-04
2023-12-04,5.2449521576e-04,5.2049717167e-04,5.7149670677e-04,4.8748115229e-04,5.3736391663e-04,5.0563713142e-04
2023-12-05,1.0050982544e-03,9.4084864073e-04,1.1826586469e-03,9.2466290371e-04,9.5154902822e-04,1.0257720524e-03
2023-12-06,1.0960354771e-03,1.0665841218e-03,1.2648853818e-03,9.6753392676e-04,1.0573725288e-03,1.1238014265e-03
2023-12-07,8.9032621346e-04,9.6327419068e-04,8.4606579818e-04,9.1882495913e-04,8.0611796378e-04,9.1734815553e-04
2023-12-08,6.4460190921e-04,7.0827532779e-04,6.0160782859e-04,6.4472407014e-04,6.0199963405e-04,6.6640268550e-04
2023-12-09,4.0673393054e-04,4.4321956541e-04,3.9601944564e-04,3.7976802070e-04,4.0108536928e-04,4.1357725166e-04
2023-12-10,4.3613875049e-04,4.7410185201e-04,4.2661364937e-04,4.0905666133e-04,4.2987546018e-04,4.4104612958e-04
2023-12-11,4.4886932645e-04,4.8218358074e-04,4.3974534047e-04,4.1769010739e-04,4.6905592658e-04,4.3567167704e-04
2023-12-12,1.6189586059e-03,1.6398917266e-03,1.7751934537e-03,1.5867542658e-03,1.4132626642e-03,1.6796909194e-03
2023-12-13,1.0146867735e-03,1.0834667884e-03,9.7124935654e-04,1.0696809595e-03,8.9134099411e-04,1.0576957689e-03
2023-12-14,1.1347247009e-03,1.1964021149e-03,1.1656631366e-03,1.0705338378e-03,1.0515185477e-03,1.1895058673e-03
2023-12-15,8.7069284735e-04,9.5219472857e-04,7.9202785015e-04,9.4063821841e-04,7.4599175966e-04,9.2261167997e-04
2023-12-16,5.2221141756e-04,6.0025035427e-04,4.7495870889e-04,4.8984936625e-04,5.1432995901e-04,5.3166869938e-04
2023-12-17,4.6328882030e-04,5.0241978819e-04,4.4586423518e-04,4.3284469522e-04,4.6763328428e-04,4.6768209865e-04
2023-12-18,8.3130291141e-04,8.6992269387e-04,8.5698439791e-04,7.9515898569e-04,8.1219035458e-04,8.2225812499e-04
2023-12-19,9.4891384335e-04,9.3652717181e-04,1.0112209321e-03,9.2618462153e-04,9.0199757965e-04,9.6863891167e-04
2023-12-20,8.2016366026e-04,8.4390930285e-04,8.2230085969e-04,8.3020955972e-04,7.8212099405e-04,8.2227758500e-04
2023-12-21,9.5567496163e-04,9.4875624947e-04,1.0420225949e-03,8.8619081910e-04,9.3512201311e-04,9.6628313151e-04
2023-12-22,6.3225263057e-04,6.6298710201e-04,6.0569798402e-04,6.4778084230e-04,6.0222251787e-04,6.4257470665e-04
2023-12-23,4.1783525947e-04,4.3188828553e-04,3.8896965984e-04,4.6032809016e-04,4.0437415885e-04,4.0361610297e-04
2023-12-24,3.9749268936e-04,4.0869817821e-04,3.7777358112e-04,4.0300140226e-04,4.2348495120e-04,3.7450533403e-04
2023-12-25,7.3264817230e-04,7.3010339269e-04,7.6641367986e-04,7.3586161407e-04,7.3924633921e-04,6.9161583566e-04
2023-12-26,6.2430698094e-04,6.0437655176e-04,6.2563354121e-04,6.5882731248e-04,6.3663751872e-04,5.9605998053e-04
2023-12-27,8.1543366775e-04,7.9791260397e-04,8.6161207095e-04,8.2056147493e-04,8.1543750826e-04,7.8164468064e-04
2023-12-28,6.8569410473e-04,6.6751312941e-04,7.3414610751e-04,6.6416204610e-04,7.0045640528e-04,6.6219283534e-04
2023-12-29,6.2529386648e-04,6.2965213609e-04,6.3667558475e-04,6.3054351582e-04,6.1324110411e-04,6.1635699162e-04
2023-12-30,4.3160175115e-04,4.3098967987e-04,4.3097678641e-04,4.6824189303e-04,4.1301687878e-04,4.1478351766e-04
2023-12-31,4.3928429824e-04,4.4325033413e-04,4.3716540699e-04,4.5294122226e-04,4.3702166219e-04,4.2604286564e-04
2024-01-01,6.2330334506e-04,6.2321657405e-04,6.3545824803e-04,6.4605253843e-04,6.2127820930e-04,5.9051115549e-04
2024-01-02,7.1364961451e-04,6.8014644949e-04,7.9815113436e-04,6.3102402984e-04,7.6368274945e-04,6.9524370940e-04
2024-01-03,1.0198335273e-03,1.0255227511e-03,1.0999896836e-03,9.9320356423e-04,9.2191072806e-04,1.0585409092e-03
2024-01-04,2.5961827399e-03,2.8339506841e-03,2.7999606173e-03,2.3018771203e-03,2.1542747053e-03,2.8908505724e-03
2024-01-05,1.1353771572e-03,1.2657224713e-03,1.1027549257e-03,9.9663361313e-04,1.0715248107e-03,1.2402499652e-03
2024-01-06,7.7914707489e-04,8.9042527922e-04,6.7096760642e-04,8.3517323960e-04,6.7343382272e-04,8.2573542651e-04
2024-01-07,6.4102069243e-04,7.6873934719e-04,5.2019292240e-04,6.1103547371e-04,6.4985763052e-04,6.5527808832e-04
2024-01-08,1.0198803143e-03,1.2003370112e-03,8.6774291168e-04,1.0066644771e-03,9.8365792549e-04,1.0409992460e-03
2024-01-09,1.4345286853e-03,1.3457163210e-03,1.7603293835e-03,1.1331478435e-03,1.4449384364e-03,1.4885114422e-03
2024-01-10,1.9163987249e-03,2.0051822957e-03,1.9359927448e-03,1.9584455335e-03,1.6341179341e-03,2.0482551164e-03
2024-01-11,1.7324257563e-03,1.8411071461e-03,1.6929072461e-03,1.7589365466e-03,1.5129227408e-03,1.8562551018e-03
2024-01-12,1.4136115683e-03,1.5436478970e-03,1.2873824743e-03,1.4855085587e-03,1.2259679240e-03,1.5255509878e-03
2024-01-13,1.6363171719e-03,1.7746271171e-03,1.7290231022e-03,1.3990945411e-03,1.5962546782e-03,1.6825864210e-03
2024-01-14,9.3405468319e-04,1.0430839164e-03,8.0919866517e-04,9.5532415160e-04,8.9791968601e-04,9.6474699674e-04
2024-01-15,1.3468492761e-03,1.4714646983e-03,1.2595253890e-03,1.2995899303e-03,1.3955303403e-03,1.3081360229e-03
2024-01-16,1.1507826769e-03,1.1947619256e-03,1.0495483671e-03,1.1859458577e-03,1.1752940279e-03,1.1483632065e-03
2024-01-17,1.2394851778e-03,1.2385929542e-03,1.2051228637e-03,1.2911498992e-03,1.2424708081e-03,1.2200893640e-03
2024-01-18,8.7148902181e-04,8.3886682011e-04,8.2821160508e-04,9.7029535725e-04,9.2053466039e-04,7.9953666623e-04
2024-01-19,9.5114495411e-04,8.8741469269e-04,9.9871411213e-04,9.8287584148e-04,9.9004850757e-04,8.9667161668e-04
2024-01-20,5.7077347464e-04,5.2328640966e-04,5.6959971930e-04,6.6734222622e-04,5.6893171711e-04,5.2470730092e-04
2024-01-21,4.4533837950e-04,4.2391341178e-04,4.1197965840e-04,4.9135267338e-04,5.0587300782e-04,3.9357314614e-04
2024-01-22,5.1811356462e-04,4.8592680586e-04,4.7808062140e-04,5.7623614206e-04,6.2277721854e-04,4.2754703526e-04
2024-01-23,1.3988790490e-03,1.2804738312e-03,1.5319181462e-03,1.4281843379e-03,1.4388787576e-03,1.3149401721e-03
2024-01-24,1.1186821334e-03,1.0294426079e-03,1.1430639194e-03,1.2557150523e-03,1.1070176160e-03,1.0581714714e-03
2024-01-25,9.1805004330e-04,8.6399400734e-04,8.9525330851e-04,1.0381000000e-03,9.4235395010e-04,8.5054895055e-04
2024-01-26,6.2445854961e-04,6.1839347952e-04,5.7253946899e-04,6.9183063043e-04,6.4785254945e-04,5.9167661967e-04
2024-01-27,5.8670640578e-04,5.4027159777e-04,6.6414860554e-04,5.4307429193e-04,6.3321254793e-04,5.5282498574e-04
2024-01-28,4.2217216208e-04,4.0899651407e-04,4.0557772864e-04,4.4001057763e-04,4.7377116394e-04,3.8250482610e-04
2024-01-29,7.2402693469e-04,6.6834935462e-04,7.5133568285e-04,8.0928681001e-04,7.4237020542e-04,6.4879262055e-04
2024-01-30,8.0017177555e-04,7.1077040085e-04,8.7839510483e-04,8.1546425334e-04,8.5076723716e-04,7.4546188157e-04
2024-01-31,8.2463379729e-04,7.7834788640e-04,8.2749573317e-04,9.1250023548e-04,8.3642807338e-04,7.6839705802e-04
2024-02-01,8.4310319252e-04,8.1656590599e-04,8.5379414772e-04,9.1474043714e-04,8.2334854266e-04,8.0706692906e-04
2024-02-02,6.4116622027e-04,6.3274105158e-04,6.4703029530e-04,6.5987591734e-04,6.3019832163e-04,6.3598551551e-04
2024-02-03,3.7888699197e-04,3.8196698469e-04,3.5838111203e-04,4.2048969174e-04,3.7454386982e-04,3.5905330158e-04
2024-02-04,3.2410706286e-04,3.4132612917e-04,3.0023432910e-04,3.2172091330e-04,3.5294779154e-04,3.0430615120e-04
2024-02-05,5.4094697160e-04,5.5951390895e-04,5.5064477955e-04,5.3002404157e-04,5.5591011085e-04,5.0864201707e-04
2024-02-06,5.6886995202e-04,5.6967470217e-04,5.6254491411e-04,6.0992403347e-04,5.4496698455e-04,5.5723912579e-04
2024-02-07,5.3628788839e-04,5.2897331666e-04,5.6002631898e-04,5.3889496283e-04,5.4121565144e-04,5.1232919203e-04
2024-02-08,6.0538794790e-04,5.8323916584e-04,6.9401414615e-04,5.4709728019e-04,6.1435952840e-04,5.8822961891e-04
2024-02-09,5.1857391338e-04,5.1229135367e-04,5.6587472157e-04,4.8789542457e-04,5.0768815424e-04,5.1911991287e-04
2024-02-10,5.0633330286e-04,4.9034616171e-04,6.0164399870e-04,4.4700382839e-04,4.8039419752e-04,5.1227832800e-04
2024-02-11,4.1730271925e-04,4.3663865751e-04,4.3315314658e-04,3.8439629036e-04,4.1475871956e-04,4.1756678226e-04
2024-02-12,6.3206808251e-04,6.6521160028e-04,6.5852169907e-04,5.9548044064e-04,6.1782661291e-04,6.2330005965e-04
2024-02-13,8.9336038271e-04,9.1033705482e-04,9.7341751799e-04,8.0405410348e-04,8.4167484872e-04,9.3731838855e-04
2024-02-14,9.0032158235e-04,9.8579796108e-04,8.7185344658e-04,9.0272245555e-04,7.9529279115e-04,9.4594125741e-04
2024-02-15,9.0891023832e-04,9.4159165792e-04,1.0285155676e-03,7.4204931494e-04,8.8255703955e-04,9.4983761163e-04
2024-02-16,7.1124640472e-04,7.8121389243e-04,6.7782498786e-04,7.1714861341e-04,6.1840268072e-04,7.6164184918e-04
2024-02-17,4.1726844790e-04,4.6258493070e-04,3.8733064990e-04,4.2474780090e-04,3.8770255945e-04,4.2397629854e-04
2024-02-18,5.0802822706e-04,5.5674450779e-04,5.0026586411e-04,4.8074270164e-04,4.8123058536e-04,5.2115747642e-04
2024-02-19,6.3911946102e-04,6.8483759031e-04,6.4694271599e-04,6.0493406128e-04,6.2740652154e-04,6.3147641600e-04
2024-02-20,6.1170077868e-04,6.5886599561e-04,5.6920811782e-04,6.2761506027e-04,5.8929623649e-04,6.1351848319e-04
2024-02-21,8.1302274635e-04,8.3452747426e-04,8.4889082103e-04,8.0884396582e-04,7.3981235763e-04,8.3303911302e-04
2024-02-22,7.0101423489e-04,7.4933619006e-04,6.8954908069e-04,6.9954379043e-04,6.6084254100e-04,7.0579957226e-04
2024-02-23,6.2495025689e-04,6.6194585167e-04,6.2192281336e-04,6.2221514883e-04,5.7473164788e-04,6.4393582268e-04
2024-02-24,3.6497692526e-04,3.9136406872e-04,3.5065760449e-04,3.7213264924e-04,3.5303491161e-04,3.5769539226e-04
2024-02-25,3.5150113566e-04,3.7443117659e-04,3.5137151122e-04,3.1372713289e-04,3.7512919344e-04,3.4284666417e-04
2024-02-26,4.6982326439e-04,4.8839095276e-04,4.7085742150e-04,4.6415410949e-04,4.8377672479e-04,4.4193711344e-04
2024-02-27,8.6539102363e-04,8.0917978995e-04,1.0654102768e-03,7.2067511431e-04,8.5095697270e-04,8.8073296441e-04
2024-02-28,1.2348066179e-03,1.1932913703e-03,1.5222140725e-03,1.0211429637e-03,1.1367864043e-03,1.3005982789e-03
2024-02-29,2.0059558375e-03,1.8682921990e-03,2.8413139129e-03,1.2683357821e-03,1.8923364564e-03,2.1595008374e-03
2024-03-01,1.3915694283e-03,1.5582309493e-03,1.3372353643e-03,1.3264501044e-03,1.1815096099e-03,1.5544211135e-03
2024-03-02,7.3103456800e-04,8.1380836452e-04,6.8346125139e-04,7.1151767072e-04,6.8041398259e-04,7.6597157079e-04
2024-03-03,6.7857102027e-04,7.9629044100e-04,5.7801623702e-04,6.4905149463e-04,6.6863251785e-04,7.0086441085e-04
2024-03-04,9.8074928464e-04,1.1057703567e-03,9.2808824148e-04,8.9798390889e-04,9.9253610817e-04,9.7936780797e-04
2024-03-05,2.0049504968e-03,1.8809355461e-03,2.6113434861e-03,1.4562043748e-03,1.9027536568e-03,2.1735154203e-03
2024-03-06,3.4296486261e-03,3.6814929755e-03,3.8216689746e-03,2.8822224404e-03,3.0225408206e-03,3.7403179195e-03
2024-03-07,2.2380284298e-03,2.3939779468e-03,2.3262657918e-03,1.9762760188e-03,2.0342016961e-03,2.4594206955e-03
2024-03-08,1.3427068619e-03,1.5226636265e-03,1.1566116393e-03,1.3287431547e-03,1.2504225361e-03,1.4550933529e-03
2024-03-09,1.1006882636e-03,1.2068644998e-03,1.0119374743e-03,1.1189637607e-03,1.0006500162e-03,1.1650255672e-03
2024-03-10,6.8869239766e-04,8.0236101851e-04,5.3322000631e-04,6.8505212711e-04,7.4757646139e-04,6.7525237499e-04
2024-03-11,1.1617013368e-03,1.2067102049e-03,1.1042517031e-03,1.2050215704e-03,1.1817049678e-03,1.1108182376e-03
2024-03-12,1.4755489924e-03,1.3658249611e-03,1.6514500315e-03,1.3853764096e-03,1.4964942866e-03,1.4785992732e-03
2024-03-13,1.4527355821e-03,1.4415824382e-03,1.3897615959e-03,1.6147302318e-03,1.3830900931e-03,1.4345135514e-03
2024-03-14,1.1026413594e-03,1.0493705087e-03,1.1224582243e-03,1.1310883076e-03,1.1674587186e-03,1.0428310377e-03
2024-03-15,1.3871957112e-03,1.3563384290e-03,1.4008789428e-03,1.4660288279e-03,1.3071474972e-03,1.4055848590e-03
2024-03-16,1.3819673883e-03,1.3699639668e-03,1.4006230943e-03,1.5166091870e-03,1.2175089832e-03,1.4051317100e-03
2024-03-17,1.6431621090e-03,1.6672835225e-03,1.7736556180e-03,1.4457392247e-03,1.7005048885e-03,1.6286272912e-03
2024-03-18,1.9724107624e-03,1.8875209826e-03,2.2791973338e-03,1.7337618901e-03,2.0228872871e-03,1.9386863187e-03
2024-03-19,1.8359579624e-03,1.9289162424e-03,1.5856890672e-03,2.0550623600e-03,1.7325646870e-03,1.8775574555e-03
2024-03-20,3.8805485994e-03,4.0103021029e-03,4.3296600562e-03,3.1069934615e-03,3.9936379072e-03,3.9621494694e-03
2024-03-21,2.7841103532e-03,2.3449867585e-03,3.9373863006e-03,1.9982409268e-03,2.8870733079e-03,2.7528644722e-03
2024-03-22,1.8498617784e-03,1.9156069984e-03,1.7367476790e-03,1.8034033838e-03,1.8451097908e-03,1.9484410399e-03
2024-03-23,1.1640739170e-03,1.1840768660e-03,1.0556179594e-03,1.3047928274e-03,1.1500677241e-03,1.1258142080e-03
2024-03-24,1.1254957645e-03,1.1377464210e-03,1.0055094671e-03,1.2508126567e-03,1.1175949406e-03,1.1158153370e-03
2024-03-25,1.7045713436e-03,1.5488588664e-03,2.0367219016e-03,1.5497040849e-03,1.8661723371e-03,1.5213995282e-03
2024-03-26,1.5487304025e-03,1.3757213439e-03,1.6337124659e-03,1.5862495623e-03,1.6534728040e-03,1.4944958367e-03
2024-03-27,1.4054046668e-03,1.3263376758e-03,1.2718350250e-03,1.6769268100e-03,1.4245430358e-03,1.3273807874e-03
2024-03-28,1.3836969255e-03,1.3302212150e-03,1.2909753494e-03,1.5980164228e-03,1.3846469341e-03,1.3146247064e-03
2024-03-29,9.9636183131e-04,9.2730531576e-04,9.8395332735e-04,1.0446479825e-03,1.0457017320e-03,9.8020079894e-04
2024-03-30,5.8053300603e-04,5.4517236664e-04,5.1602277274e-04,7.0217151142e-04,6.3554259644e-04,5.0375578291e-04
2024-03-31,5.2497079693e-04,4.9001508073e-04,4.6887185505e-04,5.9756121610e-04,6.1541061116e-04,4.5299522163e-04
2024-04-01,8.5088389615e-04,7.3623161692e-04,9.3896907091e-04,9.0314881399e-04,9.8997642121e-04,6.8609355772e-04
2024-04-02,1.0275785605e-03,8.8574414114e-04,1.0314722670e-03,1.1959634487e-03,1.1025319806e-03,9.2218096499e-04
2024-04-03,2.1070072794e-03,1.9000023806e-03,2.5018925887e-03,1.9719780311e-03,2.1643147809e-03,1.9968486154e-03
2024-04-04,1.1621513012e-03,1.0980841956e-03,1.1123970882e-03,1.3240409878e-03,1.1856693198e-03,1.0905649146e-03
2024-04-05,1.0776214646e-03,9.6788767396e-04,1.1922737709e-03,1.0191792671e-03,1.1421746845e-03,1.0665919264e-03
2024-04-06,7.7918671963e-04,7.4839885400e-04,7.2215883117e-04,9.3942997501e-04,7.5597356604e-04,7.2997237196e-04
2024-04-07,7.0856761605e-04,6.9492023098e-04,6.8594779475e-04,7.2457447927e-04,7.6682798895e-04,6.7056758628e-04
2024-04-08,9.3228019330e-04,8.9539613038e-04,9.3601145491e-04,1.0367527506e-03,9.8336522876e-04,8.0987540181e-04
2024-04-09,1.1217878392e-03,1.0194115188e-03,1.1975905758e-03,1.1434293608e-03,1.1553070112e-03,1.0932007293e-03
2024-04-10,1.3859926692e-03,1.3493844544e-03,1.4340869887e-03,1.3840077757e-03,1.4308689435e-03,1.3316151835e-03
2024-04-11,1.3101284801e-03,1.2815856410e-03,1.3529728229e-03,1.3323558548e-03,1.2728849173e-03,1.3108431644e-03
2024-04-12,8.4605665647e-04,8.4303575544e-04,8.2347062858e-04,9.1978162525e-04,7.9633251393e-04,8.4766275916e-04
2024-04-13,7.5457276018e-04,7.6102808688e-04,7.6722015488e-04,7.4824391785e-04,7.3739276271e-04,7.5897887857e-04
2024-04-14,2.0024043920e-03,2.0467665357e-03,2.1306179276e-03,1.9858843003e-03,1.7363732869e-03,2.1123799095e-03
2024-04-15,2.1397851690e-03,2.2685104934e-03,2.1428942530e-03,2.1007661480e-03,1.9201216095e-03,2.2666333410e-03
2024-04-16,1.9284550173e-03,2.1235054545e-03,1.7535173014e-03,1.9381599496e-03,1.8080278234e-03,2.0190645577e-03
2024-04-17,1.8447087435e-03,2.0088930552e-03,1.6512469066e-03,1.9815419490e-03,1.6463662971e-03,1.9354955098e-03
2024-04-18,2.6040573280e-03,2.9029155411e-03,2.3871022789e-03,2.5317536954e-03,2.4542017570e-03,2.7443133674e-03
2024-04-19,1.4383272536e-03,1.5243666757e-03,1.4138609484e-03,1.3639056149e-03,1.3951842757e-03,1.4943187533e-03
2024-04-20,1.0702147737e-03,1.0742293593e-03,1.0241528134e-03,1.2305926942e-03,9.3109194726e-04,1.0910070546e-03
2024-04-21,8.9788614735e-04,9.4696802277e-04,8.5461185103e-04,8.6723058316e-04,9.0796037149e-04,9.1265990829e-04
2024-04-22,1.0407184394e-03,1.0859648814e-03,9.4811056359e-04,1.0834956991e-03,1.0479684244e-03,1.0380526288e-03
2024-04-23,1.2656787994e-03,1.2967408435e-03,1.2297690021e-03,1.2314130472e-03,1.3009465633e-03,1.2695245409e-03
2024-04-24,9.1508787112e-04,9.2833884462e-04,8.4422955935e-04,9.4887510573e-04,9.6155346480e-04,8.9244238110e-04
2024-04-25,1.1773069529e-03,1.1064974998e-03,1.2296145634e-03,1.1823988527e-03,1.2411391995e-03,1.1268846489e-03
2024-04-26,7.1837800077e-04,6.5874854685e-04,7.3338537673e-04,8.0223711512e-04,7.1241026421e-04,6.8510870096e-04
2024-04-27,4.5167397488e-04,4.1565362597e-04,4.5932806035e-04,4.8947306359e-04,4.6870652018e-04,4.2520860433e-04
2024-04-28,5.7586430155e-04,5.2447505780e-04,6.0685763320e-04,6.1767882558e-04,5.8237981667e-04,5.4793017450e-04
2024-04-29,6.8292930835e-04,6.3757949391e-04,6.9468013081e-04,7.0837620089e-04,7.2934365958e-04,6.4466705658e-04
2024-04-30,8.4335308646e-04,7.7595993727e-04,8.6875796145e-04,9.0912799364e-04,8.5840209737e-04,8.0451744255e-04
2024-05-01,1.4596947670e-03,1.3620229568e-03,1.6049561238e-03,1.4147679462e-03,1.5046147487e-03,1.4121120593e-03
2024-05-02,2.1134611051e-03,2.0538240775e-03,2.2053360745e-03,2.1747214051e-03,2.0230336696e-03,2.1103902987e-03
2024-05-03,1.0448738530e-03,1.0289237997e-03,1.0254519461e-03,1.1222748930e-03,1.0080579600e-03,1.0396606662e-03
2024-05-04,8.4481357918e-04,8.4266151518e-04,9.3155198991e-04,6.9603895234e-04,9.1517533306e-04,8.3864010542e-04
2024-05-05,8.2323011917e-04,8.2934821712e-04,8.1847507272e-04,8.1523648275e-04,8.3074786076e-04,8.2234296249e-04
2024-05-06,9.4909853152e-04,9.7172067299e-04,8.8992075733e-04,9.8951264743e-04,9.4946474472e-04,9.4487383514e-04
2024-05-07,1.0171105362e-03,1.0032394998e-03,9.8099643508e-04,1.1024414036e-03,9.9356918295e-04,1.0053061598e-03
2024-05-08,9.9276138273e-04,9.6980471341e-04,9.8630115833e-04,1.0470580254e-03,9.8564853969e-04,9.7499447687e-04
2024-05-09,1.0496721032e-03,1.0291319017e-03,1.0437729091e-03,1.0879595102e-03,1.0579405224e-03,1.0295556725e-03
2024-05-10,7.1729511669e-04,6.9989302001e-04,7.5682947431e-04,6.8127465170e-04,7.4155300786e-04,7.0692542958e-04
2024-05-11,5.5399808856e-04,5.3669118881e-04,5.7782619309e-04,5.5229201553e-04,5.6284889062e-04,5.4033215473e-04
2024-05-12,3.9334454393e-04,3.9122137354e-04,3.8330393921e-04,4.0144348745e-04,4.0559767221e-04,3.8515624723e-04
2024-05-13,5.7345297044e-04,5.6237189051e-04,5.8348930299e-04,5.6061556436e-04,6.0278661096e-04,5.5800148337e-04
2024-05-14,8.1036182178e-04,7.8353211205e-04,8.5038079455e-04,8.1411960787e-04,7.9981868893e-04,8.0395790552e-04
2024-05-15,9.1263849407e-04,8.8689610861e-04,9.4679587177e-04,9.3686236580e-04,8.8897524583e-04,9.0366287835e-04
2024-05-16,1.4195547908e-03,1.4088739340e-03,1.6762285240e-03,1.0847575035e-03,1.4939454777e-03,1.4339685149e-03
2024-05-17,6.7240098559e-04,6.7407566481e-04,6.5814691501e-04,7.0046187085e-04,6.5926387555e-04,6.7005660173e-04
2024-05-18,4.6235181879e-04,4.6373693580e-04,4.7305859001e-04,4.4410986579e-04,4.7045511681e-04,4.6039858556e-04
2024-05-19,3.9952141586e-04,4.0407127457e-04,3.8344316210e-04,4.0323292766e-04,4.1351332244e-04,3.9334639253e-04
2024-05-20,6.7664335808e-04,6.6860005624e-04,6.8034303745e-04,6.8550953967e-04,6.8302140811e-04,6.6574274894e-04
2024-05-21,1.1788592746e-03,1.1436639801e-03,1.4154069113e-03,9.1406132054e-04,1.2399573010e-03,1.1812068600e-03
2024-05-22,8.5063226998e-04,8.3322207607e-04,8.6453279632e-04,8.7415971383e-04,8.4129089482e-04,8.3995586887e-04
2024-05-23,8.2210914262e-04,8.2062385894e-04,8.0680607792e-04,8.4352950959e-04,8.2707264979e-04,8.1251361688e-04
2024-05-24,8.2603901920e-04,8.3125938577e-04,8.2768211314e-04,8.7258103407e-04,7.5624992387e-04,8.4242263917e-04
2024-05-25,3.9426546181e-04,4.0331854321e-04,3.7828245645e-04,4.0998556733e-04,3.8312273709e-04,3.9661800495e-04
2024-05-26,3.3771975737e-04,3.5023577387e-04,3.2814255549e-04,3.1456029250e-04,3.5925292313e-04,3.3640724187e-04
2024-05-27,5.0753419782e-04,5.1634550836e-04,5.0008301530e-04,4.9012570857e-04,5.2846304744e-04,5.0265370942e-04
2024-05-28,6.7693314021e-04,6.7739095788e-04,6.7339676916e-04,7.0076400885e-04,6.5220196511e-04,6.8091200003e-04
2024-05-29,8.0421150501e-04,7.8114231887e-04,8.3340984408e-04,8.4945900114e-04,7.5361330501e-04,8.0343305594e-04
2024-05-30,7.2155001271e-04,7.2142044715e-04,7.1441478384e-04,7.4573966929e-04,7.0555863016e-04,7.2061653311e-04
2024-05-31,5.6247819790e-04,5.6264843338e-04,5.6181470767e-04,5.8651679578e-04,5.3478670976e-04,5.6662434289e-04
2024-06-01,3.7031676392e-04,3.7241084231e-04,3.6347040401e-04,3.8805830147e-04,3.5705671078e-04,3.7058756104e-04
2024-06-02,2.5483203398e-04,2.6785359485e-04,2.3880169731e-04,2.3716972352e-04,2.7787226240e-04,2.5246289183e-04
2024-06-03,4.8058257005e-04,4.7138553582e-04,4.8553259944e-04,4.9454386123e-04,4.7751365850e-04,4.7393719527e-04
2024-06-04,6.8454347707e-04,6.6901859858e-04,7.0414582810e-04,7.1448856511e-04,6.4918583900e-04,6.8587855458e-04
2024-06-05,6.8067133986e-04,6.7270293115e-04,7.2107547187e-04,6.5130866623e-04,6.7751407890e-04,6.8075555114e-04
2024-06-06,6.6153313928e-04,6.5903160624e-04,6.6125908535e-04,6.8101946578e-04,6.4492486370e-04,6.6143067536e-04
2024-06-07,4.2155899854e-04,4.2745704129e-04,4.0708268798e-04,4.3923648284e-04,4.1163944849e-04,4.2237933211e-04
2024-06-08,4.7377534405e-04,4.7242355218e-04,4.8178446599e-04,5.0151280013e-04,4.3327032478e-04,4.7988557715e-04
2024-06-09,2.3199556910e-04,2.4595613038e-04,2.1428346966e-04,2.1656672478e-04,2.5293348855e-04,2.3023803213e-04
2024-06-10,3.4198321541e-04,3.5396990351e-04,3.2810517273e-04,3.1903232097e-04,3.7187697872e-04,3.3693170111e-04
2024-06-11,4.1105216798e-04,4.1142356513e-04,3.9488135200e-04,4.2943749317e-04,4.1277306005e-04,4.0674536953e-04
2024-06-12,8.5587554557e-04,8.5919987464e-04,8.9594302675e-04,8.4880889262e-04,8.0602723042e-04,8.6939870340e-04
2024-06-13,9.7629459406e-04,9.7765894569e-04,9.9919638665e-04,1.0278061915e-03,8.7592527584e-04,1.0008861707e-03
2024-06-14,6.4572321968e-04,6.6862936740e-04,6.3479460871e-04,6.5703599758e-04,6.0698864363e-04,6.6116748108e-04
2024-06-15,4.1251407287e-04,4.3010901916e-04,3.9329187253e-04,4.3568342397e-04,3.8069242855e-04,4.2279362012e-04
2024-06-16,2.9945015142e-04,3.3248513025e-04,2.6966093275e-04,2.7874467448e-04,3.0987492828e-04,3.0648509134e-04
2024-06-17,4.8901586846e-04,5.2548034086e-04,4.5798904009e-04,4.6423915035e-04,5.0090381363e-04,4.9646699739e-04
2024-06-18,6.9272090461e-04,6.7801316567e-04,6.8227034659e-04,7.7878256703e-04,6.3290909729e-04,6.9162934647e-04
2024-06-19,9.9266112129e-04,9.8099626591e-04,9.9974019292e-04,1.0674559418e-03,9.1623507897e-04,9.9887812688e-04
2024-06-20,6.1026112185e-04,6.3827549351e-04,5.7379572229e-04,6.2261294710e-04,5.9983884988e-04,6.1678259646e-04
2024-06-21,5.3283617607e-04,5.4221075640e-04,5.0934004674e-04,5.7559068446e-04,5.0022364580e-04,5.3681574697e-04
2024-06-22,3.8815616881e-04,3.9768050032e-04,3.7326618443e-04,4.0898723085e-04,3.6920076400e-04,3.9164616445e-04
2024-06-23,2.3991401156e-04,2.6269980433e-04,2.1942603999e-04,2.1846045067e-04,2.5560125550e-04,2.4338250732e-04
2024-06-24,4.4734860468e-04,4.5084069679e-04,4.5165174343e-04,4.2368885727e-04,4.6538457276e-04,4.4517715314e-04
2024-06-25,1.1252474120e-03,1.1097939913e-03,1.1627846300e-03,1.1540746741e-03,1.0655216013e-03,1.1340621633e-03
2024-06-26,9.1051665918e-04,9.1679575464e-04,9.2065181336e-04,9.1536497851e-04,8.7860531597e-04,9.2116543342e-04
2024-06-27,7.9051018416e-04,8.2520607281e-04,7.5359526687e-04,7.9927184415e-04,7.7316683432e-04,8.0131090266e-04
2024-06-28,5.6506683920e-04,5.8669320320e-04,5.4235894442e-04,5.7200461486e-04,5.5137396912e-04,5.7290346441e-04
2024-06-29,4.0813428698e-04,4.2476822954e-04,3.9137671275e-04,4.1205571850e-04,3.9939564243e-04,4.1307513169e-04
2024-06-30,3.0974969040e-04,3.2374442056e-04,3.0018314492e-04,2.9113859574e-04,3.2132346959e-04,3.1235882117e-04
2024-07-01,6.8427639952e-04,6.6960260696e-04,7.2711555938e-04,6.4841188012e-04,6.9408144304e-04,6.8217050808e-04
2024-07-02,5.4886161383e-04,5.3868057734e-04,5.4278259920e-04,5.9228162032e-04,5.2507310846e-04,5.4549016385e-04
2024-07-03,5.0785212320e-04,5.0784799467e-04,5.0731006433e-04,5.0417693232e-04,5.1426645874e-04,5.0565916593e-04
2024-07-04,8.1956309762e-04,8.1055138795e-04,8.4182595802e-04,8.1467223333e-04,8.1153346053e-04,8.1923244825e-04
2024-07-05,1.0538984259e-03,1.0515149158e-03,1.0907887482e-03,1.0561988370e-03,1.0038319433e-03,1.0671576853e-03
2024-07-06,8.1370379248e-04,7.9530081765e-04,7.9455160405e-04,9.6900787602e-04,6.9269852942e-04,8.1696013528e-04
2024-07-07,6.8785470045e-04,7.3763258628e-04,6.6226471826e-04,6.4550240801e-04,6.8635225542e-04,7.0752153429e-04
2024-07-08,1.2916456307e-03,1.4139233646e-03,1.2285310584e-03,1.2055034654e-03,1.2724467546e-03,1.3378235105e-03
2024-07-09,1.6852243840e-03,1.7704196890e-03,1.5698588365e-03,1.8746758419e-03,1.4640248823e-03,1.7471426703e-03
2024-07-10,1.3028937046e-03,1.4258454883e-03,1.2069788023e-03,1.2759451725e-03,1.2522352096e-03,1.3534638504e-03
2024-07-11,1.1091769763e-03,1.1766282893e-03,1.0131082938e-03,1.1744356957e-03,1.0467230652e-03,1.1349895374e-03
2024-07-12,9.5829789302e-04,9.8824810453e-04,8.9692261015e-04,1.0593350989e-03,8.7032989524e-04,9.7665375632e-04
2024-07-13,5.2171006213e-04,5.4584760270e-04,4.8718707280e-04,5.4445050637e-04,5.0113352878e-04,5.2993159999e-04
2024-07-14,5.6987635722e-04,5.8271500065e-04,5.7434980972e-04,5.3744442849e-04,5.8091865564e-04,5.7395389162e-04
2024-07-15,1.0330607198e-03,1.0312639419e-03,1.0733958635e-03,9.9662650920e-04,1.0287732143e-03,1.0352440699e-03
2024-07-16,1.2448863366e-03,1.2692998223e-03,1.3269175324e-03,1.0655505749e-03,1.3049834213e-03,1.2576803320e-03
2024-07-17,1.0912811402e-03,1.0744030451e-03,1.0784640352e-03,1.2024399517e-03,1.0078529472e-03,1.0932457217e-03
2024-07-18,1.1214547592e-03,1.1449605401e-03,1.0790468699e-03,1.1676172945e-03,1.0848756314e-03,1.1307734600e-03
2024-07-19,6.9870467950e-04,7.0605938101e-04,6.6297669669e-04,7.5725819189e-04,6.6637604085e-04,7.0085308707e-04
2024-07-20,5.6285797372e-04,5.7066342122e-04,5.8056556777e-04,5.1683001698e-04,5.8167763631e-04,5.6455322631e-04
2024-07-21,5.0186874447e-04,5.0560807152e-04,4.9557713728e-04,5.0114614091e-04,5.0587769850e-04,5.0113467415e-04
2024-07-22,9.3641656927e-04,9.0722707670e-04,9.7572040184e-04,9.5128675890e-04,9.2118484901e-04,9.2666375987e-04
2024-07-23,7.2558130039e-04,7.1149717636e-04,7.1326472555e-04,7.6765087160e-04,7.1822279377e-04,7.1727093466e-04
2024-07-24,9.0104497000e-04,8.8160646410e-04,9.1994160340e-04,9.0677608591e-04,9.0519452491e-04,8.9170617169e-04
2024-07-25,8.2276496396e-04,8.0305084373e-04,8.2018192066e-04,8.5622047420e-04,8.2359117258e-04,8.1078040862e-04
2024-07-26,7.6542539627e-04,7.2877912261e-04,7.7858670286e-04,8.4349852353e-04,7.2152724650e-04,7.5473538583e-04
2024-07-27,4.3402407193e-04,4.2634892853e-04,4.5276056344e-04,4.0837251105e-04,4.5444092976e-04,4.2819742687e-04
2024-07-28,8.1671856225e-04,7.7848304615e-04,8.3444239987e-04,9.3388224961e-04,7.2256615795e-04,8.1421895765e-04
2024-07-29,7.6856129976e-04,7.8617808073e-04,7.4290597377e-04,7.7466579410e-04,7.6887306861e-04,7.7018358156e-04
2024-07-30,1.0619250584e-03,1.0773790629e-03,1.0253030166e-03,1.1182027432e-03,1.0152889217e-03,1.0734515476e-03
2024-07-31,8.7266187792e-04,8.8963371479e-04,8.3345305571e-04,9.1320436350e-04,8.4406346114e-04,8.8295479448e-04
2024-08-01,1.0479212839e-03,1.0853751443e-03,1.0021812516e-03,1.0448589653e-03,1.0393291888e-03,1.0678618698e-03
2024-08-02,7.6911622847e-04,7.6692366542e-04,7.6837970171e-04,8.2635136296e-04,7.1644393910e-04,7.6748247314e-04
2024-08-03,8.0618180271e-04,8.2308508773e-04,8.3793381657e-04,7.6583539871e-04,7.9097047116e-04,8.1308423939e-04
2024-08-04,7.8073164128e-04,7.9199457160e-04,7.7731635600e-04,8.2851985545e-04,7.1840967941e-04,7.8741774397e-04
2024-08-05,1.5859986680e-03,1.6448434570e-03,1.6086092737e-03,1.5515169870e-03,1.5122016480e-03,1.6128219745e-03
2024-08-06,6.1577857354e-03,6.6740216792e-03,6.0056147544e-03,6.4040783810e-03,5.2516705624e-03,6.4535432998e-03
2024-08-07,2.8088100394e-03,3.1446651400e-03,2.5398369979e-03,2.7009918270e-03,2.6883961697e-03,2.9701600624e-03
2024-08-08,2.4910605201e-03,2.7552309943e-03,2.0900894280e-03,2.6069813120e-03,2.3645070051e-03,2.6384938610e-03
2024-08-09,3.5286596960e-03,4.1035916093e-03,3.6178275348e-03,2.4266331841e-03,3.7966780775e-03,3.6985680743e-03
2024-08-10,1.1963026340e-03,1.2902665108e-03,1.0231287726e-03,1.2851108862e-03,1.1319319647e-03,1.2510750359e-03
2024-08-11,6.9751381681e-04,7.0916855026e-04,6.4199106434e-04,7.0135810466e-04,7.3059884914e-04,7.0445251564e-04
2024-08-12,1.6090700567e-03,1.6126978348e-03,1.6105875871e-03,1.5360411671e-03,1.6789349719e-03,1.6070887228e-03
2024-08-13,1.7528459537e-03,1.7253687114e-03,1.6968264546e-03,1.9640687754e-03,1.6325692839e-03,1.7453965432e-03
2024-08-14,1.3393663869e-03,1.3076205924e-03,1.3570071128e-03,1.3384058360e-03,1.3747001152e-03,1.3190982783e-03
2024-08-15,1.4748099746e-03,1.4254483447e-03,1.4951939344e-03,1.4528722429e-03,1.5523303394e-03,1.4482050116e-03
2024-08-16,1.1980818842e-03,1.1464336622e-03,1.2103932713e-03,1.2793012741e-03,1.1814768602e-03,1.1728043530e-03
2024-08-17,7.0896202424e-04,6.8194487018e-04,7.2716087787e-04,7.1435816126e-04,7.2902656799e-04,6.9231964392e-04
2024-08-18,4.5269277864e-04,4.3218934755e-04,4.5273316058e-04,4.1868916841e-04,5.2072336506e-04,4.3912885162e-04
2024-08-19,9.2683922560e-04,8.6673285994e-04,9.6570239510e-04,9.0543273959e-04,1.0052455680e-03,8.9108256533e-04
2024-08-20,9.8686443264e-04,9.1768125692e-04,1.0282933467e-03,1.0131756139e-03,1.0268616172e-03,9.4831032854e-04
2024-08-21,9.3456292844e-04,8.8573757327e-04,1.0342024582e-03,8.9015211914e-04,9.4557975580e-04,9.1714273582e-04
2024-08-22,1.2082263670e-03,1.1348818975e-03,1.3676506823e-03,1.1324330248e-03,1.2439115812e-03,1.1622546491e-03
2024-08-23,6.9231004046e-04,6.5909975810e-04,7.5388288567e-04,6.6021435564e-04,7.1019811897e-04,6.7815508393e-04
2024-08-24,7.6778018634e-04,7.1979522169e-04,8.8032084021e-04,7.1591800943e-04,7.9180742313e-04,7.3105943726e-04
2024-08-25,4.9245311788e-04,4.7291801448e-04,5.2393908569e-04,4.7254894944e-04,5.1010778909e-04,4.8275175069e-04
2024-08-26,6.6282666695e-04,6.3460030909e-04,7.0492573500e-04,6.3332103835e-04,6.9354533463e-04,6.4774091769e-04
2024-08-27,7.8906525771e-04,7.4823016620e-04,8.6244466855e-04,7.4789344566e-04,8.1697407244e-04,7.6978393569e-04
2024-08-28,1.6249837224e-03,1.5881141824e-03,1.7389677384e-03,1.5857205330e-03,1.6109449857e-03,1.6011711723e-03
2024-08-29,1.3123302424e-03,1.3124223383e-03,1.3257702843e-03,1.3231848795e-03,1.2722122869e-03,1.3280614230e-03
2024-08-30,8.1839033597e-04,8.2550705792e-04,8.0530040745e-04,8.2966062423e-04,8.0381160868e-04,8.2767198158e-04
2024-08-31,5.0503682333e-04,5.1374614514e-04,4.8550030069e-04,5.1612412088e-04,4.9701868500e-04,5.1279486494e-04
2024-09-01,3.8230212478e-04,3.9567471595e-04,3.4314860447e-04,3.9209753559e-04,3.9618096950e-04,3.8440879838e-04
2024-09-02,1.1678725563e-03,1.1688366972e-03,1.1820245505e-03,1.1688158542e-03,1.1529661166e-03,1.1667195632e-03
2024-09-03,8.7736473278e-04,8.7227008092e-04,8.9193579116e-04,8.7042110960e-04,8.8275370922e-04,8.6944297302e-04
2024-09-04,8.0302193701e-04,7.9733318249e-04,8.1595357337e-04,7.9512626393e-04,8.0976287212e-04,7.9693379317e-04
2024-09-05,1.2949387210e-03,1.3035489254e-03,1.3036079934e-03,1.3154546459e-03,1.2385527211e-03,1.3135293190e-03
2024-09-06,1.0371247838e-03,1.0528949479e-03,1.0201305707e-03,1.0547924914e-03,1.0110077143e-03,1.0467981946e-03
2024-09-07,8.3882272328e-04,8.4979545006e-04,8.3342250009e-04,8.5197602831e-04,8.1290340819e-04,8.4601622977e-04
2024-09-08,5.3958417738e-04,5.5838077501e-04,4.9651054217e-04,5.5704902692e-04,5.3919892037e-04,5.4678162243e-04
2024-09-09,1.0687386653e-03,1.1016998472e-03,1.0049301389e-03,1.1008895987e-03,1.0548981979e-03,1.0812755439e-03
2024-09-10,1.2084408371e-03,1.2300517235e-03,1.1765751306e-03,1.2265380180e-03,1.2000605155e-03,1.2089787978e-03
2024-09-11,9.3585554341e-04,9.5299190332e-04,9.0122520930e-04,9.5408040923e-04,9.2606193301e-04,9.4491826217e-04
2024-09-12,1.0983974724e-03,1.1099215215e-03,1.0954392444e-03,1.1098101747e-03,1.0607525012e-03,1.1160639201e-03
2024-09-13,7.6447590221e-04,7.7271364868e-04,7.5665031092e-04,7.7262750700e-04,7.5089682928e-04,7.6949121515e-04
2024-09-14,5.0507412221e-04,5.0349110599e-04,5.0751234259e-04,5.0382269465e-04,5.1591957842e-04,4.9462488941e-04
2024-09-15,3.9913019434e-04,3.9920676488e-04,3.8837192262e-04,3.9915394252e-04,4.1043082885e-04,3.9848751283e-04
2024-09-16,7.4459593956e-04,7.3993642831e-04,7.5009935880e-04,7.3985522683e-04,7.5204770090e-04,7.4104098297e-04
2024-09-17,7.8093353898e-04,7.7144426854e-04,8.0550016846e-04,7.7136355645e-04,7.7268742430e-04,7.8367227713e-04
2024-09-18,9.9880630238e-04,9.7895248098e-04,1.0617134829e-03,9.7885432891e-04,1.0008881295e-03,9.7362308970e-04
2024-09-19,1.1327492627e-03,1.1328321055e-03,1.1593832082e-03,1.1327183623e-03,1.1124203560e-03,1.1263922817e-03
2024-09-20,7.5139971322e-04,7.5834043923e-04,7.4903392181e-04,7.5825594657e-04,7.3903682520e-04,7.5233143330e-04
2024-09-21,4.1086411370e-04,4.1535735619e-04,4.0211587082e-04,4.1563123189e-04,4.0482336112e-04,4.1639274847e-04
2024-09-22,3.4690459509e-04,3.5030445309e-04,3.2761755966e-04,3.5025774909e-04,3.5862041166e-04,3.4772280194e-04
2024-09-23,6.8646983052e-04,6.8576893132e-04,6.8819957781e-04,6.8569383395e-04,6.8586630798e-04,6.8682050151e-04
2024-09-24,6.9228228111e-04,6.8894856587e-04,7.0521214272e-04,6.8887648223e-04,6.7842506855e-04,6.9994914620e-04
2024-09-25,7.1420505461e-04,7.0315881433e-04,7.4249816520e-04,7.0308801670e-04,7.1486298322e-04,7.0741729360e-04
2024-09-26,7.1800434312e-04,7.0670900124e-04,7.3602637184e-04,7.0663740861e-04,7.2694100051e-04,7.1370793341e-04
2024-09-27,6.7331574391e-04,6.6745533831e-04,6.9928530185e-04,6.6738129054e-04,6.7114358883e-04,6.6131320002e-04
2024-09-28,3.0687625283e-04,3.0531162188e-04,3.0769011167e-04,3.0551286432e-04,3.0927004446e-04,3.0659662183e-04
2024-09-29,2.8597040937e-04,2.8476194388e-04,2.8229222581e-04,2.8472436632e-04,2.9327933412e-04,2.8479417673e-04
2024-09-30,4.1246035163e-04,4.0668404420e-04,4.1450239309e-04,4.0663903206e-04,4.2609890169e-04,4.0837738709e-04
2024-10-01,7.3561142470e-04,7.2677577375e-04,7.6533621924e-04,7.2669970807e-04,7.2855157230e-04,7.3069385012e-04
2024-10-02,9.6879432139e-04,9.6095972284e-04,1.0167172197e-03,9.6086386294e-04,9.4647582193e-04,9.5895497954e-04
2024-10-03,1.0169621268e-03,1.0412281092e-03,1.0059960420e-03,1.0411241817e-03,9.5713346392e-04,1.0393288372e-03
2024-10-04,6.6886652975e-04,6.9024641648e-04,6.4224403434e-04,6.9414574881e-04,6.2880187958e-04,6.8889456951e-04
2024-10-05,4.2283779323e-04,4.3742666002e-04,4.0149617931e-04,4.3619599622e-04,4.1420001081e-04,4.2487011980e-04
2024-10-06,3.1554291824e-04,3.3931280445e-04,2.7911519050e-04,3.2364153692e-04,3.2006147138e-04,3.1558358798e-04
2024-10-07,5.7340746941e-04,5.9348572212e-04,5.4186120122e-04,5.8305824455e-04,5.7938930700e-04,5.6924287217e-04
2024-10-08,7.4305219514e-04,7.4355031194e-04,7.5036877135e-04,7.5383089982e-04,7.0792837530e-04,7.5958261730e-04
2024-10-09,6.3446799177e-04,6.3418602752e-04,6.4018805944e-04,6.3861595172e-04,6.1642122608e-04,6.4292869408e-04
2024-10-10,7.2084474580e-04,7.2566142340e-04,7.1786802013e-04,7.2255623773e-04,7.1949308217e-04,7.1864496557e-04
2024-10-11,5.6145772159e-04,5.6734992500e-04,5.5801708353e-04,5.7354141707e-04,5.3513553072e-04,5.7324465161e-04
2024-10-12,3.9585838368e-04,3.9565971707e-04,3.9592053569e-04,4.0220723115e-04,3.9477347032e-04,3.9073096415e-04
2024-10-13,3.4258155776e-04,3.4660681669e-04,3.3663104755e-04,3.4562077446e-04,3.4349018197e-04,3.4055896812e-04
2024-10-14,5.5713967751e-04,5.5871105694e-04,5.5900773832e-04,5.6031773704e-04,5.4944656535e-04,5.5821528991e-04
2024-10-15,8.5122038872e-04,8.3056325235e-04,8.8063440992e-04,8.6259490943e-04,8.4623176236e-04,8.3607760954e-04
2024-10-16,9.7254056298e-04,9.6989076117e-04,9.8733004453e-04,1.0021614982e-03,9.1213706634e-04,9.9118344463e-04
2024-10-17,8.2841521241e-04,8.5697205126e-04,7.8926034297e-04,8.5656409620e-04,7.9570085731e-04,8.4357871431e-04
2024-10-18,5.4034047053e-04,5.6360967988e-04,5.0817533735e-04,5.5769614383e-04,5.2038558037e-04,5.5183561121e-04
2024-10-19,3.6776444187e-04,3.7936969252e-04,3.5143772024e-04,3.7755252454e-04,3.5984419628e-04,3.7061807579e-04
2024-10-20,2.5566038297e-04,2.7300071031e-04,2.2802440484e-04,2.5892386107e-04,2.6503071100e-04,2.5332222761e-04
2024-10-21,4.5718710438e-04,4.5540685692e-04,4.5940241004e-04,4.5265140190e-04,4.6853190142e-04,4.4994295164e-04
2024-10-22,6.4265155416e-04,6.2748602410e-04,6.7296329075e-04,6.3628863473e-04,6.3297083665e-04,6.4354898458e-04
2024-10-23,5.7790444159e-04,5.6850974602e-04,5.9764725819e-04,5.7603430704e-04,5.6419579432e-04,5.8313510237e-04
2024-10-24,6.4266089885e-04,6.3972518074e-04,6.5197777092e-04,6.4282788847e-04,6.3335944168e-04,6.4541421241e-04
2024-10-25,4.9915522509e-04,4.9631260900e-04,5.0412189793e-04,5.0450935602e-04,4.9394496254e-04,4.9688729994e-04
2024-10-26,5.1083108880e-04,5.2056013432e-04,5.1533635502e-04,5.2090724742e-04,4.7826189410e-04,5.1908981315e-04
2024-10-27,3.3478739641e-04,3.4327328542e-04,3.1529256419e-04,3.4322375291e-04,3.3573861582e-04,3.3640876371e-04
2024-10-28,5.0400714409e-04,5.1317255797e-04,4.7891961741e-04,5.1310325114e-04,5.1382576089e-04,5.0101453301e-04
2024-10-29,7.1841077514e-04,7.3182672009e-04,7.0534298019e-04,7.3174760159e-04,7.0457099902e-04,7.1856557479e-04
2024-10-30,9.4284708981e-04,9.6176046663e-04,9.3878762761e-04,9.6166191439e-04,9.1836886615e-04,9.3365657426e-04
2024-10-31,7.4794442831e-04,7.6178321776e-04,7.3774996462e-04,7.6171244467e-04,7.1784639835e-04,7.6063011615e-04
2024-11-01,6.3994393165e-04,6.5009088126e-04,6.3354268250e-04,6.5001996279e-04,6.2264711509e-04,6.4341901660e-04
2024-11-02,4.8704459313e-04,5.0034093256e-04,4.7963604507e-04,5.0067208431e-04,4.5584935837e-04,4.9872454532e-04
2024-11-03,3.6194158732e-04,3.7380923961e-04,3.3526941890e-04,3.7375475013e-04,3.6029123656e-04,3.6658329138e-04
2024-11-04,8.0372747834e-04,8.2340200846e-04,7.8779626489e-04,8.2331789310e-04,7.6885547545e-04,8.1526574981e-04
2024-11-05,7.9128539729e-04,8.1519209795e-04,7.5867773695e-04,8.1510738622e-04,7.5747272739e-04,8.0997703792e-04
2024-11-06,9.2548116062e-04,9.5095916842e-04,9.0184646962e-04,9.5086241535e-04,8.9185189068e-04,9.3188585901e-04
2024-11-07,2.0707159622e-03,2.1164824410e-03,2.1136343545e-03,2.1162679037e-03,2.0122317830e-03,1.9949633289e-03
2024-11-08,7.0700082099e-04,7.4278028411e-04,6.4848690253e-04,7.4269191608e-04,6.7162117600e-04,7.2942382622e-04
2024-11-09,3.9716083774e-04,4.1335442391e-04,3.6486564261e-04,4.1361323795e-04,3.8856178802e-04,4.0540909619e-04
2024-11-10,3.7854405906e-04,3.9394882253e-04,3.4005696129e-04,3.9388630689e-04,3.8106259885e-04,3.8376560576e-04
2024-11-11,1.4609298636e-03,1.4971038422e-03,1.4697486392e-03,1.4969529748e-03,1.3977125787e-03,1.4431312834e-03
2024-11-12,1.8377900968e-03,1.8437531270e-03,1.9259191729e-03,1.8435585214e-03,1.8319817282e-03,1.7437379345e-03
2024-11-13,1.7551034750e-03,1.8380284933e-03,1.6893208743e-03,1.8378844106e-03,1.5832455489e-03,1.8270380477e-03
2024-11-14,2.2714641091e-03,2.4059418740e-03,2.1083575396e-03,2.4056990371e-03,2.1034603285e-03,2.3338617664e-03
2024-11-15,1.7285489115e-03,1.8314514176e-03,1.5776121383e-03,1.8312334528e-03,1.6178078258e-03,1.7846397229e-03
2024-11-16,9.7543078300e-04,1.0222261346e-03,8.9957885673e-04,1.0228651268e-03,9.4996046538e-04,9.8252333146e-04
2024-11-17,7.3694662212e-04,8.2275935474e-04,6.4487463765e-04,7.3778490775e-04,7.1991602021e-04,7.5939819023e-04
2024-11-18,1.1762648636e-03,1.2610168647e-03,1.0777167409e-03,1.2013743326e-03,1.1443318746e-03,1.1968845052e-03
2024-11-19,1.2671811956e-03,1.2816242303e-03,1.1932356197e-03,1.4154618306e-03,1.1703305370e-03,1.2752537603e-03
2024-11-20,1.1561907932e-03,1.1526161533e-03,1.1583048866e-03,1.1612138432e-03,1.1521200764e-03,1.1566990067e-03
2024-11-21,1.0913370204e-03,1.0869455606e-03,1.0968441213e-03,1.0749020821e-03,1.1116296476e-03,1.0863636904e-03
2024-11-22,1.0733800607e-03,1.0387096200e-03,1.1409185691e-03,1.0164717080e-03,1.0979680425e-03,1.0728323642e-03
2024-11-23,4.5169985678e-04,4.5281926607e-04,4.3867364204e-04,4.7029817633e-04,4.5057318442e-04,4.4613501504e-04
2024-11-24,4.7542464550e-04,4.7778160557e-04,4.7469436994e-04,4.5714225600e-04,4.9894863505e-04,4.6855636097e-04
2024-11-25,8.1710831033e-04,7.8604388969e-04,8.3514435641e-04,8.5069516443e-04,8.1580907713e-04,7.9784906398e-04
2024-11-26,1.3902403340e-03,1.3489128435e-03,1.4610833929e-03,1.3701302579e-03,1.3948932874e-03,1.3761818881e-03
2024-11-27,1.2338715926e-03,1.1789190594e-03,1.2560902990e-03,1.3498379101e-03,1.1692906499e-03,1.2152200448e-03
2024-11-28,1.1840503604e-03,1.1783796211e-03,1.2311334406e-03,1.0584909480e-03,1.2718535214e-03,1.1803942710e-03
2024-11-29,6.7727725032e-04,6.8380842446e-04,6.4821862230e-04,7.1308785088e-04,6.7012453501e-04,6.7114681894e-04
2024-11-30,4.4264312606e-04,4.4363427611e-04,4.4114615145e-04,4.3164399724e-04,4.5890763765e-04,4.3788356787e-04
2024-12-01,3.9071787135e-04,3.9657001089e-04,3.8690670405e-04,3.6395759864e-04,4.2274743795e-04,3.8340760524e-04
2024-12-02,6.0203263804e-04,5.6700867610e-04,6.3939708554e-04,5.8700804727e-04,6.3817193474e-04,5.7857744653e-04
2024-12-03,8.5648981933e-04,7.8870032234e-04,9.0237003335e-04,9.3125858504e-04,8.3258837483e-04,8.2753178109e-04
2024-12-04,7.6599102687e-04,7.2048071620e-04,7.8859373917e-04,8.2711490393e-04,7.5051700144e-04,7.4324877359e-04
2024-12-05,9.7769835158e-04,9.4074683338e-04,1.0321881148e-03,9.4604818432e-04,1.0028732358e-03,9.6663538955e-04
2024-12-06,1.7636736179e-03,1.7043720575e-03,1.7373999620e-03,2.0994378666e-03,1.4960287412e-03,1.7811294625e-03
2024-12-07,7.0043168241e-04,7.3646098203e-04,6.6966221835e-04,6.8989054401e-04,6.8917034560e-04,7.1697432207e-04
2024-12-08,5.7912539966e-04,6.3752241671e-04,5.1493487975e-04,5.7768354681e-04,5.7263986752e-04,5.9284628753e-04
2024-12-09,9.8891521424e-04,1.0538269339e-03,9.0392943035e-04,9.6103611963e-04,1.0014383960e-03,1.0243451913e-03
2024-12-10,1.8744906460e-03,1.9820644192e-03,1.7453839376e-03,1.9665534736e-03,1.7325527714e-03,1.9458986283e-03
2024-12-11,1.2900042882e-03,1.2937866767e-03,1.2426962725e-03,1.4361018045e-03,1.1800392956e-03,1.2973973914e-03
2024-12-12,1.2543423134e-03,1.3103186008e-03,1.2686351458e-03,1.1013591898e-03,1.3198792779e-03,1.2715193526e-03
2024-12-13,8.4605461655e-04,8.5625443605e-04,8.0446377936e-04,9.0079449266e-04,8.1423997782e-04,8.5452039687e-04
2024-12-14,4.4973265640e-04,4.5848028554e-04,4.2914305706e-04,4.4952905589e-04,4.5700488128e-04,4.5450600222e-04
2024-12-15,4.5562213512e-04,4.5266887337e-04,4.4578006263e-04,4.6394877276e-04,4.6155512890e-04,4.5415783794e-04
2024-12-16,8.4728289067e-04,8.3050717528e-04,9.1462908534e-04,7.8039201036e-04,8.8325940140e-04,8.2762678099e-04
2024-12-17,9.2884340970e-04,9.0000664329e-04,9.5029045646e-04,9.8886037752e-04,8.9304091761e-04,9.1201865359e-04
2024-12-18,7.9607224044e-04,7.6865622909e-04,7.9881818573e-04,8.5877370241e-04,7.7277874401e-04,7.8133434093e-04
2024-12-19,1.6574595216e-03,1.6697692471e-03,1.7374891597e-03,1.5772828971e-03,1.6436744622e-03,1.6590818417e-03
2024-12-20,1.4036423968e-03,1.4136574423e-03,1.3934534025e-03,1.5364435706e-03,1.2621733950e-03,1.4124841734e-03
2024-12-21,8.1955665109e-04,8.2224838052e-04,7.7518520268e-04,9.5528737981e-04,7.1993910240e-04,8.2512319002e-04
2024-12-22,7.7939662343e-04,8.0175547147e-04,7.3134775305e-04,8.2186306595e-04,7.4706119356e-04,7.9495563314e-04
2024-12-23,1.4254722422e-03,1.4786837366e-03,1.3566322396e-03,1.4430025956e-03,1.3917165503e-03,1.4573260889e-03
2024-12-24,1.3387736572e-03,1.3634215335e-03,1.2136934585e-03,1.5215600539e-03,1.2313182124e-03,1.3638750275e-03
2024-12-25,1.2383992801e-03,1.2817959086e-03,1.2412214311e-03,1.1139934126e-03,1.3030694122e-03,1.2519162363e-03
2024-12-26,9.1194822136e-04,9.0292212328e-04,8.8600979994e-04,9.2700131768e-04,9.3651801931e-04,9.0728984661e-04
2024-12-27,9.4046500557e-04,9.2366894845e-04,9.7020922110e-04,9.2145420559e-04,9.5817581301e-04,9.2881683971e-04
2024-12-28,5.4424429898e-04,5.3285029107e-04,5.4500741724e-04,5.8048591777e-04,5.2435631913e-04,5.3852154971e-04
2024-12-29,4.1561579331e-04,4.1082945636e-04,4.1945249193e-04,3.9448105891e-04,4.4235027443e-04,4.1096568493e-04
2024-12-30,7.3208081400e-04,7.1320983538e-04,7.5291179528e-04,7.1119247131e-04,7.6480606124e-04,7.1828390678e-04
2024-12-31,8.8086367442e-04,8.4997533814e-04,8.7568798575e-04,9.6294487278e-04,8.4904622739e-04,8.6666394801e-04
2025-01-01,8.9813642544e-04,8.7552986938e-04,9.0848075673e-04,9.5074407206e-04,8.7045375353e-04,8.8547367552e-04
2025-01-02,6.5078775486e-04,6.3734975333e-04,6.4744923438e-04,6.4069035195e-04,6.8836053180e-04,6.4008890283e-04
2025-01-03,7.3555438659e-04,7.2343464193e-04,7.7075037662e-04,7.2975388417e-04,7.2925747476e-04,7.2457555546e-04
2025-01-04,3.4152752911e-04,3.3346874814e-04,3.4204425943e-04,3.4225862247e-04,3.5435036796e-04,3.3551564754e-04
2025-01-05,2.9628959361e-04,2.8741093245e-04,2.9459141906e-04,2.8722883335e-04,3.2269142185e-04,2.8952536134e-04
2025-01-06,4.9311781706e-04,4.6415882520e-04,5.1261760229e-04,4.9443538959e-04,5.2101723170e-04,4.7336003654e-04
2025-01-07,8.5353567427e-04,8.3046799893e-04,9.2821382593e-04,8.0582786831e-04,8.7059635362e-04,8.3257232455e-04
2025-01-08,9.1636580796e-04,8.8371497813e-04,1.0031208578e-03,8.3189772489e-04,9.7299802318e-04,8.9009745575e-04
2025-01-09,1.1200750694e-03,1.0931122238e-03,1.1488247037e-03,1.1890235997e-03,1.0626674865e-03,1.1067473334e-03
2025-01-10,9.3956775479e-04,9.3767876800e-04,9.5004649073e-04,9.8227259883e-04,8.8763051160e-04,9.4021040477e-04
2025-01-11,6.5334521476e-04,6.6757662716e-04,6.5414179679e-04,6.7850538422e-04,6.0537991719e-04,6.6112234841e-04
2025-01-12,3.7911802006e-04,3.9788966800e-04,3.4555445498e-04,3.6832003382e-04,3.9480883138e-04,3.8901711212e-04
2025-01-13,6.0994614881e-04,6.3807307097e-04,5.5797735944e-04,6.0399571781e-04,6.2506361825e-04,6.2462097759e-04
2025-01-14,1.1880569530e-03,1.2053388172e-03,1.1097817724e-03,1.4081377840e-03,1.0073507544e-03,1.2096756369e-03
2025-01-15,1.0107050785e-03,1.0604569845e-03,9.8095007793e-04,1.0022005978e-03,9.7293861802e-04,1.0369791145e-03
2025-01-16,1.1019256287e-03,1.1601214103e-03,1.1162409281e-03,1.0016194319e-03,1.1073269689e-03,1.1243194043e-03
2025-01-17,7.3475479172e-04,7.5023662028e-04,6.9475865572e-04,8.0148232305e-04,6.8053398938e-04,7.4676237016e-04
2025-01-18,5.2193884817e-04,5.5036981320e-04,5.2325961059e-04,4.7402653764e-04,5.2924926088e-04,5.3278901856e-04
2025-01-19,5.9784565356e-04,6.0359786677e-04,5.9517875610e-04,6.3918773197e-04,5.4870726498e-04,6.0255664800e-04
2025-01-20,1.9283227606e-03,1.9793011389e-03,1.9703107667e-03,2.0625737399e-03,1.6652506500e-03,1.9641775075e-03
2025-01-21,2.5985157775e-03,2.7048172981e-03,2.3863481568e-03,3.1626902900e-03,2.0492253618e-03,2.6894977810e-03
2025-01-22,2.1602217057e-03,2.3675731023e-03,2.0189983670e-03,2.0782886639e-03,2.0673333555e-03,2.2689150399e-03
2025-01-23,1.4614703082e-03,1.6113472432e-03,1.2419103265e-03,1.4162125483e-03,1.4884531574e-03,1.5494282658e-03
2025-01-24,1.7602123875e-03,1.8501159061e-03,1.5460767035e-03,2.0680007002e-03,1.5112866119e-03,1.8255820159e-03
2025-01-25,6.8715348944e-04,7.2986292346e-04,6.0258568947e-04,7.1292315752e-04,6.7674852013e-04,7.1364715660e-04
2025-01-26,4.7665861843e-04,4.8839450443e-04,4.3819044740e-04,4.6350052726e-04,5.1003882046e-04,4.8316879262e-04
2025-01-27,8.0799089068e-04,8.1108952751e-04,7.8855795382e-04,7.5161040879e-04,8.8274898420e-04,8.0594757908e-04
2025-01-28,1.3921044621e-03,1.3637580206e-03,1.3330218476e-03,1.6074927582e-03,1.2704247603e-03,1.3858249238e-03
2025-01-29,9.7270217736e-04,9.3022594749e-04,9.8261155383e-04,1.0338386146e-03,9.6735745056e-04,9.4947732033e-04
2025-01-30,1.0751997232e-03,1.0493606027e-03,1.1099676462e-03,1.0469178233e-03,1.1150544841e-03,1.0546980598e-03
2025-01-31,6.5829501322e-04,6.3848229866e-04,6.5640894786e-04,6.7091657493e-04,6.7991020987e-04,6.4575703479e-04
2025-02-01,4.8694711799e-04,4.7085807497e-04,4.9235596255e-04,4.8905572088e-04,5.0523673273e-04,4.7722909880e-04
2025-02-02,4.5965923190e-04,4.3688969616e-04,4.8451757600e-04,4.4065463717e-04,4.9198170099e-04,4.4425254919e-04
2025-02-03,1.2598101668e-03,1.1868588637e-03,1.3831615031e-03,1.2804782383e-03,1.2356585548e-03,1.2128936740e-03
2025-02-04,1.8943640113e-03,1.8681725179e-03,1.9953341976e-03,1.9624494768e-03,1.7714297246e-03,1.8744341394e-03
2025-02-05,1.7379222692e-03,1.7497206551e-03,1.7333838159e-03,1.7517606668e-03,1.7075326818e-03,1.7472135266e-03
2025-02-06,1.3207029205e-03,1.3404062251e-03,1.2324757594e-03,1.3777885575e-03,1.3160377655e-03,1.3368062952e-03
2025-02-07,8.8348214459e-04,8.8826809789e-04,8.1570854538e-04,9.5640321839e-04,8.6699368621e-04,8.9003717506e-04
2025-02-08,6.1288320420e-04,6.0413350068e-04,5.7927432926e-04,6.8058670989e-04,5.8962138552e-04,6.1080009565e-04
2025-02-09,4.1898969849e-04,4.0932939747e-04,4.0886678215e-04,4.0943230980e-04,4.5475524972e-04,4.1256475331e-04
2025-02-10,7.5579813118e-04,7.1037624688e-04,7.7963718267e-04,7.8484201405e-04,7.7629228899e-04,7.2784292331e-04
2025-02-11,7.4919057916e-04,7.0644461148e-04,7.6713161614e-04,7.8222768801e-04,7.6593805829e-04,7.2421092186e-04
2025-02-12,6.7958926472e-04,6.5444207697e-04,6.9654905244e-04,6.6830516112e-04,7.1538169215e-04,6.6326834093e-04
2025-02-13,1.0384943740e-03,1.0105417874e-03,1.1177264735e-03,1.0175566833e-03,1.0219158342e-03,1.0247310918e-03
2025-02-14,5.9153428112e-04,5.7968226466e-04,6.0871219235e-04,5.8029788100e-04,6.0313438414e-04,5.8584468342e-04
2025-02-15,3.8512759987e-04,3.8009083538e-04,3.9614290010e-04,3.8132725327e-04,3.8411165903e-04,3.8396535159e-04
2025-02-16,2.9205516488e-04,2.8840257616e-04,2.8536232109e-04,2.8625672923e-04,3.1357543581e-04,2.8667876210e-04
2025-02-17,4.9082663871e-04,4.8116260271e-04,4.8423193244e-04,4.7698799997e-04,5.3515185912e-04,4.7659879933e-04
2025-02-18,4.7936590525e-04,4.6069406004e-04,5.0398400373e-04,4.6193768605e-04,4.9907570105e-04,4.7113807539e-04
2025-02-19,5.8746767028e-04,5.6610477386e-04,6.3297037770e-04,5.7001749514e-04,5.8797203014e-04,5.8027367456e-04
2025-02-20,5.5798134244e-04,5.3366653799e-04,6.0085991676e-04,5.3576918784e-04,5.7637553769e-04,5.4323553192e-04
2025-02-21,4.0775109427e-04,3.9027802653e-04,4.3746822133e-04,3.9103461103e-04,4.2551131336e-04,3.9446329911e-04
2025-02-22,3.9448663046e-04,3.8166398971e-04,4.2733367638e-04,3.8442107602e-04,3.8998465427e-04,3.8902975590e-04
2025-02-23,2.6693925901e-04,2.6044109383e-04,2.6952128567e-04,2.5917599956e-04,2.8548651596e-04,2.6007140003e-04
2025-02-24,3.9511177504e-04,3.8099886255e-04,4.0715153734e-04,3.7982608305e-04,4.2452298277e-04,3.8305940950e-04
2025-02-25,9.2336608259e-04,8.9868090701e-04,9.9353553289e-04,9.0228273140e-04,9.1634960488e-04,9.0598163676e-04
2025-02-26,1.5066480191e-03,1.5538214631e-03,1.5169876878e-03,1.5635430459e-03,1.3494415470e-03,1.5494463518e-03
2025-02-27,2.1686342007e-03,2.2865331553e-03,2.0808114223e-03,2.2879022602e-03,1.9490757615e-03,2.2388484043e-03
2025-02-28,9.9984135594e-04,1.0747293562e-03,8.9737482783e-04,1.0728590999e-03,9.0038884958e-04,1.0538546462e-03
2025-03-01,1.0865698483e-03,1.1725553562e-03,9.9659478795e-04,1.1797172251e-03,9.1841734121e-04,1.1655645313e-03
2025-03-02,9.2300563937e-04,9.9864644851e-04,8.0267213065e-04,9.8917379329e-04,8.6755698272e-04,9.5697884167e-04
2025-03-03,3.5230533992e-03,3.6953759383e-03,3.4971913054e-03,3.6852720228e-03,3.2508669437e-03,3.4865607860e-03
2025-03-04,3.3946652006e-03,3.5888400755e-03,3.1700762989e-03,3.5646941112e-03,3.1899444189e-03,3.4597710987e-03
2025-03-05,2.3761865228e-03,2.5682244564e-03,2.1202374125e-03,2.5661009675e-03,2.1090004956e-03,2.5173692818e-03
2025-03-06,2.1766307961e-03,2.3039465977e-03,1.9766542478e-03,2.2876667496e-03,2.0905132736e-03,2.2243731120e-03
2025-03-07,1.5135562605e-03,1.5958833467e-03,1.3569575274e-03,1.5915705340e-03,1.4470776475e-03,1.5762922471e-03
2025-03-08,1.4517011530e-03,1.4974341029e-03,1.3852710834e-03,1.5013035891e-03,1.3822765024e-03,1.4922204873e-03
2025-03-09,8.1281188331e-04,8.4867344518e-04,7.2872565592e-04,8.3936852825e-04,8.1745066729e-04,8.2984111994e-04
2025-03-10,2.2122476677e-03,2.2338315951e-03,2.1742079089e-03,2.2177302447e-03,2.2403943328e-03,2.1950742572e-03
2025-03-11,2.3290781357e-03,2.3886870720e-03,2.2330582635e-03,2.3944377960e-03,2.2382620306e-03,2.3909455166e-03
2025-03-12,2.5228476871e-03,2.5553708563e-03,2.4772070148e-03,2.5476402732e-03,2.5183158142e-03,2.5157044771e-03
2025-03-13,1.4947312798e-03,1.5190720290e-03,1.4303054893e-03,1.5139325994e-03,1.4980386818e-03,1.5123075994e-03
2025-03-14,1.1959123833e-03,1.2053261836e-03,1.1625298527e-03,1.1978170495e-03,1.2187933941e-03,1.1950954366e-03
2025-03-15,6.7247985678e-04,6.6935773988e-04,6.6765695045e-04,6.6499040711e-04,6.9831334273e-04,6.6208084372e-04
2025-03-16,4.4066931662e-04,4.3473752103e-04,4.3756810212e-04,4.3047099132e-04,4.6887778671e-04,4.3169218193e-04
2025-03-17,1.1635433110e-03,1.0997462312e-03,1.3036493668e-03,1.1085833713e-03,1.1783003841e-03,1.1274372016e-03
2025-03-18,8.2946019628e-04,7.8694541380e-04,9.0729385521e-04,7.8970941349e-04,8.6068159744e-04,8.0267070145e-04
2025-03-19,8.3972409026e-04,7.8956479786e-04,9.3650090680e-04,7.9313529623e-04,8.7099052757e-04,8.0842892285e-04
2025-03-20,1.0948409710e-03,1.0209744248e-03,1.2434513825e-03,1.0233027112e-03,1.1535949611e-03,1.0328813754e-03
2025-03-21,8.3280161034e-04,7.8945783617e-04,9.2189803908e-04,7.9304175844e-04,8.5456072687e-04,8.0504969116e-04
2025-03-22,3.3686032095e-04,3.1890794134e-04,3.6897317289e-04,3.2021145189e-04,3.4976493825e-04,3.2644410040e-04
2025-03-23,2.5175278767e-04,2.4094533557e-04,2.6308252968e-04,2.3860910760e-04,2.7522788716e-04,2.4089907837e-04
2025-03-24,6.0770933545e-04,5.6659232273e-04,6.8418924210e-04,5.6657651083e-04,6.4775648136e-04,5.7343212022e-04
2025-03-25,6.8030072988e-04,6.3903436460e-04,7.6522245330e-04,6.4388416897e-04,6.9722293337e-04,6.5613972914e-04
2025-03-26,5.7429481860e-04,5.3801852625e-04,6.4921212431e-04,5.4251995963e-04,5.8727473287e-04,5.5444874992e-04
2025-03-27,6.1361454239e-04,5.8257153968e-04,6.7600654761e-04,5.8598566789e-04,6.2728225957e-04,5.9622669718e-04
2025-03-28,4.4418871883e-04,4.2530811627e-04,4.8142889225e-04,4.2722978209e-04,4.5353386408e-04,4.3344293948e-04
2025-03-29,3.6016832603e-04,3.5618608798e-04,3.6347916710e-04,3.5858517148e-04,3.6229041118e-04,3.6030079239e-04
2025-03-30,4.4551985995e-04,4.3864194688e-04,4.5273369826e-04,4.4347306331e-04,4.4680008151e-04,4.4595050978e-04
2025-03-31,6.0435955451e-04,5.9567455901e-04,6.1375187295e-04,6.0194285892e-04,6.0533363080e-04,6.0509485088e-04
2025-04-01,7.5662101200e-04,7.4326531320e-04,7.7278541315e-04,7.5421200595e-04,7.5452255343e-04,7.5831977426e-04
2025-04-02,7.7976723518e-04,7.8218789831e-04,7.7708069926e-04,7.8010731800e-04,7.8039871325e-04,7.7906154707e-04
2025-04-03,1.4282602146e-03,1.4220454344e-03,1.4401566442e-03,1.4302597925e-03,1.4189290582e-03,1.4299101434e-03
2025-04-04,7.8364692793e-04,7.8553848815e-04,7.8450569784e-04,7.8597943922e-04,7.7810185607e-04,7.8410915835e-04
2025-04-05,6.2918337646e-04,6.2599613692e-04,6.3542765848e-04,6.3060289987e-04,6.2363554838e-04,6.3025463868e-04
2025-04-06,4.4004980452e-04,4.5268382161e-04,4.2722030415e-04,4.4335120637e-04,4.3805699711e-04,4.3893669334e-04
2025-04-07,1.6956329427e-03,1.7144222757e-03,1.6786299368e-03,1.7024066525e-03,1.6888381744e-03,1.6938676742e-03
2025-04-08,2.0745270654e-03,2.0486940788e-03,2.1178451145e-03,2.0786066858e-03,2.0467001557e-03,2.0807892921e-03
2025-04-09,1.6704694230e-03,1.7104185416e-03,1.6323967081e-03,1.6831707077e-03,1.6587492605e-03,1.6676118972e-03
2025-04-10,3.1633770335e-03,3.2014993588e-03,3.1292300317e-03,3.1773059994e-03,3.1515934777e-03,3.1572562998e-03
2025-04-11,1.4348304633e-03,1.4754241493e-03,1.3952306531e-03,1.4469322805e-03,1.4248374158e-03,1.4317278179e-03
2025-04-12,8.7921577643e-04,9.0193134643e-04,8.5574990114e-04,8.8550896690e-04,8.7611801862e-04,8.7677064906e-04
2025-04-13,7.3485904669e-04,7.4731712718e-04,7.2214279451e-04,7.3810200422e-04,7.3317729470e-04,7.3355601281e-04
2025-04-14,1.3773733495e-03,1.3860119703e-03,1.3710135277e-03,1.3813195302e-03,1.3712015932e-03,1.3773201260e-03
2025-04-15,1.0143392952e-03,1.0112098671e-03,1.0192884537e-03,1.0144803701e-03,1.0115688713e-03,1.0151489136e-03
2025-04-16,8.2205243718e-04,8.2807053298e-04,8.1522176537e-04,8.2305794752e-04,8.2243162695e-04,8.2148031309e-04
2025-04-17,9.0527676265e-04,9.0270810221e-04,9.0841681899e-04,9.0467463802e-04,9.0485605741e-04,9.0572819660e-04
2025-04-18,5.2455082083e-04,5.2852702350e-04,5.1939963919e-04,5.2471539683e-04,5.2618005789e-04,5.2393198674e-04
2025-04-19,1.7849284787e-04,1.8338647815e-04,1.7228697035e-04,1.7895645369e-04,1.8001830750e-04,1.7781602968e-04
2025-04-20,2.6062569663e-04,2.6020920586e-04,2.6086966480e-04,2.6012575255e-04,2.6116751796e-04,2.6075634197e-04
2025-04-21,3.9632625822e-04,3.9311789015e-04,4.0011422920e-04,3.9462450659e-04,3.9693313152e-04,3.9684153364e-04
2025-04-22,6.4978027912e-04,6.3506202084e-04,6.6911697655e-04,6.4360782125e-04,6.4977491397e-04,6.5133966298e-04
2025-04-23,1.1194777153e-03,1.1032127391e-03,1.1408146897e-03,1.1121444770e-03,1.1205600193e-03,1.1206566513e-03
2025-04-24,8.3159376776e-04,8.2565349270e-04,8.3947785798e-04,8.2925677962e-04,8.3122462757e-04,8.3235608092e-04
2025-04-25,5.3398218166e-04,5.3399786784e-04,5.3388346912e-04,5.3382413030e-04,5.3413776616e-04,5.3406767488e-04
2025-04-26,3.6671161687e-04,3.6603990565e-04,3.6735399597e-04,3.6648270796e-04,3.6682214434e-04,3.6685933040e-04
2025-04-27,3.3209265843e-04,3.3420352561e-04,3.2917075323e-04,3.3268060093e-04,3.3248170983e-04,3.3192670253e-04
2025-04-28,5.5155511353e-04,5.4935935794e-04,5.5412613831e-04,5.5032615161e-04,5.5203728109e-04,5.5192663868e-04
2025-04-29,5.7061341299e-04,5.6473959439e-04,5.7819680343e-04,5.6807951454e-04,5.7072913966e-04,5.7132201296e-04
2025-04-30,5.3492712220e-04,5.3197778053e-04,5.3872109651e-04,5.3361160393e-04,5.3501869881e-04,5.3530643123e-04
2025-05-01,5.4316608190e-04,5.3957996379e-04,5.4788010313e-04,5.4168568198e-04,5.4306025606e-04,5.4362440452e-04
2025-05-02,4.7131285703e-04,4.6982222883e-04,4.7338686710e-04,4.7061259350e-04,4.7138159594e-04,4.7136099980e-04
2025-05-03,2.4396485420e-04,2.4341684020e-04,2.4459945329e-04,2.4381953862e-04,2.4394753867e-04,2.4404090022e-04
2025-05-04,2.3055134200e-04,2.3243494443e-04,2.2800557275e-04,2.3111464673e-04,2.3085289174e-04,2.3034865433e-04
2025-05-05,4.9364447094e-04,4.9132655400e-04,4.9676838052e-04,4.9266551560e-04,4.9360260292e-04,4.9385930166e-04
2025-05-06,4.5439448353e-04,4.5149562583e-04,4.5844403224e-04,4.5337768374e-04,4.5398409965e-04,4.5467097618e-04
2025-05-07,5.3435791926e-04,5.3166964424e-04,5.3817628203e-04,5.3331021164e-04,5.3416486113e-04,5.3446859728e-04
2025-05-08,5.5351427565e-04,5.5083736679e-04,5.5747118200e-04,5.5272166087e-04,5.5282779984e-04,5.5371336877e-04
2025-05-09,7.3700532565e-04,7.3541036591e-04,7.3978108140e-04,7.3633543491e-04,7.3695668861e-04,7.3654305740e-04
2025-05-10,3.1535461907e-04,3.1443787127e-04,3.1670519092e-04,3.1531517381e-04,3.1490426651e-04,3.1541059282e-04
2025-05-11,3.7361905983e-04,3.7519315737e-04,3.7180632092e-04,3.7424999435e-04,3.7354280653e-04,3.7330301998e-04
2025-05-12,7.2328207801e-04,7.2245082560e-04,7.2562199011e-04,7.2562199011e-04,7.1705056615e-04,7.2566501808e-04
2025-05-13,8.7120726995e-04,8.7122786529e-04,8.7531510727e-04,8.7531510727e-04,8.5945995612e-04,8.7471831379e-04
2025-05-14,6.7377109975e-04,6.7785578652e-04,6.7528603648e-04,6.7528603648e-04,6.6747188874e-04,6.7295575053e-04
2025-05-15,5.8746451738e-04,5.9394701279e-04,5.8869036943e-04,5.8869036943e-04,5.8065771555e-04,5.8533711969e-04
2025-05-16,5.4683824447e-04,5.4852767593e-04,5.4907727931e-04,5.4907727931e-04,5.3959693994e-04,5.4791204786e-04
2025-05-17,2.7476452762e-04,2.7663056966e-04,2.7540026442e-04,2.7540026442e-04,2.7198942138e-04,2.7440211819e-04
2025-05-18,2.8016901807e-04,2.8104168486e-04,2.8037887247e-04,2.8037887247e-04,2.7914524813e-04,2.7990041244e-04
2025-05-19,7.2923903797e-04,7.2544207505e-04,7.2997150083e-04,7.2997150083e-04,7.2940434377e-04,7.3140576937e-04
2025-05-20,6.9450812068e-04,6.9347225056e-04,6.9730233460e-04,6.9730233460e-04,6.8702785352e-04,6.9743583013e-04
2025-05-21,7.5234086552e-04,7.5187215416e-04,7.5484322584e-04,7.5484322584e-04,7.4554709924e-04,7.5459862252e-04
2025-05-22,1.1399641912e-03,1.1416144782e-03,1.1446378117e-03,1.1446378117e-03,1.1261543653e-03,1.1427764893e-03
2025-05-23,6.9768600343e-04,7.0258078161e-04,6.9998828952e-04,6.9998828952e-04,6.8877997484e-04,6.9709268168e-04
2025-05-24,5.3041302372e-04,5.3437679186e-04,5.3165133129e-04,5.3165133129e-04,5.2497458893e-04,5.2941107527e-04
2025-05-25,4.5942574149e-04,4.6260340753e-04,4.6075843213e-04,4.6075843213e-04,4.5404161546e-04,4.5896682020e-04
2025-05-26,7.5415483438e-04,7.5885924749e-04,7.5573362137e-04,7.5573362137e-04,7.4735095845e-04,7.5309672321e-04
2025-05-27,5.3251058710e-04,5.3559170984e-04,5.3328085906e-04,5.3328085906e-04,5.2869259935e-04,5.3170690820e-04
2025-05-28,5.9340243516e-04,5.9387903823e-04,5.9426088113e-04,5.9426088113e-04,5.9068234357e-04,5.9392903177e-04
2025-05-29,5.3257960969e-04,5.3388807850e-04,5.3243214292e-04,5.3243214292e-04,5.3231563787e-04,5.3183004625e-04
2025-05-30,5.3088301213e-04,5.2832954138e-04,5.3130220266e-04,5.3130220266e-04,5.3100479841e-04,5.3247631551e-04
2025-05-31,3.2552437882e-04,3.2404034270e-04,3.2585566714e-04,3.2585566714e-04,3.2532431498e-04,3.2654590214e-04
2025-06-01,3.4576021488e-04,3.4510716956e-04,3.4597964568e-04,3.4597964568e-04,3.4548988746e-04,3.4624472600e-04
2025-06-02,5.0484669579e-04,5.0519597874e-04,5.0456973235e-04,5.0456973235e-04,5.0550267000e-04,5.0439536553e-04
2025-06-03,5.0015840872e-04,5.0131168811e-04,5.0154815140e-04,5.0130895335e-04,4.9537998443e-04,5.0124326631e-04
2025-06-04,4.7460394042e-04,4.7509590120e-04,4.7486583846e-04,4.7502443500e-04,4.7321575904e-04,4.7481776843e-04
2025-06-05,4.1424832436e-04,4.1409182745e-04,4.1288777062e-04,4.1389311206e-04,4.1665593448e-04,4.1371297716e-04
2025-06-06,5.8928143858e-04,5.8782419528e-04,5.9294435201e-04,5.8841535658e-04,5.8649272832e-04,5.9073056074e-04
2025-06-07,2.6123944693e-04,2.6076140904e-04,2.6069913929e-04,2.6088282930e-04,2.6339468877e-04,2.6045916826e-04
2025-06-08,2.6544242466e-04,2.6515964024e-04,2.6460922645e-04,2.6505183706e-04,2.6771643812e-04,2.6467498141e-04
2025-06-09,3.5684882680e-04,3.5666885721e-04,3.5504428884e-04,3.5641605570e-04,3.6021311313e-04,3.5590181910e-04
2025-06-10,6.2432563639e-04,6.2374079465e-04,6.2461137071e-04,6.2376108977e-04,6.2712950292e-04,6.2238542391e-04
2025-06-11,4.5431735039e-04,4.5360981433e-04,4.5635114684e-04,4.5391482375e-04,4.5210082766e-04,4.5561013939e-04
2025-06-12,5.2380832533e-04,5.2392380310e-04,5.2450125923e-04,5.2394917046e-04,5.2265871526e-04,5.2400867862e-04
2025-06-13,5.0267060821e-04,5.0342721669e-04,5.0479362614e-04,5.0355922349e-04,4.9848800186e-04,5.0308497287e-04
2025-06-14,3.5282893340e-04,3.5403198011e-04,3.5707832819e-04,3.5463227620e-04,3.4358328777e-04,3.5481879472e-04
2025-06-15,2.8507612490e-04,2.8698636497e-04,2.8467213155e-04,2.8666950714e-04,2.8263362751e-04,2.8441899332e-04
2025-06-16,4.5404226368e-04,4.5691474904e-04,4.5417668728e-04,4.5653394693e-04,4.4907833216e-04,4.5350760298e-04
2025-06-17,5.3891893207e-04,5.4259074399e-04,5.4143056151e-04,5.4241778331e-04,5.2868280217e-04,5.3947276938e-04
2025-06-18,6.6549644645e-04,6.6925011280e-04,6.6876990428e-04,6.6915688418e-04,6.5425226589e-04,6.6605306512e-04
2025-06-19,5.7229621471e-04,5.7465839269e-04,5.7616299079e-04,5.7481905930e-04,5.6195377556e-04,5.7388685522e-04
2025-06-20,3.4445242350e-04,3.4618341518e-04,3.4479417538e-04,3.4598179672e-04,3.4085542591e-04,3.4444730430e-04
2025-06-21,2.9540714158e-04,2.9642172772e-04,2.9717465206e-04,2.9669123240e-04,2.9065734597e-04,2.9609074975e-04
2025-06-22,4.1487358741e-04,4.1652515896e-04,4.1864690786e-04,4.1677070919e-04,4.0633453998e-04,4.1609062106e-04
2025-06-23,1.0214820733e-03,1.0264997491e-03,1.0387411847e-03,1.0280317939e-03,9.8561956316e-04,1.0285180757e-03
2025-06-24,1.0015623965e-03,1.0092957898e-03,1.0080847622e-03,1.0090732492e-03,9.8116048624e-04,1.0001976949e-03
2025-06-25,6.4371417224e-04,6.5221800974e-04,6.4725438014e-04,6.5190898193e-04,6.2526266898e-04,6.4192682039e-04
2025-06-26,6.8309052936e-04,6.9191382987e-04,6.8596129550e-04,6.9154865212e-04,6.6607220231e-04,6.7995666699e-04
2025-06-27,4.5951801627e-04,4.6456191364e-04,4.6148743521e-04,4.6436254637e-04,4.4809412650e-04,4.5908405962e-04
2025-06-28,2.2489326916e-04,2.2584454648e-04,2.2526651944e-04,2.2595204445e-04,2.2237265637e-04,2.2503057905e-04
2025-06-29,1.3969709896e-04,1.3920477697e-04,1.3755688587e-04,1.3910217297e-04,1.4441740378e-04,1.3820425519e-04
2025-06-30,3.3453159552e-04,3.3270328730e-04,3.3285845621e-04,3.3267093043e-04,3.4131940091e-04,3.3310590275e-04
2025-07-01,3.4936593034e-04,3.4748338188e-04,3.4884913337e-04,3.4751616967e-04,3.5267883187e-04,3.5030213492e-04
2025-07-02,3.5006681543e-04,3.4758219389e-04,3.4895463888e-04,3.4761351810e-04,3.5608654945e-04,3.5009717683e-04
2025-07-03,4.5072401763e-04,4.4793273824e-04,4.4984827142e-04,4.4797626572e-04,4.5968800994e-04,4.4817480283e-04
2025-07-04,3.3701388185e-04,3.3638141618e-04,3.3811243514e-04,3.3643322786e-04,3.3633531438e-04,3.3780701568e-04
2025-07-05,1.7925691882e-04,1.7860733808e-04,1.7853453349e-04,1.7870948608e-04,1.8150985111e-04,1.7892338534e-04
2025-07-06,1.5892077916e-04,1.5845348322e-04,1.5766036234e-04,1.5839349050e-04,1.6213404134e-04,1.5796251840e-04
2025-07-07,3.1888950492e-04,3.1770860367e-04,3.1777747589e-04,3.1767443662e-04,3.2377240263e-04,3.1751460580e-04
2025-07-08,3.2620268977e-04,3.2517749693e-04,3.2622750447e-04,3.2519747130e-04,3.2736788033e-04,3.2704309584e-04
2025-07-09,2.8636093119e-04,2.8455697606e-04,2.8559055814e-04,2.8457741770e-04,2.9083098769e-04,2.8624871636e-04
2025-07-10,4.2364107536e-04,4.2237702099e-04,4.2436274932e-04,4.2243107582e-04,4.2655125869e-04,4.2248327197e-04
2025-07-11,6.5126220185e-04,6.5412608357e-04,6.5880782352e-04,6.5429270054e-04,6.4096254438e-04,6.4812185725e-04
2025-07-12,2.9215890208e-04,2.9390556867e-04,2.9455703447e-04,2.9411780356e-04,2.8588300089e-04,2.9233110280e-04
2025-07-13,2.4242283153e-04,2.4417928809e-04,2.4243150566e-04,2.4406449239e-04,2.4009714500e-04,2.4134172651e-04
2025-07-14,5.1778380011e-04,5.2214576611e-04,5.1992683322e-04,5.2197952279e-04,5.1006212360e-04,5.1480475484e-04
2025-07-15,6.8646302144e-04,6.9686675650e-04,6.9757626874e-04,6.9685324519e-04,6.5140199566e-04,6.8961684112e-04
2025-07-16,8.1106042684e-04,8.2224854624e-04,8.2364635088e-04,8.2226006160e-04,7.7403559182e-04,8.1311158368e-04
2025-07-17,6.4425576884e-04,6.5068364317e-04,6.4963205692e-04,6.5060015306e-04,6.2831131434e-04,6.4205167670e-04
2025-07-18,5.3648458193e-04,5.4209893595e-04,5.4173203742e-04,5.4203983874e-04,5.2093053063e-04,5.3562156689e-04
2025-07-19,3.2667834635e-04,3.2967390588e-04,3.2932102730e-04,3.2984962659e-04,3.1861286275e-04,3.2593430926e-04
2025-07-20,2.7328393526e-04,2.7549431868e-04,2.7448852756e-04,2.7544155817e-04,2.6927886900e-04,2.7171640289e-04
2025-07-21,4.7712545344e-04,4.7948952796e-04,4.7905923242e-04,4.7943342527e-04,4.7169702704e-04,4.7594805453e-04
2025-07-22,4.9026787878e-04,4.9298826926e-04,4.9316873982e-04,4.9294956981e-04,4.8084098865e-04,4.9139182637e-04
2025-07-23,6.1725392590e-04,6.1974933981e-04,6.2029680338e-04,6.1970809524e-04,6.1145285087e-04,6.1506254021e-04
2025-07-24,5.5807387719e-04,5.6039636843e-04,5.6028360258e-04,5.6034426706e-04,5.5152424104e-04,5.5782090686e-04
2025-07-25,3.9580432064e-04,3.9754862292e-04,3.9748510559e-04,3.9750959687e-04,3.9057407161e-04,3.9590420622e-04
2025-07-26,3.1705599062e-04,3.1846860261e-04,3.1910659905e-04,3.1866360936e-04,3.1117672518e-04,3.1786441691e-04
2025-07-27,2.2550810766e-04,2.2632292104e-04,2.2549112584e-04,2.2627882144e-04,2.2525644213e-04,2.2419122784e-04
2025-07-28,4.4143561555e-04,4.4215610630e-04,4.4169468961e-04,4.4210129831e-04,4.4188811624e-04,4.3933786729e-04
2025-07-29,4.6432492948e-04,4.6532186088e-04,4.6533909966e-04,4.6528049414e-04,4.6078616612e-04,4.6489702659e-04
2025-07-30,4.4734099840e-04,4.4815595489e-04,4.4833325826e-04,4.4812075898e-04,4.4413979790e-04,4.4795522198e-04
2025-07-31,4.1423920962e-04,4.1395139098e-04,4.1433451426e-04,4.1392415551e-04,4.1380051141e-04,4.1518547592e-04
2025-08-01,3.5139549668e-04,3.5109890307e-04,3.5120397713e-04,3.5106772196e-04,3.5240423478e-04,3.5120264648e-04
2025-08-02,3.2993252771e-04,3.3040350698e-04,3.3136635721e-04,3.3061328119e-04,3.2668737802e-04,3.3059211515e-04
2025-08-03,3.0701249810e-04,3.0779007517e-04,3.0793350576e-04,3.0776402371e-04,3.0480677419e-04,3.0676811166e-04
2025-08-04,4.4196722459e-04,4.4270744743e-04,4.4216913318e-04,4.4265044836e-04,4.4277360014e-04,4.3953549384e-04
2025-08-05,4.0413818559e-04,4.0524446831e-04,4.0477566377e-04,4.0519532235e-04,4.0168716915e-04,4.0378830440e-04
2025-08-06,4.6784247731e-04,4.6940800487e-04,4.6915730428e-04,4.6935989483e-04,4.6385858857e-04,4.6742859401e-04
2025-08-07,4.1027728665e-04,4.1088737652e-04,4.1085238232e-04,4.1084937582e-04,4.0904726830e-04,4.0975003032e-04
2025-08-08,3.3247256937e-04,3.3235189220e-04,3.3372890625e-04,3.3231800408e-04,3.3314280522e-04,3.3082123910e-04
2025-08-09,1.7990604284e-04,1.7989969026e-04,1.8042704233e-04,1.8000780632e-04,1.7920481903e-04,1.7999085624e-04
2025-08-10,1.9683016056e-04,1.9704875940e-04,1.9676824842e-04,1.9702754383e-04,1.9682054621e-04,1.9648570491e-04
2025-08-11,4.8120263543e-04,4.8035179591e-04,4.8729062494e-04,4.8030671343e-04,4.8006238578e-04,4.7800165709e-04
2025-08-12,4.9761493901e-04,4.9901332513e-04,5.0597214768e-04,4.9896944956e-04,4.8480074850e-04,4.9931902417e-04
2025-08-13,4.5583362404e-04,4.5800414631e-04,4.5740898257e-04,4.5796021111e-04,4.5091141922e-04,4.5488336101e-04
2025-08-14,6.5743657699e-04,6.6225144358e-04,6.6193129612e-04,6.6218839744e-04,6.4663825434e-04,6.5417349346e-04
2025-08-15,8.8299746257e-04,8.9125956812e-04,8.9632100800e-04,8.9117240247e-04,8.5483025048e-04,8.8140408380e-04
2025-08-16,2.6513812824e-04,2.6835429417e-04,2.6329381575e-04,2.6851213341e-04,2.6009924521e-04,2.6543115265e-04
2025-08-17,2.1988546542e-04,2.2308360302e-04,2.1489919400e-04,2.2305462899e-04,2.1898084589e-04,2.1940905520e-04
2025-08-18,3.8103015741e-04,3.8610435343e-04,3.7422029242e-04,3.8605728112e-04,3.7830205885e-04,3.8046680121e-04
2025-08-19,5.2884279423e-04,5.3414891577e-04,5.2973097372e-04,5.3409461555e-04,5.1621836096e-04,5.3002110514e-04
2025-08-20,5.0627652327e-04,5.0610340248e-04,5.0911199258e-04,5.0605738088e-04,5.0521537714e-04,5.0489446328e-04
2025-08-21,4.9278738056e-04,4.9365695403e-04,4.9666779987e-04,4.9361182330e-04,4.8800666542e-04,4.9199366020e-04
2025-08-22,4.0832721849e-04,4.0962747518e-04,4.1097148206e-04,4.0958603582e-04,4.0324378714e-04,4.0820731228e-04
2025-08-23,3.9008543299e-04,3.9133494624e-04,3.9504117068e-04,3.9157178727e-04,3.8518302652e-04,3.8729623424e-04
2025-08-24,2.7545558190e-04,2.7778307676e-04,2.7282671581e-04,2.7775047103e-04,2.7423342560e-04,2.7468422027e-04
2025-08-25,7.6858120947e-04,7.7327798987e-04,7.8037530258e-04,7.7320443031e-04,7.4787985464e-04,7.6816846994e-04
2025-08-26,8.7053534075e-04,8.7902750951e-04,8.7823811744e-04,8.7894304289e-04,8.4516341800e-04,8.7130461592e-04
2025-08-27,7.4902924756e-04,7.5732835970e-04,7.5191868435e-04,7.5725355551e-04,7.3051788559e-04,7.4812775264e-04
2025-08-28,6.1468574527e-04,6.2147250687e-04,6.1269356033e-04,6.2140833074e-04,6.0211322062e-04,6.1574110781e-04
2025-08-29,4.4597315856e-04,4.5059411022e-04,4.4301317138e-04,4.5054263349e-04,4.4037425114e-04,4.4534162657e-04
2025-08-30,3.4857431926e-04,3.5334263398e-04,3.3951308764e-04,3.5355786217e-04,3.4707812323e-04,3.4937988926e-04
2025-08-31,2.5483308077e-04,2.5677901160e-04,2.4946554379e-04,2.5675055556e-04,2.5610119796e-04,2.5506909491e-04
2025-09-01,3.7904258847e-04,3.7813126107e-04,3.7804650506e-04,3.7809133404e-04,3.8333757052e-04,3.7760627164e-04
2025-09-02,4.9397047599e-04,4.9319918816e-04,5.0667440132e-04,4.9315108951e-04,4.8227285685e-04,4.9455484411e-04
2025-09-03,5.6678881302e-04,5.6771041467e-04,5.7572911960e-04,5.6765645437e-04,5.5900511019e-04,5.6384296628e-04
2025-09-04,4.9284935936e-04,4.9520690732e-04,4.9263816163e-04,4.9515951560e-04,4.8657915901e-04,4.9466305323e-04
2025-09-05,3.8990923170e-04,3.9202232329e-04,3.8939110803e-04,3.9198073771e-04,3.8477352411e-04,3.9137846537e-04
2025-09-06,2.4706876864e-04,2.4956549335e-04,2.4679025936e-04,2.4971750633e-04,2.3980041832e-04,2.4947016585e-04
2025-09-07,1.9810523471e-04,2.0020818107e-04,1.8890504560e-04,2.0018577255e-04,2.0274996049e-04,1.9847721384e-04
2025-09-08,3.2855568390e-04,3.2855945387e-04,3.2319133186e-04,3.2852446866e-04,3.3612538322e-04,3.2637778187e-04
2025-09-09,3.5519810309e-04,3.5408537586e-04,3.5830789254e-04,3.5405047700e-04,3.5468198056e-04,3.5486478950e-04
2025-09-10,3.8638249314e-04,3.8378067138e-04,3.9584544016e-04,3.8374429899e-04,3.8334078281e-04,3.8520127235e-04
2025-09-11,4.5865773638e-04,4.5424071353e-04,4.7360912899e-04,4.5419759692e-04,4.5897632950e-04,4.5226491297e-04
2025-09-12,3.2374612403e-04,3.2219626879e-04,3.3016387716e-04,3.2216213702e-04,3.2285614899e-04,3.2135218819e-04
2025-09-13,1.8331093940e-04,1.8281382744e-04,1.8508519032e-04,1.8292514273e-04,1.8257222429e-04,1.8315831221e-04
2025-09-14,1.6964707435e-04,1.7008129452e-04,1.6554992742e-04,1.7006236885e-04,1.7327175332e-04,1.6927002765e-04
2025-09-15,2.9864216525e-04,2.9757695881e-04,2.9771468324e-04,2.9754549098e-04,3.0357730487e-04,2.9679638834e-04
2025-09-16,3.4353496692e-04,3.4231216730e-04,3.5313902157e-04,3.4227877957e-04,3.3559930169e-04,3.4434556448e-04
2025-09-17,3.2325603305e-04,3.2231952480e-04,3.2697834560e-04,3.2228870935e-04,3.2398477398e-04,3.2070881150e-04
2025-09-18,4.2580461559e-04,4.2800228307e-04,4.3422972122e-04,4.2796179757e-04,4.1152949370e-04,4.2729978240e-04
2025-09-19,2.7610511937e-04,2.7883108437e-04,2.7403375997e-04,2.7880135074e-04,2.7190804375e-04,2.7695135799e-04
2025-09-20,1.4734994884e-04,1.4880750435e-04,1.4263113415e-04,1.4889792422e-04,1.4865026698e-04,1.4776291448e-04
2025-09-21,1.1983047764e-04,1.2509224106e-04,1.1258429750e-04,1.1990881181e-04,1.2277431190e-04,1.1879272591e-04
2025-09-22,2.2328381926e-04,2.2785861263e-04,2.1652349261e-04,2.2329222576e-04,2.2713762654e-04,2.2160713877e-04
2025-09-23,4.5361017827e-04,4.3826947729e-04,4.7596468613e-04,4.5688637842e-04,4.4128706768e-04,4.5564328181e-04
2025-09-24,3.2505828335e-04,3.2452066876e-04,3.2683982073e-04,3.2742432497e-04,3.2076050500e-04,3.2574609728e-04
2025-09-25,3.5967288321e-04,3.6303477263e-04,3.5514941324e-04,3.6469353216e-04,3.5564510053e-04,3.5984159749e-04
2025-09-26,5.0559801247e-04,5.0310570759e-04,5.1003055921e-04,5.1660622675e-04,4.9127326180e-04,5.0697430697e-04
2025-09-27,2.2538487192e-04,2.2996731407e-04,2.2214608376e-04,2.3059089661e-04,2.1668577479e-04,2.2753429038e-04
2025-09-28,1.4931365145e-04,1.5934910297e-04,1.3719428206e-04,1.5138092779e-04,1.4975880690e-04,1.4888513753e-04
2025-09-29,3.7718503174e-04,3.8231919119e-04,3.6687217666e-04,3.8462128591e-04,3.7750953387e-04,3.7460297106e-04
2025-09-30,4.0030547828e-04,4.0747440864e-04,3.9149886172e-04,4.0897746903e-04,3.9181763548e-04,4.0175901653e-04
2025-10-01,3.3904438351e-04,3.4123347982e-04,3.3851307162e-04,3.4317817579e-04,3.3150343386e-04,3.4079375645e-04
2025-10-02,4.8285707675e-04,4.7001084840e-04,4.9006762922e-04,4.9135564061e-04,4.8462906163e-04,4.7822220389e-04
2025-10-03,3.5381707980e-04,3.5115198849e-04,3.5704798176e-04,3.6086750941e-04,3.4512006877e-04,3.5489785056e-04
2025-10-04,2.5893579844e-04,2.5736097991e-04,2.6251559522e-04,2.6475156364e-04,2.4928355463e-04,2.6076729881e-04
2025-10-05,2.0541939186e-04,2.1344155771e-04,1.9633039355e-04,2.0911071882e-04,2.0232285483e-04,2.0589143437e-04
2025-10-06,6.6398588684e-04,6.5476541778e-04,6.8231853736e-04,6.8246053784e-04,6.2993899632e-04,6.7044594491e-04
2025-10-07,5.2463841563e-04,5.3994219336e-04,5.1186662211e-04,5.3849471933e-04,5.0181186000e-04,5.3107668336e-04
2025-10-08,6.6271229552e-04,6.8218671866e-04,6.4350940515e-04,6.7971658774e-04,6.4137167146e-04,6.6677709459e-04
2025-10-09,6.0364476680e-04,6.2020345038e-04,5.8541169739e-04,6.1947170739e-04,5.8608831757e-04,6.0704866129e-04
2025-10-10,4.7777909070e-04,4.9367897558e-04,4.6358407734e-04,4.8988121876e-04,4.5919041122e-04,4.8256077063e-04
2025-10-11,2.4700430121e-03,2.4648379490e-03,2.5156568228e-03,2.5691449992e-03,2.2974563067e-03,2.5031189830e-03
2025-10-12,1.1463848789e-03,1.2408916213e-03,1.0537374552e-03,1.1874690808e-03,1.0876285524e-03,1.1621976849e-03
2025-10-13,2.1553600769e-03,2.2082811713e-03,2.1608622764e-03,2.1608622764e-03,2.1578932498e-03,2.0889014106e-03
2025-10-14,1.3431954356e-03,1.4702868049e-03,1.3172833587e-03,1.3172833587e-03,1.3145172985e-03,1.2966063572e-03
2025-10-15,1.6756964374e-03,1.8166280129e-03,1.6499230025e-03,1.6499230025e-03,1.6464906966e-03,1.6155174723e-03
2025-10-16,9.8581643912e-04,1.0087778740e-03,9.8015345482e-04,9.8015345482e-04,9.7915105936e-04,9.8084635263e-04
2025-10-17,9.5379405692e-04,9.4153795017e-04,9.5574330471e-04,9.5574330471e-04,9.5633894478e-04,9.5960678023e-04
2025-10-18,5.1409501621e-04,5.1080112326e-04,5.1384248451e-04,5.1384248451e-04,5.1415181288e-04,5.1783717592e-04
2025-10-19,4.1099616002e-04,4.2007857275e-04,4.0856563103e-04,4.0856563103e-04,4.0838673605e-04,4.0938422923e-04
2025-10-20,8.5000467687e-04,8.4420272321e-04,8.5097129871e-04,8.5097129871e-04,8.5119561137e-04,8.5268245234e-04
2025-10-21,8.0070021640e-04,8.0503338163e-04,7.9870138144e-04,7.9870138144e-04,7.9873788431e-04,8.0232705317e-04
2025-10-22,1.1375002780e-03,1.1174146931e-03,1.1400054657e-03,1.1400054657e-03,1.1409598576e-03,1.1491159081e-03
2025-10-23,9.2011801987e-04,9.2216915049e-04,9.1717562319e-04,9.1717562319e-04,9.1695855631e-04,9.2711114620e-04
2025-10-24,7.3627951558e-04,7.2750128801e-04,7.3810319473e-04,7.3810319473e-04,7.3830780252e-04,7.3938209793e-04
2025-10-25,3.4145891184e-04,3.4717988426e-04,3.3923126704e-04,3.3923126704e-04,3.3920889485e-04,3.4244324599e-04
2025-10-26,3.0109264418e-04,3.1427774255e-04,2.9747208321e-04,2.9747208321e-04,2.9718499270e-04,2.9905631921e-04
2025-10-27,7.2991570407e-04,7.0770334620e-04,7.3441418995e-04,7.3441418995e-04,7.3490859955e-04,7.3813819467e-04
2025-10-28,4.8951968332e-04,4.9199113813e-04,4.8616745743e-04,4.8616745743e-04,4.8641717646e-04,4.9685518714e-04
2025-10-29,5.6896409001e-04,5.5768250336e-04,5.6864587480e-04,5.6864587480e-04,5.6923671684e-04,5.8060948023e-04
2025-10-30,9.7748946582e-04,9.4994293643e-04,9.8070453304e-04,9.8070453304e-04,9.8116511065e-04,9.9493021591e-04
2025-10-31,7.8835386155e-04,7.7019576998e-04,7.9002788613e-04,7.9002788613e-04,7.9086575084e-04,8.0065201467e-04
2025-11-01,4.3105634295e-04,4.2504942792e-04,4.3126175558e-04,4.3126175558e-04,4.3157740142e-04,4.3613137426e-04
2025-11-02,3.3909173159e-04,3.5262513240e-04,3.3626109092e-04,3.3626109092e-04,3.3592692548e-04,3.3438441822e-04
2025-11-03,6.3926485810e-04,6.5551439902e-04,6.3608582903e-04,6.3608582903e-04,6.3573574630e-04,6.3290248711e-04
2025-11-04,1.0020025125e-03,1.0018435837e-03,1.0029828770e-03,1.0029828770e-03,1.0031116338e-03,9.9909159108e-04
2025-11-05,1.5035045272e-03,1.4734476708e-03,1.5146624612e-03,1.5146624612e-03,1.5152045950e-03,1.4995454478e-03
2025-11-06,1.1074420624e-03,1.1006581491e-03,1.1124262450e-03,1.1124262450e-03,1.1116427301e-03,1.1000569430e-03
2025-11-07,9.2403604009e-04,9.3013595818e-04,9.2399391638e-04,9.2399391638e-04,9.2400401353e-04,9.1805239599e-04
2025-11-08,5.6041655200e-04,5.5970215419e-04,5.6202618768e-04,5.6202618768e-04,5.6205349100e-04,5.5627473943e-04
2025-11-09,5.3398843364e-04,5.4961917093e-04,5.3117472578e-04,5.3117472578e-04,5.3096430510e-04,5.2700924059e-04
2025-11-10,9.3434624448e-04,9.2811354320e-04,9.3886682791e-04,9.3886682791e-04,9.3884519500e-04,9.2703882837e-04
2025-11-11,7.6302216433e-04,7.7164618235e-04,7.6118561738e-04,7.6118561738e-04,7.6115824190e-04,7.5993516263e-04
2025-11-12,9.2545092126e-04,9.2864956514e-04,9.2539067883e-04,9.2539067883e-04,9.2544661148e-04,9.2237707201e-04
2025-11-13,8.1539171201e-04,8.1914441725e-04,8.1446798294e-04,8.1446798294e-04,8.1396394954e-04,8.1491422737e-04
2025-11-14,8.3257469096e-04,8.1927259140e-04,8.3626554132e-04,8.3626554132e-04,8.3664143027e-04,8.3442835046e-04
2025-11-15,8.4539134088e-04,8.2926952437e-04,8.5136578779e-04,8.5136578779e-04,8.5168107586e-04,8.4327452857e-04
2025-11-16,6.2205146311e-04,6.2264165217e-04,6.2318739324e-04,6.2318739324e-04,6.2320278909e-04,6.1803808781e-04
2025-11-17,1.2962295973e-03,1.2918224271e-03,1.2993851543e-03,1.2993851543e-03,1.2996724919e-03,1.2908827588e-03
2025-11-18,1.2657849503e-03,1.2908642787e-03,1.2608277975e-03,1.2608277975e-03,1.2606953475e-03,1.2557095302e-03
2025-11-19,1.2812606971e-03,1.2875957405e-03,1.2813769440e-03,1.2813769440e-03,1.2815190671e-03,1.2744347897e-03
2025-11-20,1.2722539165e-03,1.2901189834e-03,1.2686812296e-03,1.2686812296e-03,1.2677268027e-03,1.2660613370e-03
2025-11-21,1.3563849969e-03,1.3622959850e-03,1.3583819410e-03,1.3583819410e-03,1.3582528659e-03,1.3446122516e-03
2025-11-22,1.0014183771e-03,9.8391794301e-04,1.0063646338e-03,1.0063646338e-03,1.0069760008e-03,1.0034686741e-03
2025-11-23,7.6565969457e-04,7.8488982209e-04,7.6173051227e-04,7.6173051227e-04,7.6156192707e-04,7.5838569913e-04
2025-11-24,1.3411385313e-03,1.3585862097e-03,1.3413094406e-03,1.3413094406e-03,1.3408668517e-03,1.3236207138e-03
2025-11-25,1.3310133993e-03,1.3560166063e-03,1.3263760283e-03,1.3263760283e-03,1.3261480068e-03,1.3201503268e-03
2025-11-26,1.2065485940e-03,1.2512808207e-03,1.1948737425e-03,1.1948737425e-03,1.1947107465e-03,1.1970039176e-03
2025-11-27,1.1097261429e-03,1.0991399594e-03,1.1158211805e-03,1.1158211805e-03,1.1150109068e-03,1.1028374871e-03
2025-11-28,6.1419477649e-04,6.2308510395e-04,6.1092590985e-04,6.1092590985e-04,6.1093350098e-04,6.1510345784e-04
2025-11-29,3.7207936451e-04,3.7711657101e-04,3.6954012015e-04,3.6954012015e-04,3.6959316246e-04,3.7460684876e-04
2025-11-30,3.3625332192e-04,3.4275146783e-04,3.3361254419e-04,3.3361254419e-04,3.3361113866e-04,3.3767891472e-04
2025-12-01,5.7322502888e-04,5.7408151040e-04,5.7117508796e-04,5.7117508796e-04,5.7128126321e-04,5.7841219486e-04
2025-12-02,1.2630691339e-03,1.2244732973e-03,1.2713041070e-03,1.2713041070e-03,1.2718801177e-03,1.2763840406e-03
2025-12-03,1.1485457778e-03,1.0952246351e-03,1.1687683198e-03,1.1687683198e-03,1.1689583775e-03,1.1410092368e-03
2025-12-04,1.2614973627e-03,1.2348025178e-03,1.2700218528e-03,1.2700218528e-03,1.2694230054e-03,1.2632175847e-03
2025-12-05,8.4816668497e-04,8.5616858166e-04,8.4489547181e-04,8.4489547181e-04,8.4498980682e-04,8.4988409277e-04
2025-12-06,5.5144868156e-04,5.6252843412e-04,5.4830201068e-04,5.4830201068e-04,5.4828719356e-04,5.4982375877e-04
2025-12-07,3.9217325900e-04,4.0693337482e-04,3.8776893100e-04,3.8776893100e-04,3.8769460159e-04,3.9070045660e-04
2025-12-08,1.0456328087e-03,1.0226947819e-03,1.0520791229e-03,1.0520791229e-03,1.0524150175e-03,1.0488959986e-03
2025-12-09,7.7106077988e-04,7.7431443511e-04,7.6748146562e-04,7.6748146562e-04,7.6766995116e-04,7.7835658190e-04
2025-12-10,9.2579430142e-04,9.0652078875e-04,9.3131244155e-04,9.3131244155e-04,9.3154680885e-04,9.2827902639e-04
2025-12-11,1.0152841150e-03,1.0124873530e-03,1.0142321259e-03,1.0142321259e-03,1.0137704418e-03,1.0216985282e-03
2025-12-12,7.2464359338e-04,7.2499325447e-04,7.2359534033e-04,7.2359534033e-04,7.2373455896e-04,7.2729947284e-04
2025-12-13,4.4766533168e-04,4.5318376075e-04,4.4579428034e-04,4.4579428034e-04,4.4582080201e-04,4.4773353498e-04
2025-12-14,2.7463592974e-04,2.9311590233e-04,2.6973884879e-04,2.6973884879e-04,2.6959828462e-04,2.7098776415e-04
2025-12-15,7.6955333235e-04,7.7583352599e-04,7.6863952905e-04,7.6863952905e-04,7.6864550285e-04,7.6600857481e-04
2025-12-16,8.6489085436e-04,8.5576167487e-04,8.6598017254e-04,8.6598017254e-04,8.6625308203e-04,8.7047916982e-04
2025-12-17,6.9803162104e-04,6.9039840759e-04,7.0039822216e-04,7.0039822216e-04,7.0052178457e-04,6.9844146871e-04
2025-12-18,1.1981250300e-03,1.1763083131e-03,1.2041847650e-03,1.2041847650e-03,1.2035632226e-03,1.2023840844e-03
2025-12-19,9.5686925394e-04,9.4619238463e-04,9.5984563423e-04,9.5984563423e-04,9.6002964767e-04,9.5843296893e-04
2025-12-20,5.8421424313e-04,5.7777428328e-04,5.8815126250e-04,5.8815126250e-04,5.8820824897e-04,5.7878615839e-04
2025-12-21,3.2028656163e-04,3.4506800532e-04,3.1438473851e-04,3.1438473851e-04,3.1431298839e-04,3.1328233740e-04
2025-12-22,7.1310929893e-04,7.4240446348e-04,7.0651649479e-04,7.0651649479e-04,7.0647288329e-04,7.0363615827e-04
2025-12-23,7.6738723661e-04,7.7796146780e-04,7.6309151523e-04,7.6309151523e-04,7.6317854531e-04,7.6961313950e-04
2025-12-24,7.3016719160e-04,7.3117438928e-04,7.2905682429e-04,7.2905682429e-04,7.2915919386e-04,7.3238872627e-04
2025-12-25,5.2818169483e-04,5.3243245035e-04,5.2572619377e-04,5.2572619377e-04,5.2540070216e-04,5.3162293408e-04
2025-12-26,3.7184362682e-04,3.7816367258e-04,3.6935889299e-04,3.6935889299e-04,3.6938047168e-04,3.7295620386e-04
2025-12-27,2.7940792660e-04,2.7727476358e-04,2.7921205957e-04,2.7921205957e-04,2.7926622235e-04,2.8207452792e-04
2025-12-28,1.8427604649e-04,1.9164620659e-04,1.8218857928e-04,1.8218857928e-04,1.8217246190e-04,1.8318440539e-04
2025-12-29,2.9024100128e-04,2.9544149626e-04,2.8801439414e-04,2.8801439414e-04,2.8802601179e-04,2.9170871003e-04
2025-12-30,5.2305869351e-04,5.0925061353e-04,5.2455270172e-04,5.2455270172e-04,5.2469656705e-04,5.3224088352e-04
2025-12-31,5.1122662711e-04,5.0147515686e-04,5.1337845768e-04,5.1337845768e-04,5.1347318531e-04,5.1442787804e-04
2026-01-01,4.2127335662e-04,4.2376738307e-04,4.1969434287e-04,4.1969434287e-04,4.1943088612e-04,4.2377982816e-04
2026-01-02,2.3553040396e-04,2.4179560429e-04,2.3377273739e-04,2.3377273739e-04,2.3376163781e-04,2.3454930295e-04
2026-01-03,2.8352171258e-04,2.7474203958e-04,2.8565512929e-04,2.8565512929e-04,2.8572483729e-04,2.8583142745e-04
2026-01-04,2.2584846283e-04,2.2525907955e-04,2.2592229861e-04,2.2592229861e-04,2.2594280154e-04,2.2619583583e-04
2026-01-05,4.3832768323e-04,4.2668179699e-04,4.4114381576e-04,4.4114381576e-04,4.4123181403e-04,4.4143717360e-04
2026-01-06,5.3364404205e-04,5.1770873316e-04,5.3817326432e-04,5.3817326432e-04,5.3827412225e-04,5.3589082622e-04
2026-01-07,5.8055637900e-04,5.7468110136e-04,5.8177689203e-04,5.8177689203e-04,5.8189006630e-04,5.8265694327e-04
2026-01-08,6.2971107620e-04,6.3091501659e-04,6.3012967243e-04,6.3012967243e-04,6.2972489487e-04,6.2765612465e-04
2026-01-09,4.4786940622e-04,4.4915192287e-04,4.5230925889e-04,4.5230925889e-04,4.3447904742e-04,4.5109754300e-04
2026-01-10,3.1180005320e-04,3.1314952346e-04,3.1686105742e-04,3.1686105742e-04,2.9736484348e-04,3.1476378422e-04
2026-01-11,1.8474100162e-04,1.9695572066e-04,1.8181204828e-04,1.8181204828e-04,1.8342232306e-04,1.7970286781e-04
2026-01-12,3.9761820448e-04,4.0551234799e-04,3.9799926932e-04,3.9799926932e-04,3.9344535593e-04,3.9313477985e-04
2026-01-13,5.5335666832e-04,5.5440126220e-04,5.6294163987e-04,5.6294163987e-04,5.2634295223e-04,5.6015584743e-04
2026-01-14,7.2940170555e-04,7.0628916470e-04,7.4697689605e-04,7.4697689605e-04,7.2635839583e-04,7.2040717514e-04
2026-01-15,6.8090147526e-04,6.7653448981e-04,6.9484323742e-04,6.9484323742e-04,6.5629075696e-04,6.8199565468e-04
2026-01-16,5.8676115007e-04,5.9064881610e-04,5.9809145284e-04,5.9809145284e-04,5.5739153555e-04,5.8958249302e-04
2026-01-17,2.5165648026e-04,2.6087450809e-04,2.5308551903e-04,2.5308551903e-04,2.4021418697e-04,2.5102266816e-04
2026-01-18,2.1248714427e-04,2.2510373227e-04,2.0996534974e-04,2.0996534974e-04,2.1009504199e-04,2.0730624759e-04
2026-01-19,5.0521102365e-04,5.1245473100e-04,5.0747522273e-04,5.0747522273e-04,4.9801194435e-04,5.0063799747e-04
2026-01-20,4.7513782921e-04,4.7882332396e-04,4.7813890044e-04,4.7813890044e-04,4.6313117414e-04,4.7745684709e-04
2026-01-21,9.4174265306e-04,9.1938524747e-04,9.6116577846e-04,9.6116577846e-04,9.2284805936e-04,9.4414840157e-04
2026-01-22,9.2699806172e-04,9.2185439585e-04,9.5137075543e-04,9.5137075543e-04,8.7526634709e-04,9.3512805484e-04
2026-01-23,5.1863975778e-04,5.3411699719e-04,5.2393111271e-04,5.2393111271e-04,4.9246155481e-04,5.1875801151e-04
2026-01-24,3.3702868845e-04,3.4606355764e-04,3.4088085265e-04,3.4088085265e-04,3.1886832992e-04,3.3844984940e-04
2026-01-25,2.2850028537e-04,2.4837995517e-04,2.2379651859e-04,2.2379651859e-04,2.2569684268e-04,2.2083159183e-04
2026-01-26,8.0435809549e-04,8.0795166164e-04,8.1348641231e-04,8.1348641231e-04,7.8759690993e-04,7.9926908125e-04
2026-01-27,6.4649935070e-04,6.3818790313e-04,6.5571948200e-04,6.5571948200e-04,6.3312456126e-04,6.4974532509e-04
2026-01-28,5.5695397390e-04,5.5821880509e-04,5.6064401036e-04,5.6064401036e-04,5.4852572849e-04,5.5673731521e-04
2026-01-29,5.8810444456e-04,5.9180351733e-04,5.9273861499e-04,5.9273861499e-04,5.7094502182e-04,5.9229645365e-04
2026-01-30,8.4338301662e-04,8.3539569569e-04,8.5456304015e-04,8.5456304015e-04,8.3318715896e-04,8.3920614814e-04
2026-01-31,5.0449795351e-04,4.8975595334e-04,5.0502585564e-04,5.7719077210e-04,4.4919642105e-04,5.0132076543e-04
2026-02-01,1.2037774237e-03,1.2234459165e-03,1.2705100819e-03,1.0931111571e-03,1.1869032578e-03,1.2449167049e-03
2026-02-02,1.8043410724e-03,1.8160236726e-03,1.8146249201e-03,1.9234192811e-03,1.6362815467e-03,1.8313559413e-03
2026-02-03,1.7468112432e-03,1.8018062902e-03,1.7009114308e-03,1.8613119295e-03,1.5861276186e-03,1.7838989469e-03
2026-02-04,2.0178309147e-03,2.1733452201e-03,1.9341342052e-03,1.9856086394e-03,1.9131672524e-03,2.0828992565e-03
2026-02-05,2.3001300048e-03,2.4681963489e-03,2.1946878772e-03,2.3187537619e-03,2.1521341230e-03,2.3668779131e-03
2026-02-06,5.6475229265e-03,6.1842522211e-03,5.8867687106e-03,4.0732500245e-03,6.0819281945e-03,6.0114154816e-03
2026-02-07,2.1880257419e-03,2.2607472200e-03,2.3729919987e-03,1.5815172504e-03,2.4110709804e-03,2.3138012600e-03
2026-02-08,1.6740473486e-03,1.7596019636e-03,1.6013474615e-03,1.7574202840e-03,1.5465803693e-03,1.7052866648e-03
2026-02-09,2.2353840453e-03,2.4060481890e-03,2.0913268828e-03,2.2685090518e-03,2.1311026965e-03,2.2799334062e-03
2026-02-10,1.8219478314e-03,1.9805284271e-03,1.6230855746e-03,1.9935044356e-03,1.6744785758e-03,1.8381421436e-03
2026-02-11,1.6938513268e-03,1.8133963040e-03,1.5754087245e-03,1.7094944298e-03,1.6595677811e-03,1.7113893945e-03
2026-02-12,1.8185883493e-03,1.8430158359e-03,1.7790143327e-03,1.8725082151e-03,1.7828337851e-03,1.8155695777e-03
2026-02-13,1.1642156548e-03,1.1408114842e-03,1.1492631756e-03,1.2602413933e-03,1.1247995563e-03,1.1459626646e-03
2026-02-14,6.1798005891e-04,6.1303709040e-04,6.2801014671e-04,5.7789952555e-04,6.5489149129e-04,6.1606204058e-04
2026-02-15,6.1661381215e-04,6.1050974752e-04,6.1700081064e-04,6.0443569559e-04,6.4134046694e-04,6.0978234004e-04
2026-02-16,1.3510649873e-03,1.2924309728e-03,1.3763253732e-03,1.4280584187e-03,1.3369543926e-03,1.3215557791e-03
2026-02-17,1.0247568293e-03,9.7595726114e-04,1.0111554437e-03,1.1589945772e-03,9.8623545647e-04,9.9144140814e-04
2026-02-18,1.1382702478e-03,1.0924303083e-03,1.1548068385e-03,1.1764872037e-03,1.1552985430e-03,1.1123283455e-03
2026-02-19,1.1357984061e-03,1.0969208090e-03,1.1382180021e-03,1.1879597749e-03,1.1475244880e-03,1.1083689567e-03
2026-02-20,7.9538491892e-04,7.5887305884e-04,7.9922732105e-04,8.4415736369e-04,8.0163968902e-04,7.7302716201e-04
2026-02-21,5.1201936615e-04,4.8016458703e-04,5.2510708071e-04,5.4103910098e-04,5.1743931524e-04,4.9634674681e-04
2026-02-22,3.9166532879e-04,3.8919739329e-04,3.8736170966e-04,3.8653054800e-04,4.1039862567e-04,3.8483836733e-04
2026-02-23,6.0612953314e-04,5.9928012283e-04,6.0334626712e-04,5.9354305424e-04,6.4107908251e-04,5.9339913899e-04
2026-02-24,1.2948730080e-03,1.2231127024e-03,1.3622246221e-03,1.2953887348e-03,1.3206156551e-03,1.2730233257e-03
2026-02-25,1.1178471283e-03,1.0490919454e-03,1.1449944683e-03,1.2181995698e-03,1.0890609680e-03,1.0878886900e-03
2026-02-26,1.6029413221e-03,1.5297060081e-03,1.7334340788e-03,1.4183153630e-03,1.7273725942e-03,1.6058785662e-03
2026-02-27,9.3202777922e-04,9.0441446564e-04,9.2660953579e-04,1.0100064752e-03,9.0444261878e-04,9.1466580067e-04
2026-02-28,5.6805190925e-04,5.7533332410e-04,5.5743541681e-04,5.7509707162e-04,5.6629187796e-04,5.6610185576e-04
2026-03-01,1.0006069225e-03,9.5532385279e-04,1.0347886168e-03,1.0677070854e-03,9.5107888642e-04,9.9413617127e-04
2026-03-02,1.7732481372e-03,1.7418311048e-03,1.7818671655e-03,1.9102661174e-03,1.6678246211e-03,1.7644516771e-03
2026-03-03,1.6211577014e-03,1.6387563883e-03,1.6389944030e-03,1.5497720130e-03,1.6314736190e-03,1.6467920837e-03
2026-03-04,1.4370861585e-03,1.4626228841e-03,1.3779012472e-03,1.5627925698e-03,1.3468162330e-03,1.4352978582e-03
2026-03-05,2.0159388235e-03,2.0903133539e-03,2.0496271325e-03,1.7437171400e-03,2.1204070741e-03,2.0756294169e-03
2026-03-06,1.1930550987e-03,1.2393723434e-03,1.1482579703e-03,1.2133520776e-03,1.1609856151e-03,1.2033074870e-03
2026-03-07,6.9889053067e-04,7.2939867687e-04,6.8132011058e-04,6.7604275564e-04,7.0080162646e-04,7.0688948381e-04
2026-03-08,5.2873615247e-04,5.6088964038e-04,5.0348221727e-04,5.0628352342e-04,5.3912517114e-04,5.3390021012e-04
2026-03-09,1.4293832417e-03,1.4036090804e-03,1.4442460120e-03,1.4985425347e-03,1.3799452397e-03,1.4205733416e-03
2026-03-10,1.2475271228e-03,1.2311435926e-03,1.2732613441e-03,1.2253008752e-03,1.2555569773e-03,1.2523728250e-03
2026-03-11,1.2588173752e-03,1.2369370130e-03,1.2742910877e-03,1.2870045744e-03,1.2396085708e-03,1.2562456299e-03
2026-03-12,1.0605603269e-03,1.0664526682e-03,1.0268004902e-03,1.1357457076e-03,1.0216517693e-03,1.0521509994e-03
2026-03-13,7.9563991099e-04,8.0015141760e-04,7.7177245086e-04,8.4395524893e-04,7.7207849540e-04,7.9024194217e-04
2026-03-14,5.0338391665e-04,4.9348640632e-04,4.9663352397e-04,5.4881066568e-04,4.8202225505e-04,4.9596673221e-04
2026-03-15,4.0617399067e-04,4.1964951016e-04,3.9272238419e-04,3.9492527567e-04,4.1747279529e-04,4.0609998803e-04
2026-03-16,8.4445134965e-04,8.2836053884e-04,8.4341703719e-04,8.4318463363e-04,8.6580589312e-04,8.4148864547e-04
2026-03-17,1.0451447581e-03,1.0135909685e-03,1.0515165492e-03,1.0503848471e-03,1.0579331632e-03,1.0522982624e-03
2026-03-18,9.2620491549e-04,9.2597296368e-04,9.2256959437e-04,9.2214357314e-04,9.2698369424e-04,9.3335475202e-04
2026-03-19,1.0542927076e-03,1.0567908625e-03,1.0466727619e-03,1.0468472587e-03,1.0687545066e-03,1.0523981481e-03
2026-03-20,7.9859970993e-04,7.9620107392e-04,7.9722137659e-04,7.9684104327e-04,7.9865945373e-04,8.0407560211e-04
2026-03-21,4.1413888167e-04,4.1490597977e-04,4.1296413269e-04,4.1281362079e-04,4.1305487500e-04,4.1695580009e-04
2026-03-22,4.7528871288e-04,4.7705260974e-04,4.7090171682e-04,4.7106776691e-04,4.8385827510e-04,4.7356319585e-04
2026-03-23,9.3750321939e-04,9.2213650215e-04,9.3936005733e-04,9.3843846657e-04,9.4359402036e-04,9.4398705054e-04
2026-03-24,1.7073894213e-03,1.6295103388e-03,1.7465460560e-03,1.7442734315e-03,1.7059225045e-03,1.7106947756e-03
2026-03-25,9.7900044149e-04,1.0068061198e-03,9.7596913029e-04,9.7652439031e-04,9.5562650833e-04,9.8007605870e-04
2026-03-26,9.4788334561e-04,9.8040137490e-04,9.4322920563e-04,9.4442751437e-04,9.3059937331e-04,9.4075925982e-04
2026-03-27,9.2721904437e-04,9.5269693949e-04,9.2391711341e-04,9.2505688103e-04,9.1656052359e-04,9.1786376435e-04
2026-03-28,5.6531948271e-04,5.7835147592e-04,5.6408694913e-04,5.6457942042e-04,5.5828878093e-04,5.6129078716e-04
2026-03-29,3.6414323679e-04,3.6793302501e-04,3.6143355481e-04,3.6151731834e-04,3.6535968010e-04,3.6447260568e-04
2026-03-30,8.1609793672e-04,8.0179087463e-04,8.1950263306e-04,8.1851060060e-04,8.1640205352e-04,8.2428352177e-04
2026-03-31,8.4684260307e-04,8.3892673749e-04,8.5118252994e-04,8.5047173977e-04,8.3821989530e-04,8.5541211283e-04
2026-04-01,1.0598187371e-03,1.0375689820e-03,1.0719243922e-03,1.0711526043e-03,1.0559554325e-03,1.0624922745e-03
2026-04-02,8.0489298533e-04,8.2321122144e-04,8.0247535788e-04,8.0275640199e-04,7.8920402847e-04,8.0681791687e-04
2026-04-03,7.5337952618e-04,7.6096523610e-04,7.5422193075e-04,7.5430925209e-04,7.4301604899e-04,7.5438516296e-04
2026-04-04,2.7287478135e-04,2.8429477186e-04,2.6917919024e-04,2.6952827101e-04,2.6968891977e-04,2.7168275385e-04
2026-04-05,2.6126622869e-04,2.7289498080e-04,2.5611222297e-04,2.5667829871e-04,2.6368938152e-04,2.5695625943e-04
2026-04-06,6.7307195229e-04,6.4798174652e-04,6.7656854749e-04,6.7600470393e-04,6.9342296387e-04,6.7138179964e-04
2026-04-07,5.7683115971e-04,5.6745586156e-04,5.9022609552e-04,5.7165392615e-04,5.7251270807e-04,5.8230720728e-04
2026-04-08,8.8999916413e-04,8.3532290162e-04,9.2877395664e-04,8.9488382850e-04,9.1049522029e-04,8.8051991360e-04
2026-04-09,7.5830609977e-04,7.5889553817e-04,7.6181600047e-04,7.5670408925e-04,7.5327344619e-04,7.6084142476e-04
2026-04-10,6.6572804284e-04,6.5671174957e-04,6.7792923831e-04,6.6746382237e-04,6.5864112310e-04,6.6789428085e-04
2026-04-11,3.2983198458e-04,3.3246608051e-04,3.2703383631e-04,3.3029418594e-04,3.3004867908e-04,3.2931714105e-04
2026-04-12,3.5373137639e-04,3.5996512338e-04,3.4853698168e-04,3.5339812072e-04,3.5289811538e-04,3.5385854080e-04
2026-04-13,9.2926025761e-04,9.0936736057e-04,9.4843209051e-04,9.3028162091e-04,9.3263248037e-04,9.2558773569e-04
2026-04-14,8.8814177859e-04,8.5820966613e-04,9.0145924335e-04,8.9767529696e-04,9.0624223162e-04,8.7712245489e-04
2026-04-15,6.8653774307e-04,6.8656450390e-04,6.9287810442e-04,6.8767261750e-04,6.7569858373e-04,6.8987490581e-04
2026-04-16,7.1188646184e-04,7.1867684285e-04,7.0904202745e-04,7.1523917084e-04,7.0400060682e-04,7.1247366122e-04
2026-04-17,6.4116054824e-04,6.3814498316e-04,6.5077314302e-04,6.4479446726e-04,6.2783181383e-04,6.4425833392e-04
2026-04-18,4.0333929119e-04,3.9832517123e-04,4.0768026798e-04,4.0697526400e-04,4.0204437513e-04,4.0167137761e-04
2026-04-19,4.1194035492e-04,4.1822850236e-04,4.0599976257e-04,4.1356526034e-04,4.1149093056e-04,4.1041731876e-04
2026-04-20,8.4004599979e-04,8.3727075236e-04,8.4491961191e-04,8.4429199773e-04,8.3706914561e-04,8.3667849134e-04
2026-04-21,7.4641789205e-04,7.4435109715e-04,7.4644812491e-04,7.5323841843e-04,7.4445568735e-04,7.4359613241e-04
2026-04-22,7.2563788775e-04,7.2360996978e-04,7.3333119793e-04,7.2931544233e-04,7.1410656008e-04,7.2782626865e-04
2026-04-23,7.0763756005e-04,7.0920581513e-04,7.0294668189e-04,7.1377889231e-04,7.0901830624e-04,7.0323810470e-04
2026-04-24,5.2524938065e-04,5.2740678960e-04,5.2842802760e-04,5.2716956996e-04,5.1535275246e-04,5.2788976363e-04
2026-04-25,2.7485037702e-04,2.8046378126e-04,2.7107450659e-04,2.7504572234e-04,2.7243969466e-04,2.7522818024e-04
2026-04-26,2.1370852698e-04,2.2447316977e-04,2.0241220678e-04,2.1310803791e-04,2.1605218494e-04,2.1249703549e-04
2026-04-27,5.6788674821e-04,5.5211815672e-04,5.8169329258e-04,5.6854081813e-04,5.7132017245e-04,5.6576130118e-04
2026-04-28,5.7136845675e-04,5.6626510008e-04,5.7920910701e-04,5.6999811558e-04,5.6748230605e-04,5.7388765504e-04
2026-04-29,4.2708567155e-04,4.2854797073e-04,4.2435118505e-04,4.2435118505e-04,4.3111107747e-04,4.2706693943e-04
2026-04-30,5.9492710162e-04,5.8758812084e-04,5.9758416244e-04,5.9758416244e-04,5.9168362460e-04,6.0019543780e-04
2026-05-01,3.7130630477e-04,3.7247851282e-04,3.7091073966e-04,3.7091073966e-04,3.7100554085e-04,3.7122599084e-04
2026-05-02,2.5550215264e-04,2.5071914534e-04,2.5699428549e-04,2.5699428549e-04,2.5840569972e-04,2.5439734718e-04
2026-05-03,2.1691869623e-04,2.1846804498e-04,2.1566782392e-04,2.1566782392e-04,2.1931622492e-04,2.1547356341e-04
2026-05-04,4.3622139641e-04,4.3403345229e-04,4.3654492763e-04,4.3654492763e-04,4.3700087516e-04,4.3698279930e-04
2026-05-05,6.6602308335e-04,6.4417014178e-04,6.7587073615e-04,6.7587073615e-04,6.6121406391e-04,6.7298973875e-04
2026-05-06,5.0303709133e-04,5.0429173146e-04,5.0444868703e-04,5.0444868703e-04,5.0122377405e-04,5.0077257706e-04
2026-05-07,5.2736765829e-04,5.3237830375e-04,5.2856652341e-04,5.2856652341e-04,5.2083689190e-04,5.2649004898e-04
2026-05-08,4.4576657164e-04,4.5045466160e-04,4.4645355480e-04,4.4645355480e-04,4.4132685146e-04,4.4414423553e-04
2026-05-09,2.2430192118e-04,2.2826428479e-04,2.2436164058e-04,2.2436164058e-04,2.2032065432e-04,2.2420138565e-04
2026-05-10,1.9611750238e-04,1.9836717244e-04,1.9516435250e-04,1.9516435250e-04,1.9763403569e-04,1.9425759876e-04
2026-05-11,5.1896006180e-04,5.0008809521e-04,5.2604835137e-04,5.2604835137e-04,5.2472826031e-04,5.1788725073e-04
2026-05-12,4.5149097467e-04,4.4997731353e-04,4.5363053026e-04,4.5363053026e-04,4.4483363884e-04,4.5538286046e-04
2026-05-13,4.3636178827e-04,4.3744822349e-04,4.3702597532e-04,4.3702597532e-04,4.3483376014e-04,4.3547500710e-04
2026-05-14,4.3300844763e-04,4.3763396773e-04,4.3306513927e-04,4.3306513927e-04,4.3026563471e-04,4.3101235719e-04
2026-05-15,4.6717013840e-04,4.5424654086e-04,4.7490412729e-04,4.7490412729e-04,4.6566310846e-04,4.6613278811e-04
2026-05-16,2.5900366755e-04,2.5931355609e-04,2.6051601530e-04,2.6051601530e-04,2.5647342260e-04,2.5819932845e-04
2026-05-17,2.4976971564e-04,2.5140491787e-04,2.5037206311e-04,2.5037206311e-04,2.4884464599e-04,2.4785488813e-04
2026-05-18,4.3390395058e-04,4.3484427826e-04,4.3593481294e-04,4.3593481294e-04,4.3102448362e-04,4.3178136516e-04
2026-05-19,4.9441253264e-04,4.9685780439e-04,4.9821675231e-04,4.9821675231e-04,4.8157938000e-04,4.9719197420e-04
2026-05-20,4.1928363341e-04,4.2191590680e-04,4.2113627665e-04,4.2113627665e-04,4.1246214281e-04,4.1976756411e-04
2026-05-21,4.1299854922e-04,4.1515029923e-04,4.1415652104e-04,4.1415652104e-04,4.1039410303e-04,4.1113530175e-04
2026-05-22,3.5752269424e-04,3.5591847783e-04,3.6011735642e-04,3.6011735642e-04,3.5236874577e-04,3.5909153478e-04
2026-05-23,2.3341018625e-04,2.3461116628e-04,2.3409350430e-04,2.3409350430e-04,2.3220561027e-04,2.3204714611e-04
2026-05-24,3.3999806862e-04,3.2659135144e-04,3.4624987540e-04,3.4624987540e-04,3.4064644706e-04,3.4025279380e-04
2026-05-25,4.8154093853e-04,4.7635612093e-04,4.8628131027e-04,4.8628131027e-04,4.7734310532e-04,4.8144284588e-04
2026-05-26,3.3784743626e-04,3.4864121646e-04,3.3635557543e-04,3.3635557543e-04,3.3183696560e-04,3.3604784836e-04
2026-05-27,5.5212871507e-04,5.4963624376e-04,5.5747160345e-04,5.5747160345e-04,5.4455201910e-04,5.5151210559e-04
2026-05-28,5.3865435671e-04,5.4641481103e-04,5.4109497101e-04,5.4109497101e-04,5.2994231184e-04,5.3472471867e-04
2026-05-29,4.4496501487e-04,4.4144526766e-04,4.4972794750e-04,4.4972794750e-04,4.3778416531e-04,4.4613974636e-04
2026-05-30,2.4388085431e-04,2.4406292581e-04,2.4585192268e-04,2.4585192268e-04,2.3871188857e-04,2.4492561180e-04
2026-05-31,2.2440637468e-04,2.3125802550e-04,2.2405849610e-04,2.2405849610e-04,2.2164943165e-04,2.2100742408e-04
2026-06-01,4.0455347993e-04,4.1016234515e-04,4.0551590021e-04,4.0551590021e-04,3.9972490793e-04,4.0184834614e-04
2026-06-02,6.1626567017e-04,6.1667652498e-04,6.2138908690e-04,6.2138908690e-04,6.0711664999e-04,6.1475700211e-04
2026-06-03,1.1248799434e-03,1.1050070493e-03,1.1431823984e-03,1.1431823984e-03,1.1209516397e-03,1.1120762311e-03
2026-06-04,1.2386557200e-03,1.2358492612e-03,1.2584481604e-03,1.2584481604e-03,1.2088007708e-03,1.2317322474e-03
2026-06-05,1.2196975417e-03,1.2121685684e-03,1.2462622903e-03,1.2462622903e-03,1.1622662252e-03,1.2315283346e-03
2026-06-06,1.1259129414e-03,1.1340802359e-03,1.1457633366e-03,1.1457633366e-03,1.0837294117e-03,1.1202283863e-03
2026-06-07,9.7417443704e-04,1.0016552527e-03,9.8629425047e-04,9.8629425047e-04,9.2595976382e-04,9.7066866779e-04
2026-06-08,2.2582096908e-03,2.2459511649e-03,2.3125141381e-03,2.3125141381e-03,2.2029384070e-03,2.2171306061e-03
2026-06-09,1.3246398581e-03,1.4217965651e-03,1.3215513669e-03,1.3215513669e-03,1.2458107890e-03,1.3124892028e-03
2026-06-10,1.3312792125e-03,1.4087175489e-03,1.3278487552e-03,1.3278487552e-03,1.2799393285e-03,1.3120416745e-03
2026-06-11,1.1891058734e-03,1.2293973118e-03,1.1894647058e-03,1.1894647058e-03,1.1485425154e-03,1.1886601281e-03
2026-06-12,8.8249303389e-04,8.8324771122e-04,8.8648656805e-04,8.8648656805e-04,8.8650751659e-04,8.6973680554e-04
2026-06-13,3.4550796018e-04,3.5325378399e-04,3.4256475042e-04,3.4256475042e-04,3.4259364426e-04,3.4656287183e-04
2026-06-14,3.5207381684e-04,3.5989032368e-04,3.5029979856e-04,3.5029979856e-04,3.5029856844e-04,3.4958059498e-04
2026-06-15,7.4982068697e-04,7.3849161069e-04,7.5353382426e-04,7.5353382426e-04,7.5362022073e-04,7.4992395492e-04
2026-06-16,5.9010322671e-04,5.8698521158e-04,5.8863175175e-04,5.8863175175e-04,5.8871831179e-04,5.9754910668e-04
2026-06-17,5.7541335283e-04,5.7147229377e-04,5.7401267954e-04,5.7401267954e-04,5.7411046964e-04,5.8345864163e-04
2026-06-18,9.1496701547e-04,8.9552506618e-04,9.1735139416e-04,9.1735139416e-04,9.1689706980e-04,9.2771015304e-04
2026-06-19,6.8270779750e-04,6.7739902615e-04,6.8259089812e-04,6.8259089812e-04,6.8268474897e-04,6.8827341613e-04
2026-06-20,3.1056783232e-04,3.1107971754e-04,3.0954758129e-04,3.0954758129e-04,3.0958575354e-04,3.1307852793e-04
2026-06-21,3.9747219901e-04,3.9436232075e-04,3.9788750615e-04,3.9788750615e-04,3.9793132211e-04,3.9929233990e-04
2026-06-22,6.7025456709e-04,6.7530337069e-04,6.6790054172e-04,6.6790054172e-04,6.6795679064e-04,6.7221159067e-04
2026-06-23,6.1432951376e-04,6.0696867175e-04,6.1375743847e-04,6.1375743847e-04,6.1385835853e-04,6.2330566157e-04
2026-06-24,6.4693100339e-04,6.4067287380e-04,6.4619774401e-04,6.4619774401e-04,6.4630595103e-04,6.5528070410e-04
2026-06-25,9.1445710179e-04,8.9959166971e-04,9.1620637171e-04,9.1620637171e-04,9.1572471407e-04,9.2455638178e-04
2026-06-26,1.0290444979e-03,9.9775481788e-04,1.0351226645e-03,1.0351226645e-03,1.0353588363e-03,1.0418635064e-03
2026-06-27,5.2529294208e-04,5.2069000790e-04,5.2558303829e-04,5.2558303829e-04,5.2567807362e-04,5.2893055232e-04
2026-06-28,4.5194661373e-04,4.6794691857e-04,4.4814168513e-04,4.4814168513e-04,4.4814141892e-04,4.4736136088e-04
2026-06-29,9.5757541368e-04,9.7770672382e-04,9.5397296303e-04,9.5397296303e-04,9.5401909785e-04,9.4820532066e-04
2026-06-30,1.0403506675e-03,1.0532429938e-03,1.0384386757e-03,1.0384386757e-03,1.0385196692e-03,1.0331133234e-03
2026-07-01,9.1486125555e-04,9.3512583288e-04,9.1131821400e-04,9.1131821400e-04,9.1135700267e-04,9.0518701421e-04
2026-07-02,9.3437886479e-04,9.2420465877e-04,9.3989688173e-04,9.3989688173e-04,9.3933530641e-04,9.2856059531e-04
2026-07-03,6.9306916132e-04,6.8679185480e-04,6.9705096157e-04,6.9705096157e-04,6.9710569755e-04,6.8734633110e-04
2026-07-04,3.0333169621e-04,3.0913005168e-04,3.0224159963e-04,3.0224159963e-04,3.0225553277e-04,3.0078969735e-04
2026-07-05,3.5383623372e-04,3.5441431226e-04,3.5396344051e-04,3.5396344051e-04,3.5399417632e-04,3.5284579900e-04
2026-07-06,5.5988605474e-04,5.6128577217e-04,5.5975385674e-04,5.5975385674e-04,5.5980566590e-04,5.5883112215e-04
2026-07-07,7.3743880584e-04,7.2198969955e-04,7.3984449107e-04,7.3984449107e-04,7.3999290162e-04,7.4552244589e-04
2026-07-08,6.5311624479e-04,6.5202135650e-04,6.5255104119e-04,6.5255104119e-04,6.5264892578e-04,6.5580885931e-04
2026-07-09,7.7622665729e-04,7.8033434479e-04,7.7493084023e-04,7.7493084023e-04,7.7443202157e-04,7.7650523963e-04
2026-07-10,5.8022135526e-04,5.7563692373e-04,5.8187036872e-04,5.8187036872e-04,5.8193796683e-04,5.7979114831e-04
2026-07-11,2.7311430126e-04,2.7767494932e-04,2.7211588047e-04,2.7211588047e-04,2.7213139857e-04,2.7153339744e-04
2026-07-12,2.8047156263e-04,2.8458292331e-04,2.7923422533e-04,2.7923422533e-04,2.7925227612e-04,2.8005416307e-04
2026-07-13,4.1883913742e-04,4.2415525027e-04,4.1691343834e-04,4.1691343834e-04,4.1694721169e-04,4.1926634846e-04
2026-07-14,5.7809903384e-04,5.7092751609e-04,5.7872824447e-04,5.7872824447e-04,5.7881960282e-04,5.8329156136e-04
2026-07-15,6.2808695712e-04,5.9798046927e-04,6.3826498595e-04,6.3826498595e-04,6.3837370637e-04,6.2755063808e-04
2026-07-16,5.0230929491e-04,5.0282824955e-04,5.0108435153e-04,5.0108435153e-04,5.0077235440e-04,5.0577716753e-04
2026-07-17,4.2712498466e-04,4.2496577320e-04,4.2707242558e-04,4.2707242558e-04,4.2712719363e-04,4.2938710531e-04
2026-07-18,2.4463744869e-04,2.4386045187e-04,2.4438805826e-04,2.4438805826e-04,2.4442518101e-04,2.4612549407e-04
2026-07-19,2.1124638739e-04,2.1572200903e-04,2.1055396936e-04,2.1055396936e-04,2.1055386536e-04,2.0884812383e-04
2026-07-20,3.4848953795e-04,3.5124822730e-04,3.4755374596e-04,3.4755374596e-04,3.4758358896e-04,3.4850838157e-04
2026-07-21,5.5872727286e-04,5.4427457482e-04,5.6178774935e-04,5.6178774935e-04,5.6189944066e-04,5.6388685015e-04
2026-07-22,4.4950294045e-04,4.4695414516e-04,4.5116586856e-04,4.5116586856e-04,4.5121163738e-04,4.4701718258e-04
2026-07-23,4.1355399522e-04,4.1801942836e-04,4.1224561693e-04,4.1224561693e-04,4.1197177993e-04,4.1328753392e-04
2026-07-24,3.5314225786e-04,3.5445155799e-04,3.5294933328e-04,3.5294933328e-04,3.5298131597e-04,3.5237974876e-04
2026-07-25,2.2623155428e-04,2.2643906832e-04,2.2624360179e-04,2.2624360179e-04,2.2627022020e-04,2.2596127931e-04
2026-07-26,1.4963911247e-04,1.5299095691e-04,1.4886004003e-04,1.4886004003e-04,1.4886135597e-04,1.4862316942e-04
2026-07-27,3.1327654488e-04,3.0913059387e-04,3.1499039406e-04,3.1499039406e-04,3.1502018526e-04,3.1225115715e-04
2026-07-28,4.5879379274e-04,4.5029436474e-04,4.6087085834e-04,4.6087085834e-04,4.6094809755e-04,4.6098478470e-04
2026-07-29,4.1739021207e-04,4.1116036835e-04,4.1896909892e-04,4.1896909892e-04,4.1904662024e-04,4.1880587391e-04
2026-07-30,5.0575937812e-04,4.9970495875e-04,5.0748594985e-04,5.0748594985e-04,5.0718923132e-04,5.0693080084e-04
2026-07-31,3.6263581725e-04,3.6164252770e-04,3.6379216648e-04,3.6379216648e-04,3.6382403962e-04,3.6012818599e-04
2026-08-01,2.5953812326e-04,2.6126258631e-04,2.5978865623e-04,2.5978865623e-04,2.5980847096e-04,2.5704224656e-04
2026-08-02,1.8501338543e-04,1.9172039526e-04,1.8367209886e-04,1.8367209886e-04,1.8366761228e-04,1.8233472187e-04
2026-08-03,4.4235531345e-04,4.3682406363e-04,4.4524891490e-04,4.4524891490e-04,4.4529782774e-04,4.3915684609e-04
2026-08-04,3.7351198612e-04,3.7304685081e-04,3.7332584246e-04,3.7332584246e-04,3.7337852127e-04,3.7448287360e-04
2026-08-05,3.8295343564e-04,3.8006369094e-04,3.8432082584e-04,3.8432082584e-04,3.8437162608e-04,3.8169020949e-04
2026-08-06,3.8941017978e-04,3.8761135662e-04,3.9055607865e-04,3.9055607865e-04,3.9030438169e-04,3.8802300330e-04
2026-08-07,2.6131571242e-04,2.6434925222e-04,2.6074036319e-04,2.6074036319e-04,2.6075797452e-04,2.5999060895e-04
2026-08-08,1.5346865835e-04,1.5331809955e-04,1.5370908775e-04,1.5370908775e-04,1.5372478954e-04,1.5288222713e-04
2026-08-09,1.0252072213e-04,1.0783472068e-04,1.0131350211e-04,1.0131350211e-04,1.0130442673e-04,1.0083745904e-04
2026-08-10,2.1270137530e-04,2.1415029908e-04,2.1244828609e-04,2.1244828609e-04,2.1246301548e-04,2.1199698976e-04
2026-08-11,2.9855107412e-04,2.9138859049e-04,3.0015661813e-04,3.0015661813e-04,3.0021329710e-04,3.0084024674e-04
2026-08-12,2.4859557524e-04,2.4612961802e-04,2.4924334949e-04,2.4924334949e-04,2.4928113972e-04,2.4908041947e-04
2026-08-13,2.5960176815e-04,2.5701244138e-04,2.6025479882e-04,2.6025479882e-04,2.6009605042e-04,2.6039075129e-04
2026-08-14,2.4945669330e-04,2.4410077966e-04,2.5085530029e-04,2.5085530029e-04,2.5090084919e-04,2.5057123706e-04
2026-08-15,1.2445756552e-04,1.2536622164e-04,1.2430308957e-04,1.2430308957e-04,1.2431422542e-04,1.2400120139e-04
2026-08-16,9.8144992921e-05,1.0143453987e-04,9.7459348659e-05,9.7459348659e-05,9.7455963034e-05,9.6915764381e-05
2026-08-17,1.8687802447e-04,1.9001411596e-04,1.8635229143e-04,1.7531232916e-04,1.9640012125e-04,1.8631126456e-04
2026-08-18,3.0540113058e-04,2.9717489237e-04,3.2186161414e-04,2.9504456114e-04,3.0592754883e-04,3.0699703644e-04
2026-08-19,2.4326452177e-04,2.3676326912e-04,2.5003943504e-04,2.4806133533e-04,2.3961273553e-04,2.4184583384e-04
2026-08-20,8.4896185105e-04,8.4884223672e-04,9.3453615403e-04,7.1315736868e-04,8.5872935871e-04,8.8954413712e-04
2026-08-21,7.9299947845e-04,8.1253737870e-04,8.3013550751e-04,7.2044298598e-04,7.6847786557e-04,8.3340365452e-04
2026-08-22,7.5573721747e-04,7.8307562018e-04,7.9773030255e-04,6.6092866710e-04,7.3298005190e-04,8.0397144562e-04
2026-08-23,6.3424072815e-04,6.9088406437e-04,5.9359453481e-04,6.4138221953e-04,5.8022483107e-04,6.6511799098e-04
2026-08-24,9.5500513349e-04,1.0599923104e-03,8.6612539452e-04,9.7039619185e-04,8.7744078517e-04,1.0010709855e-03
2026-08-25,9.6636703353e-04,1.0664112958e-03,8.7317309109e-04,9.9842415716e-04,8.8191904451e-04,1.0119075791e-03
2026-08-26,9.9123377978e-04,1.0771479220e-03,8.9938125005e-04,1.0591536478e-03,8.9251158588e-04,1.0279744932e-03
2026-08-27,7.1495883960e-04,7.6560651526e-04,6.6166514358e-04,7.3418001972e-04,6.8096743101e-04,7.3237508843e-04
2026-08-28,6.2415391993e-04,6.4599184217e-04,6.0521747431e-04,6.2967588850e-04,6.0379044450e-04,6.3609395014e-04
2026-08-29,4.1117885241e-04,4.2578063828e-04,4.0348519904e-04,4.0807161250e-04,3.9998779510e-04,4.1856901711e-04
2026-08-30,2.6631130090e-04,2.8512428134e-04,2.5054472373e-04,2.4977337036e-04,2.7615477981e-04,2.6995934927e-04
2026-08-31,5.8243242816e-04,5.8038243990e-04,5.8280468088e-04,5.9627207617e-04,5.7161923105e-04,5.8108371278e-04
