date,MLP-QLIKE,MLP-QLIKE_seed0,MLP-QLIKE_seed1,MLP-QLIKE_seed2,MLP-QLIKE_seed3,MLP-QLIKE_seed4
2020-01-01,5.2506736401e-04,4.8651103201e-04,4.4746468914e-04,4.6957239419e-04,5.1320647530e-04,7.0858222943e-04
2020-01-02,4.5787654493e-04,4.2131861055e-04,4.5382416200e-04,4.4684692266e-04,4.3844362548e-04,5.2894940395e-04
2020-01-03,5.4443305722e-04,4.2671222582e-04,4.8434750996e-04,4.4701809829e-04,5.7410956583e-04,7.8997788622e-04
2020-01-04,1.1256658056e-03,1.1910497099e-03,1.1891304570e-03,1.2315871739e-03,1.1023026977e-03,9.1425898945e-04
2020-01-05,5.0289026464e-04,4.9778257892e-04,4.9222843961e-04,4.8086236791e-04,5.1494632989e-04,5.2863160686e-04
2020-01-06,8.3459545856e-04,8.7434343329e-04,8.7043220297e-04,8.5452331760e-04,9.0311547229e-04,6.7056286665e-04
2020-01-07,1.1057212126e-03,1.1987265495e-03,1.2290114046e-03,1.1425329241e-03,1.0451872681e-03,9.1314791674e-04
2020-01-08,1.6125877441e-03,1.4506771999e-03,1.6275880865e-03,1.6931959440e-03,1.7848750325e-03,1.5066024577e-03
2020-01-09,9.9391215501e-04,8.4954504165e-04,1.0553186854e-03,8.7548319671e-04,1.0980680931e-03,1.0911457582e-03
2020-01-10,9.3738799809e-04,8.7110931599e-04,9.6309131336e-04,9.0161958220e-04,9.2652783508e-04,1.0245919438e-03
2020-01-11,1.3947240487e-03,1.5483242464e-03,1.3593120733e-03,1.7018129408e-03,1.3411389314e-03,1.0230320516e-03
2020-01-12,1.0178964046e-03,9.8367834805e-04,1.0884922111e-03,9.8788839472e-04,1.1780202917e-03,8.5140277723e-04
2020-01-13,1.2040048665e-03,1.5258143022e-03,1.0487419133e-03,1.2258064692e-03,1.3170720851e-03,9.0258956282e-04
2020-01-14,9.2586515636e-04,8.9790262782e-04,8.2625366200e-04,9.8834432016e-04,9.9441386743e-04,9.2241130440e-04
2020-01-15,3.1336190970e-03,3.0974869748e-03,3.1983039101e-03,3.5472855862e-03,3.1706454121e-03,2.6543736016e-03
2020-01-16,9.2656785711e-04,8.1555117404e-04,1.0062333494e-03,7.9933303909e-04,1.0101255199e-03,1.0015962031e-03
2020-01-17,8.5596345699e-04,8.2720483591e-04,9.1266772353e-04,8.4136752062e-04,8.6682678378e-04,8.3175042109e-04
2020-01-18,8.7887036054e-04,9.5175730100e-04,8.6536889638e-04,9.6969104741e-04,9.0450802771e-04,7.0302653021e-04
2020-01-19,6.5582003884e-04,6.6563857764e-04,6.7464314955e-04,6.1267633075e-04,6.9242378387e-04,6.3371835238e-04
2020-01-20,1.3451776702e-03,1.3415558677e-03,1.2442164436e-03,1.0236584168e-03,1.5452761546e-03,1.5711814681e-03
2020-01-21,9.6362296559e-04,8.8780105184e-04,8.8832835878e-04,1.0107966991e-03,1.0182944658e-03,1.0128942524e-03
2020-01-22,9.2098810968e-04,8.4360294946e-04,8.5786432009e-04,9.3261852248e-04,9.3059981624e-04,1.0402549401e-03
2020-01-23,7.7677428839e-04,7.9748500270e-04,6.6286750198e-04,9.1898226630e-04,7.1603941139e-04,7.8849725959e-04
2020-01-24,1.0716039499e-03,8.2285016496e-04,1.0611883644e-03,1.3233960107e-03,9.5941499243e-04,1.1911702172e-03
2020-01-25,5.7437449402e-04,6.7996372112e-04,5.1906972293e-04,6.3938483603e-04,4.8697935631e-04,5.4647483372e-04
2020-01-26,6.1822081635e-04,9.0220766975e-04,5.3114180562e-04,6.0076206182e-04,4.7338539563e-04,5.8360714892e-04
2020-01-27,8.3068602259e-04,7.5122408014e-04,8.7069734678e-04,8.5862436533e-04,9.3433359082e-04,7.3855072989e-04
2020-01-28,9.8479610577e-04,9.4369891712e-04,9.8103451265e-04,1.0249811627e-03,1.0194536694e-03,9.5481226700e-04
2020-01-29,1.5575808245e-03,1.3123396288e-03,1.4478751439e-03,1.6028591843e-03,1.8024844616e-03,1.6223457040e-03
2020-01-30,8.8402252667e-04,9.0538615188e-04,7.9088626058e-04,1.0936574337e-03,8.0913268816e-04,8.2105009908e-04
2020-01-31,8.4278761555e-04,7.6915459914e-04,8.8537546074e-04,8.9896759330e-04,8.6479024935e-04,7.9565017522e-04
2020-02-01,6.2213927034e-04,7.4020222445e-04,5.3118331630e-04,7.4830650478e-04,5.0135510535e-04,5.8964920080e-04
2020-02-02,6.0013417261e-04,8.7889486916e-04,5.3022323201e-04,5.5606322627e-04,4.8276535746e-04,5.5272417816e-04
2020-02-03,7.6458709570e-04,7.3167350800e-04,7.8620971492e-04,7.7814937808e-04,8.1870402650e-04,7.0819885101e-04
2020-02-04,9.2142486994e-04,9.0587606758e-04,9.0477891851e-04,9.4386047170e-04,9.5476889223e-04,8.9783999970e-04
2020-02-05,7.6333434703e-04,8.3725183809e-04,6.2503321486e-04,8.2730528789e-04,6.6176610979e-04,8.6531528456e-04
2020-02-06,8.4602219870e-04,7.6230181984e-04,8.1933923933e-04,1.0796748766e-03,7.4089512135e-04,8.2789993642e-04
2020-02-07,7.5744894166e-04,6.6383950202e-04,8.0786395652e-04,7.6659457123e-04,7.9625900605e-04,7.5268767249e-04
2020-02-08,5.2795849512e-04,6.5905185728e-04,4.7340414279e-04,5.7983027356e-04,4.5764033465e-04,4.6986586735e-04
2020-02-09,5.6658800851e-04,8.3602433530e-04,5.0527651976e-04,5.1064541531e-04,4.6474932856e-04,5.1624444361e-04
2020-02-10,7.7997637972e-04,7.0732988343e-04,8.1436247366e-04,7.7208709415e-04,9.2422411739e-04,6.8187832995e-04
2020-02-11,1.2289679774e-03,1.1604866075e-03,1.1635420754e-03,1.2276231549e-03,1.4254525594e-03,1.1677354899e-03
2020-02-12,1.0228400533e-03,9.4220719766e-04,9.6218569263e-04,1.0212049195e-03,1.1535710348e-03,1.0350314217e-03
2020-02-13,7.9072408196e-04,7.8881848264e-04,7.3453329430e-04,9.7944749828e-04,7.1667183801e-04,7.3414929655e-04
2020-02-14,9.7603053682e-04,7.6125261958e-04,1.1920054908e-03,9.6689485646e-04,1.0419881394e-03,9.1801157786e-04
2020-02-15,5.7156846215e-04,5.8613747775e-04,5.6345061819e-04,6.0396241674e-04,6.0816808526e-04,4.9612371280e-04
2020-02-16,1.0753083415e-03,1.1315523172e-03,9.4429075569e-04,1.2259353128e-03,1.1568938014e-03,9.1786952031e-04
2020-02-17,9.4945840051e-04,9.4677065146e-04,9.1755632012e-04,9.1172147543e-04,1.1283955232e-03,8.4284803231e-04
2020-02-18,1.2358660247e-03,1.1160036409e-03,1.1530662386e-03,1.2841550246e-03,1.4806210587e-03,1.1454841608e-03
2020-02-19,1.3267562163e-03,1.1495036379e-03,1.2370828383e-03,1.3050717683e-03,1.5742933585e-03,1.3678294787e-03
2020-02-20,2.4190107074e-03,2.6492626377e-03,2.3476750888e-03,2.7600363768e-03,2.2877608293e-03,2.0503186043e-03
2020-02-21,1.0318104329e-03,9.2404635789e-04,1.2799471293e-03,1.0703899341e-03,1.0001010117e-03,8.8456773158e-04
2020-02-22,6.7374941702e-04,6.8746926606e-04,6.3825380344e-04,7.2135303581e-04,7.2315660332e-04,5.9851437650e-04
2020-02-23,6.0776588634e-04,7.7137420394e-04,5.7964574033e-04,5.5478995695e-04,5.4709993456e-04,5.8591959591e-04
2020-02-24,1.0704353624e-03,1.0136643811e-03,1.0455506817e-03,1.0873359844e-03,1.2709729866e-03,9.3465277802e-04
2020-02-25,1.1878677611e-03,1.0620544190e-03,1.1478256623e-03,1.2079494932e-03,1.3525458428e-03,1.1689633881e-03
2020-02-26,1.0145628510e-03,1.0507406428e-03,9.3620031604e-04,1.0903136355e-03,9.5084184202e-04,1.0447178185e-03
2020-02-27,1.6145234583e-03,1.7691618231e-03,1.6290629150e-03,1.9251783847e-03,1.1660329114e-03,1.5831812574e-03
2020-02-28,1.0354158371e-03,8.8910205421e-04,1.2607912879e-03,1.0650007211e-03,1.0268374469e-03,9.3534767544e-04
2020-02-29,8.6167102537e-04,8.3658532042e-04,7.9975495269e-04,1.0596064396e-03,7.9505375694e-04,8.1735465721e-04
2020-03-01,8.4823893689e-04,9.4589015561e-04,8.0095309762e-04,8.7296447825e-04,8.4366920828e-04,7.7771774468e-04
2020-03-02,1.0947241604e-03,1.0646829890e-03,1.1310580153e-03,1.1101502733e-03,1.1149198688e-03,1.0528096555e-03
2020-03-03,1.1482499053e-03,1.1382683885e-03,1.1332214013e-03,1.2648662997e-03,1.1456601521e-03,1.0592332850e-03
2020-03-04,1.1594542174e-03,1.1457873327e-03,1.0868888950e-03,1.4290494036e-03,1.0732806316e-03,1.0622648241e-03
2020-03-05,7.5504737651e-04,7.4130391838e-04,7.1027547406e-04,8.3103149108e-04,7.4073043287e-04,7.5189556617e-04
2020-03-06,8.2803024131e-04,8.0756651142e-04,8.1635464492e-04,8.8602373639e-04,8.3841060042e-04,7.9179571339e-04
2020-03-07,4.2334110577e-04,4.8142156377e-04,3.9607340857e-04,3.9303456267e-04,4.1776305773e-04,4.2841293610e-04
2020-03-08,6.3766328826e-04,8.1263672199e-04,5.7612817379e-04,5.4346833732e-04,6.3266679420e-04,6.2341641401e-04
2020-03-09,1.8808899310e-03,2.5585390585e-03,1.9397216977e-03,1.7061749890e-03,6.9044259095e-04,2.5095713187e-03
2020-03-10,1.3513354615e-03,1.4071975014e-03,1.2139479818e-03,1.5762418728e-03,1.3224966385e-03,1.2367933131e-03
2020-03-11,1.4641341157e-03,1.3274376399e-03,1.4718818258e-03,1.8803678875e-03,1.3329056530e-03,1.3080775724e-03
2020-03-12,1.2296954387e-03,1.1296631753e-03,1.3896744815e-03,1.2867503752e-03,1.0862702099e-03,1.2561189516e-03
2020-03-13,2.8596955086e-01,9.0997794146e-02,8.9287833301e-02,3.8764735806e-01,5.0536653302e-02,8.1137811549e-01
2020-03-14,3.1615708935e-02,3.0178963445e-02,2.0672776696e-02,2.0910112555e-02,4.0265109668e-02,4.6051582311e-02
2020-03-15,1.2209824730e-02,1.3080941746e-02,1.0667277832e-02,1.0129579221e-02,1.7664790713e-02,9.5065341407e-03
2020-03-16,8.4296991285e-03,1.0910686360e-02,8.3628464431e-03,5.5989341810e-03,9.0414907322e-03,8.2345379264e-03
2020-03-17,1.3693892561e-02,1.7910563270e-02,1.1744433135e-02,9.0570198833e-03,1.7625036296e-02,1.2132410222e-02
2020-03-18,1.0324993886e-02,1.3226111293e-02,1.0005155804e-02,6.7069596464e-03,9.6236269572e-03,1.2063115728e-02
2020-03-19,6.7704285818e-03,7.9266352271e-03,5.8859243402e-03,5.9202752132e-03,8.0730999692e-03,6.0462081590e-03
2020-03-20,9.4006665646e-03,1.3788915807e-02,6.6404970697e-03,6.8987450410e-03,9.1624358228e-03,1.0512739082e-02
2020-03-21,5.3999456811e-03,5.4146529075e-03,5.4740373359e-03,4.5445161149e-03,5.9121858126e-03,5.6543362344e-03
2020-03-22,5.0082868756e-03,5.8078599359e-03,4.5120955553e-03,4.8445353912e-03,5.1596103730e-03,4.7173331225e-03
2020-03-23,5.7749728833e-03,6.4599934783e-03,6.9104599487e-03,4.5561618061e-03,6.0312677508e-03,4.9169814327e-03
2020-03-24,7.1056786536e-03,9.0994172595e-03,6.7813776746e-03,5.3305986358e-03,7.6906005363e-03,6.6263991616e-03
2020-03-25,6.2889191295e-03,6.5899142360e-03,6.6591547999e-03,4.8948508752e-03,6.0060228145e-03,7.2946529220e-03
2020-03-26,5.2099638963e-03,5.7474857231e-03,4.4408620996e-03,4.6584498351e-03,6.9824554186e-03,4.2205664052e-03
2020-03-27,3.0452224331e-03,3.8543078916e-03,2.7086537299e-03,2.9354534705e-03,2.9932646068e-03,2.7344324669e-03
2020-03-28,2.9550113172e-03,2.3513424694e-03,2.9520040254e-03,2.8366618940e-03,3.5441219954e-03,3.0909262017e-03
2020-03-29,3.2711701952e-03,3.8746870078e-03,3.6541539727e-03,3.4060265858e-03,3.3754412505e-03,2.0455421590e-03
2020-03-30,3.3108968255e-03,2.6274355646e-03,4.7516647308e-03,2.8547004193e-03,3.4217691968e-03,2.8989142161e-03
2020-03-31,3.4333295850e-03,3.4888053961e-03,4.1544588632e-03,2.8205029292e-03,3.4503402151e-03,3.2525405215e-03
2020-04-01,2.8159538698e-03,2.2560399447e-03,2.9873627132e-03,2.7962713965e-03,3.3582238722e-03,2.6818714225e-03
2020-04-02,2.8310011353e-03,2.6324550633e-03,3.4098253889e-03,2.5279221320e-03,2.9003770673e-03,2.6844260252e-03
2020-04-03,3.3946431100e-03,3.4151237095e-03,3.8208029365e-03,3.1530557548e-03,3.5368936993e-03,3.0473394501e-03
2020-04-04,2.0927580419e-03,1.5855667684e-03,2.2244582348e-03,1.9087421297e-03,2.7063355197e-03,2.0386875571e-03
2020-04-05,2.0142410442e-03,2.2919228190e-03,2.2115377672e-03,2.2412079590e-03,1.7899197564e-03,1.5366169193e-03
2020-04-06,1.8166699247e-03,1.2207365694e-03,2.2814430992e-03,1.8076540885e-03,1.8920509094e-03,1.8814649568e-03
2020-04-07,2.4452346315e-03,2.4030365689e-03,2.7758218538e-03,2.1797838838e-03,2.4906812239e-03,2.3768496270e-03
2020-04-08,2.3406869098e-03,2.1133818210e-03,2.3694170573e-03,2.6676036548e-03,2.4031487828e-03,2.1498832332e-03
2020-04-09,1.6082393662e-03,1.3087758928e-03,1.6326991409e-03,1.6126798181e-03,1.7661402670e-03,1.7209017124e-03
2020-04-10,1.3821456573e-03,1.1762235273e-03,1.3431683867e-03,1.5592148126e-03,1.3567153622e-03,1.4754061979e-03
2020-04-11,1.7264325740e-03,1.4413036806e-03,1.4178261507e-03,2.2446088137e-03,2.0090264514e-03,1.5193977734e-03
2020-04-12,1.0387605485e-03,1.2323546962e-03,9.7446454708e-04,1.0539185680e-03,9.0533223302e-04,1.0277326980e-03
2020-04-13,1.2597638609e-03,9.3307720916e-04,1.5266731794e-03,1.2364786854e-03,1.2631897131e-03,1.3394005177e-03
2020-04-14,1.8310023071e-03,1.8734605567e-03,1.7015257841e-03,1.9076134276e-03,1.8993519786e-03,1.7730597884e-03
2020-04-15,1.5459137866e-03,1.4512446353e-03,1.4089600796e-03,1.7378898754e-03,1.5332115651e-03,1.5982627774e-03
2020-04-16,1.4370700508e-03,1.3768846277e-03,1.1929619224e-03,1.6031701333e-03,1.3485432848e-03,1.6637902858e-03
2020-04-17,1.8725857589e-03,1.8874977634e-03,2.2104879879e-03,1.7290362984e-03,1.6762950197e-03,1.8596117251e-03
2020-04-18,9.2916735218e-04,9.0429430429e-04,7.7544408943e-04,9.0209108355e-04,1.0839226994e-03,9.8008458424e-04
2020-04-19,8.8201894320e-04,1.1346501618e-03,7.4088775094e-04,7.9204436254e-04,7.9914138751e-04,9.4337105325e-04
2020-04-20,1.0427098618e-03,9.6793997801e-04,1.0391982083e-03,1.0547353216e-03,9.4418513212e-04,1.2074906690e-03
2020-04-21,1.7905093855e-03,1.5939497922e-03,1.7080232502e-03,1.8310147864e-03,1.8692008027e-03,1.9503582962e-03
2020-04-22,1.0767302960e-03,7.7130839082e-04,9.4325154126e-04,1.2025661463e-03,1.1675885952e-03,1.2989368065e-03
2020-04-23,9.2528393857e-04,7.9054657833e-04,7.5358491911e-04,9.5874983831e-04,1.0104317838e-03,1.1131065732e-03
2020-04-24,1.3098698542e-03,1.1974498191e-03,1.4781811756e-03,1.2866708198e-03,1.2476574075e-03,1.3393900489e-03
2020-04-25,7.1263605110e-04,4.7837387307e-04,6.2757934855e-04,6.8519875968e-04,9.3655927749e-04,8.3546899670e-04
2020-04-26,6.6017819465e-04,5.7122210349e-04,6.1969036555e-04,6.5422733739e-04,6.0226103967e-04,8.5349012713e-04
2020-04-27,9.1459779349e-04,9.2043542896e-04,9.0607702397e-04,8.8334131680e-04,8.7953227985e-04,9.8360291785e-04
2020-04-28,9.5837934817e-04,8.5821271747e-04,9.1733095581e-04,9.4638562856e-04,8.9506004148e-04,1.1749073975e-03
2020-04-29,7.3863235710e-04,5.8674155033e-04,6.1872663496e-04,7.2138723864e-04,7.0424748121e-04,1.0620588804e-03
2020-04-30,2.5753461255e-03,2.7419303501e-03,2.8260902012e-03,2.5257539908e-03,2.1880855501e-03,2.5948705351e-03
2020-05-01,2.0014145587e-03,1.7396723692e-03,2.5009807791e-03,1.8729425067e-03,2.0638488386e-03,1.8296283000e-03
2020-05-02,1.1828146489e-03,1.2297772965e-03,1.0497426992e-03,1.0923031750e-03,1.2930758921e-03,1.2491741815e-03
2020-05-03,1.0173529948e-03,9.6536420835e-04,9.9173570244e-04,1.0012400099e-03,1.0563369630e-03,1.0720880905e-03
2020-05-04,1.5272065228e-03,1.5214269690e-03,1.6893299691e-03,1.3946952382e-03,1.4643966554e-03,1.5661837821e-03
2020-05-05,1.3902190690e-03,1.1739920043e-03,1.2754224740e-03,1.4473965890e-03,1.4945782728e-03,1.5597060049e-03
2020-05-06,1.5639829125e-03,1.2806577050e-03,1.4800007184e-03,1.7566444096e-03,1.6072702066e-03,1.6953415230e-03
2020-05-07,1.3102299395e-03,1.0892967791e-03,1.2668544669e-03,1.3462128691e-03,1.4507165683e-03,1.3980690141e-03
2020-05-08,1.7755541988e-03,2.1997129852e-03,1.9426780565e-03,1.5869574847e-03,1.4826454560e-03,1.6657770117e-03
2020-05-09,9.4675242927e-04,7.2933077988e-04,8.2406309536e-04,1.0279826715e-03,1.1240034049e-03,1.0283821948e-03
2020-05-10,1.0600112107e-03,9.3381843745e-04,1.0165462224e-03,1.1838130950e-03,1.1008924990e-03,1.0649857994e-03
2020-05-11,4.4868577361e-03,4.3409149627e-03,5.4704412157e-03,3.4306368232e-03,5.4276113948e-03,3.7646842837e-03
2020-05-12,3.0315590254e-03,3.5792026476e-03,3.0249545334e-03,2.7856240573e-03,3.0069580500e-03,2.7610558386e-03
2020-05-13,2.5484808074e-03,2.3694893132e-03,2.9635005539e-03,2.5576003794e-03,2.3715289078e-03,2.4802848826e-03
2020-05-14,2.1678155498e-03,1.8151504727e-03,2.7146128464e-03,1.7940307784e-03,2.0925613860e-03,2.4227222657e-03
2020-05-15,2.3967091547e-03,2.7712384012e-03,2.9985147009e-03,1.9876851086e-03,2.0498759376e-03,2.1762316252e-03
2020-05-16,1.9398991044e-03,1.9226464026e-03,1.6157570865e-03,2.3961776705e-03,2.2111574739e-03,1.5537568886e-03
2020-05-17,1.3410275357e-03,1.5161569805e-03,1.3766098454e-03,1.3789198651e-03,1.2119630975e-03,1.2214878902e-03
2020-05-18,1.4092524630e-03,1.0845804795e-03,1.6670609355e-03,1.4021671219e-03,1.3895505534e-03,1.5029032249e-03
2020-05-19,1.6310765573e-03,1.7637952916e-03,1.5594131237e-03,1.5284192751e-03,1.6018154481e-03,1.7019396482e-03
2020-05-20,1.7769782910e-03,1.6647436782e-03,1.7519250308e-03,2.0423242709e-03,1.6830313974e-03,1.7428670775e-03
2020-05-21,1.6009384862e-03,1.4727368545e-03,1.4156043983e-03,1.7659777382e-03,1.6322333024e-03,1.7181401376e-03
2020-05-22,1.9112699840e-03,1.7646765701e-03,1.7600028627e-03,2.0718551580e-03,1.8041030146e-03,2.1557123145e-03
2020-05-23,1.0488777571e-03,1.0334385702e-03,9.1436187632e-04,9.2572715066e-04,1.2243988361e-03,1.1464623524e-03
2020-05-24,9.6855462521e-04,1.2340121844e-03,8.3547121389e-04,9.0909799250e-04,8.5487189874e-04,1.0093198365e-03
2020-05-25,1.6730153981e-03,1.5567573555e-03,1.9133793495e-03,1.6370851986e-03,1.4168233827e-03,1.8410317044e-03
2020-05-26,1.3953542800e-03,1.4982309135e-03,1.3046411792e-03,1.3196553934e-03,1.3501489533e-03,1.5040949607e-03
2020-05-27,1.3106379787e-03,1.3861607376e-03,1.1070655683e-03,1.4211447082e-03,1.2518066673e-03,1.3870122121e-03
2020-05-28,1.2770572538e-03,1.0450668798e-03,1.1357542933e-03,1.3410615543e-03,1.4621049561e-03,1.4012985857e-03
2020-05-29,1.1175818756e-03,1.1553191235e-03,9.5921124947e-04,1.1667476692e-03,1.1253013442e-03,1.1813299917e-03
2020-05-30,9.1950889399e-04,9.2564874414e-04,7.2913517481e-04,8.2205880951e-04,1.0986928590e-03,1.0220088825e-03
2020-05-31,1.0540808762e-03,1.2549720256e-03,9.4766528029e-04,1.0798205613e-03,9.0276576404e-04,1.0851807499e-03
2020-06-01,1.1448181991e-03,1.0459377574e-03,1.2140096260e-03,1.1162856679e-03,9.7864614192e-04,1.3692118023e-03
2020-06-02,1.5730895877e-03,1.6547654274e-03,1.5191382787e-03,1.6394973219e-03,1.3964979771e-03,1.6555489332e-03
2020-06-03,2.9381935844e-03,2.8243768460e-03,3.1167384645e-03,3.5057160246e-03,2.6362377043e-03,2.6078988828e-03
2020-06-04,1.1206258810e-03,1.0263252467e-03,9.4032004978e-04,1.0659124755e-03,1.2870135972e-03,1.2835580359e-03
2020-06-05,1.1307380528e-03,1.1307974537e-03,1.1402108727e-03,1.0893138769e-03,1.1254258811e-03,1.1679421797e-03
2020-06-06,9.1508258831e-04,9.8131011240e-04,7.0536855006e-04,8.4811104499e-04,1.0775494716e-03,9.6307376253e-04
2020-06-07,8.3690847646e-04,1.1754593117e-03,6.3996331951e-04,6.5965623558e-04,7.7034530024e-04,9.3911821523e-04
2020-06-08,8.3603317202e-04,8.2234319393e-04,8.0689745751e-04,7.8180130666e-04,7.7931589685e-04,9.8980800517e-04
2020-06-09,8.5393998173e-04,9.7073034170e-04,7.3560062222e-04,7.3409452134e-04,6.8441210711e-04,1.1448623163e-03
2020-06-10,1.0390534851e-03,1.1086521340e-03,8.1815905152e-04,1.0036753681e-03,1.0230998912e-03,1.2416809806e-03
2020-06-11,9.2592731931e-04,9.4564190934e-04,6.6514839303e-04,9.4448305694e-04,9.8896834426e-04,1.0853948930e-03
2020-06-12,1.7346928436e-03,1.4604071247e-03,1.6195437333e-03,1.7671529092e-03,1.6738300233e-03,2.1525304273e-03
2020-06-13,7.9875000697e-04,8.9590538641e-04,6.1314550123e-04,6.1316472835e-04,9.9511701777e-04,8.7641740108e-04
2020-06-14,7.3433434600e-04,1.0989625803e-03,5.2538686270e-04,5.5415725423e-04,6.2197308856e-04,8.7119194419e-04
2020-06-15,8.6927382184e-04,9.0335106244e-04,7.9948271437e-04,8.1737015398e-04,7.7033156253e-04,1.0558336159e-03
2020-06-16,1.0892773027e-03,1.2053137444e-03,9.7058735187e-04,1.0681469230e-03,9.5840794893e-04,1.2439305451e-03
2020-06-17,9.8085101029e-04,1.0774792853e-03,7.7886770884e-04,9.0079908863e-04,9.3392808994e-04,1.2131808787e-03
2020-06-18,8.0999459484e-04,9.1442443278e-04,5.3927534170e-04,7.5465011438e-04,8.0665005558e-04,1.0349730298e-03
2020-06-19,7.6729859773e-04,8.2941052380e-04,5.2654252082e-04,6.7050664600e-04,7.9232382201e-04,1.0177094760e-03
2020-06-20,7.0006183886e-04,8.5748943738e-04,4.9034689723e-04,5.1914660441e-04,8.2763927657e-04,8.0568697870e-04
2020-06-21,6.0839054080e-04,9.8789231007e-04,3.8361216497e-04,4.2706150797e-04,4.7644041955e-04,7.6694630145e-04
2020-06-22,5.7689109634e-04,6.6031881532e-04,4.5760930816e-04,5.3319437794e-04,4.7094613114e-04,7.6238684913e-04
2020-06-23,7.4054800559e-04,8.9553535171e-04,6.3349680824e-04,5.9122165934e-04,5.6635507244e-04,1.0161311362e-03
2020-06-24,6.9239337991e-04,9.3911412197e-04,4.4295908917e-04,4.8239280298e-04,5.9626237638e-04,1.0012385090e-03
2020-06-25,6.2247277119e-04,8.9929937507e-04,5.3525218648e-04,4.8646784015e-04,5.7651575470e-04,6.1482869954e-04
2020-06-26,5.8235336009e-04,5.2009181206e-04,5.5723127262e-04,4.9828803518e-04,6.2478040410e-04,7.1137527646e-04
2020-06-27,4.0832264210e-04,6.4997913267e-04,3.6394762172e-04,3.3280928507e-04,3.4467480064e-04,3.5020237040e-04
2020-06-28,6.1257664017e-04,8.4383499380e-04,5.4321438082e-04,4.9729307670e-04,6.3915744659e-04,5.3938330296e-04
2020-06-29,8.2022368196e-04,6.3829621418e-04,8.4323407386e-04,9.0489078065e-04,9.2007865582e-04,7.9461868529e-04
2020-06-30,8.4495338075e-04,6.6329209174e-04,9.1761335286e-04,1.0264698334e-03,8.4537881827e-04,7.7201280743e-04
2020-07-01,5.0653947148e-04,6.1520184916e-04,4.6021138879e-04,4.8855409629e-04,4.8255450632e-04,4.8617551685e-04
2020-07-02,5.2484794234e-04,6.6916947634e-04,5.0928834370e-04,4.5073700731e-04,4.8629736002e-04,5.0874752435e-04
2020-07-03,5.6141094487e-04,4.9932284795e-04,5.6250648322e-04,4.7915787561e-04,5.9870258187e-04,6.6736493572e-04
2020-07-04,2.3760460469e-04,4.5347510858e-04,1.6259705560e-04,1.8358723092e-04,1.7792431662e-04,2.1043931172e-04
2020-07-05,2.9378904593e-04,5.9979510714e-04,1.9610936276e-04,1.9538754252e-04,2.3573005416e-04,2.4192316310e-04
2020-07-06,5.8961569676e-04,5.0546921071e-04,7.3517432272e-04,5.4218489213e-04,5.8642570125e-04,5.7882435697e-04
2020-07-07,7.6593839687e-04,5.7910436933e-04,1.0133272779e-03,8.5595939640e-04,7.0006320598e-04,6.8123773475e-04
2020-07-08,3.7255532984e-04,5.2583971618e-04,3.0909045915e-04,3.0499228818e-04,3.3914603631e-04,3.8370814937e-04
2020-07-09,4.6373008851e-04,6.2013929303e-04,4.5277636474e-04,3.8050417139e-04,4.2291823301e-04,4.4231238040e-04
2020-07-10,5.4130089481e-04,4.5246924716e-04,5.8761235221e-04,4.9154359886e-04,5.7665265817e-04,5.9822661766e-04
2020-07-11,2.4022520597e-04,4.6418301651e-04,1.6044697756e-04,1.8796264019e-04,1.7474209663e-04,2.1379129898e-04
2020-07-12,2.5840468987e-04,5.7114880705e-04,1.6001745425e-04,1.5259164236e-04,2.0055405440e-04,2.0771149128e-04
2020-07-13,5.7308880128e-04,4.6151259697e-04,6.9067095949e-04,5.5896225211e-04,6.0874567514e-04,5.4555252271e-04
2020-07-14,6.3123827868e-04,5.0225001394e-04,7.3432361476e-04,7.7141551469e-04,5.7692547260e-04,5.7127677738e-04
2020-07-15,3.3866850872e-04,4.8641808975e-04,2.5571660805e-04,2.7483107498e-04,3.1952580644e-04,3.5685096435e-04
2020-07-16,3.5221637628e-04,5.2063326948e-04,3.2781162443e-04,2.5291135846e-04,3.0487818701e-04,3.5484744201e-04
2020-07-17,3.8252056482e-04,3.6571345438e-04,3.6598535436e-04,3.1424167089e-04,4.1370201193e-04,4.5296033255e-04
2020-07-18,2.4965393041e-04,3.1263995686e-04,3.8539121174e-04,2.1132545035e-04,1.6752123647e-04,1.7139179664e-04
2020-07-19,2.4038163890e-04,4.2105429753e-04,2.6716143703e-04,1.6560472317e-04,1.8214448509e-04,1.6594325170e-04
2020-07-20,2.8128876333e-04,3.0706716540e-04,2.5055969101e-04,2.6514887078e-04,2.5531980221e-04,3.2834828723e-04
2020-07-21,3.0045219195e-04,3.3942191831e-04,2.5255275737e-04,2.4393793677e-04,2.8131533080e-04,3.8503301653e-04
2020-07-22,3.3146729673e-04,4.0669658797e-04,3.3451463586e-04,2.5066152819e-04,3.2387328319e-04,3.4159044846e-04
2020-07-23,3.8567362434e-04,4.8635240638e-04,4.0082242103e-04,3.3738695760e-04,3.5278066710e-04,3.5102566959e-04
2020-07-24,3.3935379956e-04,3.2358968455e-04,3.3360072126e-04,2.5871420345e-04,3.7560812974e-04,4.0525625882e-04
2020-07-25,2.9427954374e-04,3.8340645202e-04,4.4932233752e-04,2.3898064004e-04,2.0062911615e-04,1.9905917298e-04
2020-07-26,3.3020573368e-04,4.9007137731e-04,3.5862435938e-04,2.3076289715e-04,3.1068214089e-04,2.6088789365e-04
2020-07-27,6.3956492819e-04,6.3990900843e-04,4.8488209173e-04,5.4947853244e-04,8.5739076923e-04,6.6616423911e-04
2020-07-28,1.6957138558e-03,1.5937669625e-03,1.3236194126e-03,1.9182412387e-03,1.8143737761e-03,1.8285678892e-03
2020-07-29,1.4529402767e-03,1.2935972043e-03,1.2392045710e-03,1.7481550200e-03,1.6075252490e-03,1.3762193393e-03
2020-07-30,1.7895566721e-03,1.5904360699e-03,1.7677843693e-03,1.6044187618e-03,1.7700590980e-03,2.2150850615e-03
2020-07-31,8.9566053628e-04,8.1481186638e-04,9.8809625377e-04,8.5314085056e-04,9.0770337258e-04,9.1455033813e-04
2020-08-01,7.7802863587e-04,7.7684841267e-04,8.2076172836e-04,7.4283140587e-04,7.9232422586e-04,7.5737740660e-04
2020-08-02,1.0097334507e-03,1.0098499985e-03,8.8947874149e-04,9.3918720477e-04,1.0645277463e-03,1.1456235623e-03
2020-08-03,2.3659277039e-03,2.4812622941e-03,2.4375650290e-03,2.2056362925e-03,2.4744613736e-03,2.2307135303e-03
2020-08-04,1.1240974258e-03,1.1752293626e-03,9.5357825638e-04,1.1424913619e-03,1.2554937519e-03,1.0936943964e-03
2020-08-05,1.1258511237e-03,1.0522473366e-03,1.0792565706e-03,1.2502243614e-03,1.1534025786e-03,1.0941247711e-03
2020-08-06,1.9513666883e-03,1.6448598237e-03,1.8965810161e-03,1.6451208233e-03,1.8873234036e-03,2.6829483747e-03
2020-08-07,9.2457330876e-04,8.3991816627e-04,1.0103826917e-03,9.9136143410e-04,8.6745565776e-04,9.1374859391e-04
2020-08-08,4.4123377683e-04,4.4448960105e-04,4.7393039063e-04,4.1392616070e-04,4.3889173877e-04,4.3493099298e-04
2020-08-09,6.2779607609e-04,6.2810014878e-04,6.5133169626e-04,6.1841289268e-04,6.0384860246e-04,6.3728704028e-04
2020-08-10,6.9996151029e-04,6.6810452597e-04,7.3367588414e-04,6.3148840285e-04,7.2396221891e-04,7.4257651957e-04
2020-08-11,9.8902766148e-04,1.0739200063e-03,9.2920676574e-04,1.1048774173e-03,9.3671297036e-04,9.0042114767e-04
2020-08-12,1.7730791265e-03,1.8293361501e-03,1.7894089507e-03,1.7587350460e-03,1.7698666073e-03,1.7180488783e-03
2020-08-13,1.4757685165e-03,1.4847765062e-03,1.4499281256e-03,1.4262140061e-03,1.4977979793e-03,1.5201259654e-03
2020-08-14,8.8425534792e-04,9.7514280500e-04,8.8591734372e-04,8.6472675344e-04,8.4525315855e-04,8.5023667888e-04
2020-08-15,5.4063437530e-04,5.7675503921e-04,5.0696508986e-04,5.2284428353e-04,5.7005173747e-04,5.2655572643e-04
2020-08-16,7.4148106609e-04,7.6974890253e-04,7.5703331869e-04,7.3204873926e-04,6.8813579925e-04,7.6043857071e-04
2020-08-17,6.5332025488e-04,5.6555302210e-04,7.0524600930e-04,6.3688799364e-04,6.5300752046e-04,7.0590672888e-04
2020-08-18,8.9863214780e-04,9.6505494534e-04,9.0791438442e-04,9.2026953252e-04,8.6738631043e-04,8.3253556627e-04
2020-08-19,1.2086716717e-03,1.2383469091e-03,1.1230359852e-03,1.2039783420e-03,1.2082612694e-03,1.2697358527e-03
2020-08-20,1.2425658080e-03,1.2457635733e-03,1.1597201810e-03,1.2226214985e-03,1.2624388073e-03,1.3222849802e-03
2020-08-21,8.1194726667e-04,9.2363697193e-04,7.5330640740e-04,8.8392072343e-04,7.6744202492e-04,7.3143020568e-04
2020-08-22,4.2470534549e-04,3.9352424678e-04,4.2449129945e-04,4.3192706714e-04,4.3562013422e-04,4.3796397987e-04
2020-08-23,5.0044946078e-04,4.7319634392e-04,5.3307083543e-04,4.8657734779e-04,4.8957090896e-04,5.1983186780e-04
2020-08-24,6.1462020701e-04,5.1548187949e-04,6.9241513591e-04,6.1131427480e-04,5.9182277628e-04,6.6206696858e-04
2020-08-25,5.8590553434e-04,4.5592094079e-04,5.8173783820e-04,6.2859670717e-04,5.8101698769e-04,6.8225519786e-04
2020-08-26,9.0987344718e-04,9.5132390030e-04,7.9016217160e-04,7.6736760050e-04,9.6209435556e-04,1.0784192079e-03
2020-08-27,5.9576075580e-04,5.7977270032e-04,6.1396778721e-04,6.0178321108e-04,6.1110829418e-04,5.7217178622e-04
2020-08-28,6.4811975790e-04,5.7099451986e-04,6.7439132865e-04,6.0611510706e-04,6.7346498098e-04,7.1563285294e-04
2020-08-29,3.3729330306e-04,3.3440915173e-04,3.1288480532e-04,3.4442784476e-04,3.3977663043e-04,3.5496808308e-04
2020-08-30,3.4430610165e-04,3.5060628766e-04,3.3330747727e-04,3.3007155280e-04,3.4452746471e-04,3.6301772581e-04
2020-08-31,7.0779617045e-04,7.1233525266e-04,6.7961480775e-04,6.9027341464e-04,7.5013709761e-04,7.0662027958e-04
2020-09-01,6.6991978170e-04,6.2309296131e-04,6.4808400472e-04,7.0632991699e-04,6.4723702927e-04,7.2485499620e-04
2020-09-02,5.9283946669e-04,6.2345289524e-04,5.5354800588e-04,6.3032349467e-04,5.5813134582e-04,5.9874159185e-04
2020-09-03,8.5956857594e-04,1.0161720111e-03,7.8533929604e-04,8.6486237031e-04,7.4532921111e-04,8.8613999115e-04
2020-09-04,2.9473510912e-03,2.6751503278e-03,3.0057905238e-03,2.6449906663e-03,2.9087926686e-03,3.5020312694e-03
2020-09-05,1.4406612307e-03,1.6672242193e-03,1.3121308575e-03,1.5819046296e-03,1.1916768141e-03,1.4503696328e-03
2020-09-06,2.7050945687e-03,2.4235314507e-03,2.6394838635e-03,2.6435401877e-03,3.3493239790e-03,2.4695933626e-03
2020-09-07,1.4634766652e-03,1.6233625123e-03,1.3104975232e-03,1.4712297430e-03,1.4088947024e-03,1.5033988452e-03
2020-09-08,1.3057733346e-03,1.3460327810e-03,1.1560570087e-03,1.4629076682e-03,1.2321314890e-03,1.3317377261e-03
2020-09-09,1.8745913984e-03,1.7472651005e-03,1.8969226032e-03,2.1950135038e-03,1.8517761436e-03,1.6819796408e-03
2020-09-10,1.7518228065e-03,1.7863178370e-03,1.6858154862e-03,1.5290205370e-03,1.7077201187e-03,2.0502400536e-03
2020-09-11,8.8292815322e-04,8.9659293752e-04,8.5117233493e-04,9.2299454023e-04,8.5957274260e-04,8.8430821079e-04
2020-09-12,4.4539749826e-04,4.1249322299e-04,4.2575301265e-04,4.3722197517e-04,5.2735759484e-04,4.2416168568e-04
2020-09-13,4.1122378582e-04,3.9303538563e-04,4.3200493245e-04,3.8849999021e-04,4.1540889864e-04,4.2716972216e-04
2020-09-14,6.5869007367e-04,6.8735462887e-04,6.8048959237e-04,6.3380339190e-04,5.7133078160e-04,7.2047197362e-04
2020-09-15,7.5433759045e-04,7.7979607733e-04,7.7217580431e-04,7.4547026130e-04,7.2704620490e-04,7.4719960443e-04
2020-09-16,6.7334089072e-04,6.5901337622e-04,6.3197606372e-04,7.8613517863e-04,6.5413128435e-04,6.3544855066e-04
2020-09-17,7.2649085075e-04,7.7104356528e-04,6.7582937456e-04,8.3577401577e-04,6.8489746841e-04,6.6490982975e-04
2020-09-18,6.2432129558e-04,6.2735425376e-04,6.1373097625e-04,6.4772451333e-04,6.1991324953e-04,6.1288348504e-04
2020-09-19,2.7726474621e-04,2.6829963975e-04,2.5949846418e-04,2.9932144954e-04,2.7475460033e-04,2.8444957723e-04
2020-09-20,3.7036705335e-04,3.6063071921e-04,3.8827258004e-04,3.7347414836e-04,3.4990666118e-04,3.7955115797e-04
2020-09-21,6.5773622308e-04,6.7088985172e-04,6.5966183052e-04,6.0441527653e-04,6.3999278381e-04,7.1372137282e-04
2020-09-22,1.1189534643e-03,1.1048888141e-03,1.1349578229e-03,9.3014778093e-04,1.1270926103e-03,1.2976802932e-03
2020-09-23,6.4072178254e-04,6.1193947682e-04,6.0866563953e-04,6.7297489714e-04,6.8777708022e-04,6.2225181899e-04
2020-09-24,7.2962876240e-04,8.1195722014e-04,6.7324151835e-04,7.4170115951e-04,6.6540380515e-04,7.5584010884e-04
2020-09-25,6.6476216668e-04,7.4679535974e-04,5.9481382895e-04,6.5669174614e-04,6.6611487493e-04,6.5939502362e-04
2020-09-26,3.2104801215e-04,3.1061863389e-04,3.0891625846e-04,3.3914909747e-04,3.2731162892e-04,3.1924444199e-04
2020-09-27,3.1299574191e-04,3.2231339517e-04,3.0514530935e-04,2.9719258907e-04,3.1337630538e-04,3.2695111058e-04
2020-09-28,6.5603442235e-04,6.3821023010e-04,6.7511756709e-04,6.5349061413e-04,6.7539296943e-04,6.3796073100e-04
2020-09-29,7.6428644687e-04,7.7840991197e-04,7.4866485020e-04,7.8926255859e-04,7.4391326605e-04,7.6118164753e-04
2020-09-30,4.9610000825e-04,5.2097161467e-04,4.6463557028e-04,4.9978320149e-04,4.9383242547e-04,5.0127722936e-04
2020-10-01,4.8116669963e-04,5.0146878538e-04,4.9289217687e-04,4.6410138821e-04,4.5979020841e-04,4.8758093930e-04
2020-10-02,6.6178443299e-04,6.5191506210e-04,6.2913772537e-04,5.6277128558e-04,6.9419298000e-04,7.7090511190e-04
2020-10-03,3.3925244526e-04,3.4725246136e-04,3.5636060655e-04,3.5908073171e-04,3.2355926282e-04,3.1000916386e-04
2020-10-04,2.6609679374e-04,3.0595866878e-04,2.5742518740e-04,2.4358906793e-04,2.6663363308e-04,2.5687741152e-04
2020-10-05,6.2988085222e-04,6.3742353112e-04,6.6581946203e-04,6.3485757317e-04,6.2715242930e-04,5.8415126549e-04
2020-10-06,6.6701549760e-04,5.6858688845e-04,7.2886567750e-04,6.9726666582e-04,6.4228483713e-04,6.9807341910e-04
2020-10-07,5.0518144154e-04,5.5876542688e-04,4.7428544756e-04,4.5641428382e-04,4.9345706597e-04,5.4298498348e-04
2020-10-08,3.1613435179e-04,3.0625421522e-04,3.3284277821e-04,2.8956979704e-04,3.2294654505e-04,3.2905842344e-04
2020-10-09,4.6104942003e-04,5.0476333467e-04,4.3260222934e-04,4.0060652211e-04,4.6441602297e-04,5.0285899107e-04
2020-10-10,2.1575579010e-04,2.2302807407e-04,2.0793885496e-04,2.3348331062e-04,1.9421742379e-04,2.2011128705e-04
2020-10-11,5.6738198552e-04,5.5374376638e-04,5.3652390402e-04,5.8188542150e-04,6.5020083650e-04,5.1455599921e-04
2020-10-12,6.9844201988e-04,7.2715881252e-04,6.9752735800e-04,6.7880462022e-04,7.3564241865e-04,6.5307688999e-04
2020-10-13,8.0929744740e-04,9.2163096933e-04,7.3932383780e-04,8.2391915294e-04,7.9397138444e-04,7.6764189248e-04
2020-10-14,6.1859552363e-04,6.4627015488e-04,5.6702943655e-04,5.6645055431e-04,6.6778060213e-04,6.4544687027e-04
2020-10-15,6.3913961761e-04,6.6075284951e-04,6.5739870504e-04,6.0975402872e-04,6.4192691997e-04,6.2586558478e-04
2020-10-16,5.5346206042e-04,5.7443825456e-04,5.2227476211e-04,4.9912413981e-04,5.5275622517e-04,6.1871692043e-04
2020-10-17,3.0958946666e-04,3.1978359141e-04,3.6258284785e-04,3.0822403688e-04,2.8684697099e-04,2.7050988615e-04
2020-10-18,2.6958205828e-04,2.9493575956e-04,3.0794790447e-04,2.3389054633e-04,2.7162328850e-04,2.3951279252e-04
2020-10-19,5.1832248774e-04,5.5831357583e-04,5.0933596452e-04,5.2687872762e-04,4.9436440739e-04,5.0271976334e-04
2020-10-20,6.4433429312e-04,6.4701219378e-04,6.3865885824e-04,6.4816724255e-04,6.1162161447e-04,6.7621155654e-04
2020-10-21,5.2792633107e-04,5.3099858498e-04,4.9685218140e-04,5.0672582530e-04,5.8170697495e-04,5.2334808875e-04
2020-10-22,1.7753209490e-03,1.8383781663e-03,1.8289023421e-03,1.9138903644e-03,1.4669043529e-03,1.8285295192e-03
2020-10-23,7.6532413032e-04,7.4341020424e-04,7.7003538084e-04,6.9220413025e-04,7.6569438060e-04,8.5527655568e-04
2020-10-24,4.1954667672e-04,4.2102406424e-04,4.4525233150e-04,4.3804229750e-04,4.3380400567e-04,3.5961068468e-04
2020-10-25,5.6931972517e-04,6.2716094191e-04,5.3684656824e-04,5.2669141370e-04,6.2201429924e-04,5.3388540277e-04
2020-10-26,9.1314655906e-04,1.0256315672e-03,8.1157188921e-04,8.5661299690e-04,1.0334166580e-03,8.3849968396e-04
2020-10-27,8.4267751984e-04,9.2778195109e-04,7.4687834131e-04,8.8364577846e-04,8.4791158043e-04,8.0716994790e-04
2020-10-28,9.0463569082e-04,9.0166210543e-04,8.7467714091e-04,8.6371549288e-04,1.0079180686e-03,8.7520564626e-04
2020-10-29,1.1949003485e-03,1.2494280621e-03,1.2974121432e-03,1.1717276452e-03,1.1870660894e-03,1.0688678028e-03
2020-10-30,8.0443816400e-04,7.9105345669e-04,8.2102437349e-04,7.5044548937e-04,7.9255772233e-04,8.6710977810e-04
2020-10-31,6.0026430631e-04,6.2505557906e-04,5.8596934255e-04,6.2317564527e-04,6.0328783387e-04,5.6383313077e-04
2020-11-01,1.0297994683e-03,1.0349282299e-03,9.2129194961e-04,1.1202919309e-03,1.0617426697e-03,1.0107425614e-03
2020-11-02,9.2007274260e-04,1.0161054142e-03,8.2003630765e-04,8.9825480372e-04,1.0027213857e-03,8.6324580174e-04
2020-11-03,1.0537910162e-03,1.1593040119e-03,9.5056779853e-04,1.0530143970e-03,1.0661598327e-03,1.0399090411e-03
2020-11-04,1.0932287477e-03,1.0738432686e-03,1.0740079318e-03,1.1386501866e-03,1.1831394070e-03,9.9650294451e-04
2020-11-05,1.4724566527e-03,1.5179710941e-03,1.5639352009e-03,1.5016116069e-03,1.4271432241e-03,1.3516221375e-03
2020-11-06,1.6490325067e-03,1.9486141640e-03,1.7188229129e-03,1.7311051914e-03,1.4167153225e-03,1.4299049425e-03
2020-11-07,9.3585698667e-04,1.0511477497e-03,8.8888693205e-04,1.0314516178e-03,8.5930077302e-04,8.4849786074e-04
2020-11-08,1.8923005069e-03,1.9773579979e-03,1.9074518440e-03,2.2273838189e-03,1.8767183438e-03,1.4725905300e-03
2020-11-09,1.3993978219e-03,1.5426752366e-03,1.2645955830e-03,1.5093835754e-03,1.4689280729e-03,1.2114066415e-03
2020-11-10,1.3987718133e-03,1.4640597081e-03,1.2040827862e-03,1.5492337366e-03,1.5565683058e-03,1.2199145301e-03
2020-11-11,1.0641635124e-03,1.0299501865e-03,1.0222721471e-03,1.2001538265e-03,1.1003461581e-03,9.6809524386e-04
2020-11-12,1.6039634811e-03,1.6206732798e-03,1.6370148260e-03,1.5511718495e-03,1.5794363823e-03,1.6315210679e-03
2020-11-13,1.0628237120e-03,1.1433919834e-03,1.1452967441e-03,1.0551761949e-03,1.0047146741e-03,9.6553896367e-04
2020-11-14,5.6852322880e-04,5.4006094345e-04,5.3420411200e-04,5.7692244690e-04,6.6015377671e-04,5.3127486496e-04
2020-11-15,7.2515522584e-04,7.4233029148e-04,7.4150506223e-04,6.9586502306e-04,7.2297926497e-04,7.2309648744e-04
2020-11-16,8.5524746498e-04,9.1567217436e-04,8.0439035848e-04,8.3205653472e-04,9.1172076446e-04,8.1239749287e-04
2020-11-17,1.0268713456e-03,1.0696309122e-03,9.7569167876e-04,9.7491499250e-04,1.1951433648e-03,9.1897577957e-04
2020-11-18,1.4436995461e-03,1.4447340580e-03,1.4044607268e-03,1.4384985591e-03,1.5257010665e-03,1.4051033199e-03
2020-11-19,2.7095421625e-03,2.4945061766e-03,3.1847118230e-03,2.8484866473e-03,2.4027235151e-03,2.6172826504e-03
2020-11-20,1.0335031994e-03,1.0406633484e-03,1.1948829325e-03,1.0547166783e-03,9.7764461344e-04,8.9960842425e-04
2020-11-21,1.2244414322e-03,1.3077414433e-03,1.2451456581e-03,1.2138577302e-03,1.1344916217e-03,1.2209707078e-03
2020-11-22,1.1299391885e-03,1.1670707824e-03,1.1461906741e-03,1.1584582031e-03,1.1468207677e-03,1.0311555151e-03
2020-11-23,1.3711425896e-03,1.4180729127e-03,1.3219916618e-03,1.3093013461e-03,1.3754777918e-03,1.4308692356e-03
2020-11-24,1.1877690063e-03,1.1925636343e-03,1.0601946634e-03,1.3200480401e-03,1.3009770755e-03,1.0650616183e-03
2020-11-25,1.9445689671e-03,1.8556738192e-03,1.9714475274e-03,2.0054918273e-03,1.9918491717e-03,1.8983824899e-03
2020-11-26,2.0128155925e-03,2.0304528063e-03,2.1081254952e-03,1.9776592024e-03,1.9847779789e-03,1.9630624796e-03
2020-11-27,4.1168800140e-03,4.5167213077e-03,4.1203346098e-03,4.3035376769e-03,3.5636540402e-03,4.0801524355e-03
2020-11-28,1.4503201017e-03,1.6013597762e-03,1.3136796401e-03,1.5775806476e-03,1.3498025908e-03,1.4091778539e-03
2020-11-29,1.5553930108e-03,1.5650461205e-03,1.4796788067e-03,1.5525102562e-03,1.6119023198e-03,1.5678275505e-03
2020-11-30,1.6006391426e-03,1.6619026887e-03,1.4426235118e-03,1.5851376415e-03,1.7300786195e-03,1.5834532513e-03
2020-12-01,2.7466042519e-03,2.7249489733e-03,2.8808000933e-03,2.8773139103e-03,2.7546144425e-03,2.4953438399e-03
2020-12-02,2.7245049522e-03,2.5923377100e-03,2.8988355111e-03,2.9721914586e-03,2.8071361317e-03,2.3520239498e-03
2020-12-03,2.8435260391e-03,2.7332789865e-03,3.1624347076e-03,2.7591535250e-03,2.4839369408e-03,3.0788260359e-03
2020-12-04,1.3171436279e-03,1.4010290642e-03,1.4373442596e-03,1.3443377866e-03,1.2271748574e-03,1.1758321718e-03
2020-12-05,1.0180054958e-03,1.0099857517e-03,9.7114902101e-04,1.0636524606e-03,1.1013814654e-03,9.4385878027e-04
2020-12-06,1.1555081077e-03,1.1054036429e-03,1.1416750892e-03,1.1111285972e-03,1.2415010365e-03,1.1778321729e-03
2020-12-07,9.7749585390e-04,9.2565785201e-04,9.4230633309e-04,9.9634825701e-04,1.0804052074e-03,9.4276161995e-04
2020-12-08,8.6935313367e-04,7.4349137056e-04,8.0054333722e-04,7.9644982376e-04,1.0346135221e-03,9.7166761475e-04
2020-12-09,1.2770717785e-03,1.3825251446e-03,1.2364750242e-03,1.3155375054e-03,1.1085964470e-03,1.3422247711e-03
2020-12-10,1.6266196865e-03,1.5469712928e-03,1.5654480684e-03,1.6980275430e-03,1.7226549187e-03,1.5999966095e-03
2020-12-11,8.6794248626e-04,7.6206817656e-04,8.7146647204e-04,9.5010658608e-04,8.4262645919e-04,9.1344473742e-04
2020-12-12,7.1767662748e-04,6.3260482379e-04,7.1554165716e-04,6.4865633540e-04,8.5385503758e-04,7.3772528345e-04
2020-12-13,9.4374241512e-04,8.3848199558e-04,9.4724144414e-04,9.7386446025e-04,9.7427823084e-04,9.8484594481e-04
2020-12-14,9.9858253901e-04,9.7908722466e-04,9.7684996238e-04,9.7431111915e-04,1.1260202993e-03,9.3664408951e-04
2020-12-15,8.3942180549e-04,7.5412233911e-04,7.5131649067e-04,7.8668620689e-04,9.9507194288e-04,9.0991204791e-04
2020-12-16,8.4194391073e-04,7.6966754299e-04,7.6985421892e-04,8.7441728926e-04,9.6680184461e-04,8.2897865788e-04
2020-12-17,2.6546987380e-03,2.4856787579e-03,2.6678135118e-03,2.7983135029e-03,2.5034853890e-03,2.8182025285e-03
2020-12-18,2.9203212809e-03,3.3871156881e-03,2.9842464665e-03,2.8762537572e-03,2.3204734636e-03,3.0335170291e-03
2020-12-19,1.2066562540e-03,1.2152634805e-03,1.1716917238e-03,1.3240835581e-03,1.1336560737e-03,1.1885864341e-03
2020-12-20,1.6301777926e-03,1.5308343710e-03,1.6183389413e-03,1.7507269447e-03,1.6354301895e-03,1.6155585167e-03
2020-12-21,1.6381165965e-03,1.7008403862e-03,1.5470927362e-03,1.5206254925e-03,1.6724607298e-03,1.7495636378e-03
2020-12-22,2.3038413409e-03,2.3282723928e-03,2.1074080541e-03,2.2666119702e-03,2.6843282079e-03,2.1325860795e-03
2020-12-23,2.2470735506e-03,2.2307396149e-03,2.2680697572e-03,2.2201952826e-03,2.2446205902e-03,2.2717425081e-03
2020-12-24,2.5466979916e-03,2.3673671757e-03,2.7651571697e-03,2.6940438097e-03,2.4907866767e-03,2.4161351262e-03
2020-12-25,1.2541813596e-03,1.4505450001e-03,1.3800522212e-03,1.2333071452e-03,1.1204330643e-03,1.0865693672e-03
2020-12-26,1.5050674276e-03,1.5275621076e-03,1.5616309354e-03,1.5794834343e-03,1.3781421885e-03,1.4785184723e-03
2020-12-27,1.8332497872e-03,1.6655222648e-03,1.7817599442e-03,2.1877199830e-03,1.7696962307e-03,1.7615505135e-03
2020-12-28,2.1095836029e-03,2.0300953749e-03,2.2153772464e-03,1.8605677134e-03,2.1199016080e-03,2.3219760717e-03
2020-12-29,1.7608642967e-03,1.7161955960e-03,1.7594382696e-03,1.7575874532e-03,2.0004304315e-03,1.5706697332e-03
2020-12-30,1.9157253187e-03,1.7285752565e-03,1.9452089466e-03,2.0935360090e-03,2.0073152687e-03,1.8039911130e-03
2020-12-31,3.2164448422e-03,3.0946080993e-03,3.3873023740e-03,3.0696314478e-03,2.8650552312e-03,3.6656270586e-03
2021-01-01,1.5414783779e-03,1.7155341342e-03,1.6553101796e-03,1.5467932059e-03,1.3989969077e-03,1.3907574620e-03
2021-01-02,9.2408232142e-04,8.4789777157e-04,8.8630337621e-04,9.3051093490e-04,9.9614270116e-04,9.5955682324e-04
2021-01-03,3.9317071915e-03,3.6772759125e-03,3.6705147487e-03,4.9385023915e-03,3.4575952701e-03,3.9146476349e-03
2021-01-04,2.8578809424e-03,2.8270762843e-03,2.8958051076e-03,2.5638879138e-03,2.8057845055e-03,3.1968509010e-03
2021-01-05,3.8212678874e-03,4.0371294085e-03,3.5994369999e-03,3.3433167716e-03,4.4100387266e-03,3.7164175305e-03
2021-01-06,5.2131947496e-03,5.0324192824e-03,5.2090663977e-03,5.0684381572e-03,4.7514231569e-03,6.0046267540e-03
2021-01-07,6.0432610578e-03,6.0086256388e-03,5.1756646547e-03,5.6977511113e-03,4.9947342125e-03,8.3395296716e-03
2021-01-08,4.6451929915e-03,6.0592652002e-03,4.3055789332e-03,4.1789898484e-03,3.5959140529e-03,5.0862169230e-03
2021-01-09,4.0133707756e-03,4.7108022883e-03,3.6240547685e-03,3.5274559044e-03,3.3831250576e-03,4.8214158592e-03
2021-01-10,3.6624116908e-03,3.5590334119e-03,3.4602882877e-03,3.9331691466e-03,3.5713409124e-03,3.7882266956e-03
2021-01-11,4.5817380478e-03,3.9596435600e-03,5.9326512778e-03,3.4914094155e-03,4.7897498586e-03,4.7352361274e-03
2021-01-12,8.5431999335e-03,9.2866265523e-03,6.6807111954e-03,6.8773651596e-03,1.0897012869e-02,8.9742838914e-03
2021-01-13,6.4030652821e-03,6.0133976585e-03,6.8971666289e-03,5.3844599199e-03,7.3628659138e-03,6.3574362894e-03
2021-01-14,7.7760924045e-03,8.1786510545e-03,6.7755330405e-03,6.1077752777e-03,5.8305861356e-03,1.1987916514e-02
2021-01-15,4.5093756982e-03,5.9777983101e-03,4.4751287332e-03,3.5456495297e-03,3.4677437983e-03,5.0805581198e-03
2021-01-16,4.5101767204e-03,5.7154645615e-03,3.1754687195e-03,4.5388437824e-03,5.3779819653e-03,3.7431245732e-03
2021-01-17,4.4500485487e-03,4.2127871311e-03,4.2168101587e-03,4.6391581594e-03,4.5265071058e-03,4.6549801885e-03
2021-01-18,3.6225025160e-03,2.8441664096e-03,5.1562816250e-03,2.7282799505e-03,3.6275420356e-03,3.7562425595e-03
2021-01-19,2.9597277721e-03,2.4341587663e-03,3.4002612275e-03,2.8207085538e-03,3.1907275902e-03,2.9527827229e-03
2021-01-20,3.3045155152e-03,2.7359977933e-03,3.6780891106e-03,3.2511950713e-03,3.8692623961e-03,2.9880332048e-03
2021-01-21,3.7408444066e-03,3.5163188614e-03,4.4385321174e-03,3.4976354701e-03,3.4962992345e-03,3.7554363496e-03
2021-01-22,8.1033964560e-03,8.8713505081e-03,7.5458433510e-03,7.4789771138e-03,8.2786310005e-03,8.3421803065e-03
2021-01-23,4.5213763184e-03,4.3826020236e-03,4.1799455415e-03,3.6637567767e-03,4.0786865139e-03,6.3018907364e-03
2021-01-24,3.9377111899e-03,3.5991804440e-03,3.8631125111e-03,4.1877079495e-03,4.1682448537e-03,3.8703101911e-03
2021-01-25,2.9096553850e-03,2.1106260689e-03,3.8735474856e-03,2.4095702519e-03,3.0272314844e-03,3.1273016340e-03
2021-01-26,2.8479254672e-03,2.3499845116e-03,3.3035791381e-03,2.6244765571e-03,3.0883389992e-03,2.8732481303e-03
2021-01-27,3.7227527659e-03,3.0262364643e-03,4.1553892006e-03,3.6214638910e-03,4.1822024210e-03,3.6284718528e-03
2021-01-28,4.9357856121e-03,4.0670350672e-03,5.3219748286e-03,5.2281525665e-03,5.5084780599e-03,4.5532875381e-03
2021-01-29,3.7252728606e-03,4.6356967891e-03,3.5917116442e-03,3.1647431121e-03,3.1845831306e-03,4.0496296272e-03
2021-01-30,4.8700066424e-03,5.2102328288e-03,4.6581840007e-03,4.1951500645e-03,4.2167510966e-03,6.0697152212e-03
2021-01-31,3.6763938997e-03,3.9021565006e-03,3.9139320811e-03,3.3706432787e-03,3.6131462429e-03,3.5820913950e-03
2021-02-01,3.6051049827e-03,3.2865703446e-03,4.5442931827e-03,3.0034122026e-03,3.5816777168e-03,3.6095714668e-03
2021-02-02,2.9161746003e-03,3.3376275638e-03,3.3409424794e-03,1.8941583657e-03,3.0677581753e-03,2.9403864171e-03
2021-02-03,3.9561153151e-03,4.2807427539e-03,4.1289920496e-03,2.9665449351e-03,4.1153557653e-03,4.2889410718e-03
2021-02-04,3.4496097381e-03,3.6907615421e-03,3.6123136707e-03,2.7723969346e-03,3.3507118384e-03,3.8218647046e-03
2021-02-05,2.1009304057e-03,2.2127268820e-03,2.1381137048e-03,2.0416590528e-03,2.0249141374e-03,2.0872382516e-03
2021-02-06,1.4979736241e-03,1.1672221305e-03,1.6335996743e-03,1.2442666175e-03,1.7190641130e-03,1.7257155852e-03
2021-02-07,1.8561259062e-03,1.8202387449e-03,2.1647694780e-03,1.6585806803e-03,1.9110037373e-03,1.7260368903e-03
2021-02-08,2.2263763454e-03,1.9678041946e-03,2.9840146570e-03,1.5236291237e-03,2.3465877972e-03,2.3098459543e-03
2021-02-09,6.6069068244e-03,7.4189405020e-03,5.7022494124e-03,6.9441951922e-03,5.2247792711e-03,7.7443697443e-03
2021-02-10,3.6713751634e-03,3.3251772549e-03,4.0771920527e-03,3.3040472612e-03,4.1367408165e-03,3.5137184316e-03
2021-02-11,3.8890666217e-03,4.0340847904e-03,4.0807953843e-03,3.9489881843e-03,3.7866172170e-03,3.5948475324e-03
2021-02-12,3.6014038827e-03,5.2918806614e-03,3.3626041410e-03,2.8721601879e-03,2.8572582979e-03,3.6231161252e-03
2021-02-13,1.7870432827e-03,1.6156355660e-03,1.6513177807e-03,1.8111128713e-03,2.0323562910e-03,1.8247939046e-03
2021-02-14,1.8243391663e-03,1.8316038776e-03,2.0219402995e-03,1.5575294092e-03,1.9036321613e-03,1.8069900842e-03
2021-02-15,2.0711855023e-03,1.8789944413e-03,2.4412176058e-03,1.6445157418e-03,2.2323065418e-03,2.1588931807e-03
2021-02-16,2.0433797987e-03,2.0459300600e-03,2.3368152961e-03,1.4229059267e-03,2.4238609271e-03,1.9873867837e-03
2021-02-17,2.8919902475e-03,2.5557561575e-03,3.1812664633e-03,2.6924674265e-03,3.1081220371e-03,2.9223391532e-03
2021-02-18,3.3254556096e-03,3.4778502318e-03,3.5065071905e-03,2.8225408631e-03,3.1763359925e-03,3.6440437700e-03
2021-02-19,1.3425244583e-03,1.2875517598e-03,1.4841402393e-03,1.4144070155e-03,1.2509904587e-03,1.2755328182e-03
2021-02-20,2.2186681969e-03,1.8153413816e-03,2.1365182931e-03,2.1775222875e-03,2.2547655818e-03,2.7091934406e-03
2021-02-21,1.7210352837e-03,1.5951798418e-03,1.9723407478e-03,1.6643401965e-03,1.7474725173e-03,1.6258431150e-03
2021-02-22,1.5918189027e-03,1.4514428639e-03,1.8290684458e-03,1.3380987052e-03,1.7411759846e-03,1.5993085140e-03
2021-02-23,3.7092996354e-03,3.6607536839e-03,3.3028771201e-03,3.6138809942e-03,4.6331313185e-03,3.3358550600e-03
2021-02-24,7.5693854945e-03,7.3880534795e-03,6.0516267288e-03,6.4340593739e-03,1.0672572624e-02,7.3006152661e-03
2021-02-25,5.0363505326e-03,5.5539489621e-03,5.1848600675e-03,4.6591153436e-03,4.2021660123e-03,5.5816622774e-03
2021-02-26,4.4705263756e-03,5.6247886934e-03,3.7673115892e-03,4.8229494380e-03,4.0281161805e-03,4.1094659767e-03
2021-02-27,3.3954220776e-03,3.7423652510e-03,2.8558323022e-03,3.7368265961e-03,3.3462563941e-03,3.2958298448e-03
2021-02-28,3.5693165965e-03,3.8152787704e-03,3.5441960157e-03,3.4083660255e-03,3.4804035618e-03,3.5983386094e-03
2021-03-01,3.8145148615e-03,3.6435154797e-03,4.9572205544e-03,2.8724317350e-03,3.7662749776e-03,3.8331315606e-03
2021-03-02,3.5876906714e-03,4.3051944243e-03,3.6943180565e-03,2.9416112529e-03,3.3919806511e-03,3.6053489724e-03
2021-03-03,3.2352193647e-03,3.0302707415e-03,3.6784680375e-03,2.7255192135e-03,3.7956556948e-03,2.9461831360e-03
2021-03-04,3.6991786425e-03,3.9160410370e-03,3.9310180565e-03,3.2074863633e-03,3.3250224156e-03,4.1163253399e-03
2021-03-05,3.1434325089e-03,3.5962197501e-03,2.9878487726e-03,3.0894892024e-03,2.9797840321e-03,3.0638207871e-03
2021-03-06,1.8974959574e-03,1.6652674737e-03,1.9560823452e-03,1.7766133736e-03,1.9649712462e-03,2.1245453482e-03
2021-03-07,1.7498293342e-03,1.7627555848e-03,1.9880391502e-03,1.4478112170e-03,1.8375782665e-03,1.7129624523e-03
2021-03-08,2.4816656839e-03,2.3546692235e-03,2.9308965225e-03,1.9059917468e-03,2.6198126662e-03,2.5969582604e-03
2021-03-09,2.0532650497e-03,2.0538912525e-03,2.4459597887e-03,1.4099512611e-03,2.3963489956e-03,1.9601739505e-03
2021-03-10,2.4160227845e-03,2.3516363946e-03,2.5163655924e-03,2.0982599248e-03,2.6085406047e-03,2.5053114058e-03
2021-03-11,2.9867439215e-03,3.0094893010e-03,3.4470447983e-03,2.7493536271e-03,2.7768812574e-03,2.9509506237e-03
2021-03-12,2.0303306373e-03,2.4047240602e-03,2.1149841230e-03,1.7778601426e-03,1.9202205969e-03,1.9338642637e-03
2021-03-13,1.4243266394e-03,1.1723961861e-03,1.5191561019e-03,1.2486517383e-03,1.6301934327e-03,1.5512357381e-03
2021-03-14,2.4119758320e-03,2.5011715659e-03,2.6521363024e-03,2.1930416170e-03,2.4753265236e-03,2.2382031510e-03
2021-03-15,2.1311371869e-03,1.8048324474e-03,2.7884128215e-03,1.6646051545e-03,2.1138503796e-03,2.2839851317e-03
2021-03-16,3.6634264173e-03,3.3943525801e-03,3.4178652160e-03,3.6610658849e-03,4.4375316679e-03,3.4063167379e-03
2021-03-17,3.2338466773e-03,2.8496426350e-03,3.5211235713e-03,3.2162002671e-03,3.4144996234e-03,3.1677672897e-03
2021-03-18,3.1793939067e-03,3.3151747062e-03,3.5028245398e-03,2.6786295993e-03,2.8757911407e-03,3.5245495474e-03
2021-03-19,1.8206232458e-03,1.9163889027e-03,1.8218873818e-03,1.9207717122e-03,1.6425730329e-03,1.8014951995e-03
2021-03-20,1.3509722718e-03,1.1517512446e-03,1.3006469919e-03,1.4022981507e-03,1.4978894565e-03,1.4022755154e-03
2021-03-21,1.2562800681e-03,1.2055222613e-03,1.3150141630e-03,1.3304392891e-03,1.2225920963e-03,1.2078325310e-03
2021-03-22,1.5745018376e-03,1.3408300494e-03,1.8901833854e-03,1.5057736376e-03,1.6158885359e-03,1.5198335797e-03
2021-03-23,2.4700616093e-03,2.0919681975e-03,2.5410699180e-03,2.5740522511e-03,2.8372880726e-03,2.3059296074e-03
2021-03-24,1.7596544955e-03,1.4731450388e-03,1.8039479611e-03,2.0882314433e-03,1.9295081860e-03,1.5034398484e-03
2021-03-25,2.8511830486e-03,2.8499316775e-03,3.0868635929e-03,2.9488868027e-03,2.7970031008e-03,2.5732300689e-03
2021-03-26,2.0469453639e-03,2.2434837509e-03,2.1107990523e-03,2.0546560936e-03,1.9274728366e-03,1.8983150860e-03
2021-03-27,1.8443373171e-03,1.7054504888e-03,1.8039702379e-03,1.6174087114e-03,1.9259917556e-03,2.1688653917e-03
2021-03-28,1.4593828489e-03,1.3817277587e-03,1.4927221848e-03,1.5822351092e-03,1.4019888750e-03,1.4382403169e-03
2021-03-29,1.4415275927e-03,1.2614224489e-03,1.5899186825e-03,1.5216532269e-03,1.4412405930e-03,1.3934030120e-03
2021-03-30,1.6484277217e-03,1.5928247481e-03,1.7267113485e-03,1.7127238208e-03,1.8082343600e-03,1.4016443311e-03
2021-03-31,1.3385402853e-03,1.2491451045e-03,1.2890946755e-03,1.4363328541e-03,1.4880551761e-03,1.2300736163e-03
2021-04-01,2.0065280902e-03,1.9608899902e-03,2.1919700134e-03,1.8893120750e-03,2.0397499882e-03,1.9507183843e-03
2021-04-02,8.6975864794e-04,8.1667199957e-04,9.1188784847e-04,9.6053085156e-04,8.8081739706e-04,7.7888514304e-04
2021-04-03,6.5199164934e-04,5.0511675108e-04,7.0618240359e-04,6.3341975049e-04,8.2565839884e-04,5.8958094270e-04
2021-04-04,1.0990113419e-03,9.9665329040e-04,1.1553606897e-03,1.1494076800e-03,1.1638755402e-03,1.0297595094e-03
2021-04-05,1.0543514390e-03,1.0044814798e-03,1.0818994140e-03,1.1520714232e-03,1.1279887853e-03,9.0531609290e-04
2021-04-06,9.1814536741e-04,8.3990228759e-04,9.0617437550e-04,9.8115650559e-04,9.8095471144e-04,8.8253895691e-04
2021-04-07,9.3329687234e-04,8.8498675445e-04,9.1884157376e-04,1.0257976099e-03,9.4149179207e-04,8.9536663150e-04
2021-04-08,1.8051847909e-03,1.9898832423e-03,1.6831589923e-03,1.8449363381e-03,1.7046270170e-03,1.8033183648e-03
2021-04-09,7.7554414301e-04,8.2571007955e-04,7.3131086607e-04,8.3879797600e-04,7.7273544855e-04,7.0916634488e-04
2021-04-10,5.3022772659e-04,4.4212895951e-04,6.0793791477e-04,4.9495661104e-04,6.6421645822e-04,4.4189868942e-04
2021-04-11,9.4634853483e-04,8.6906931646e-04,9.3486473163e-04,1.0834493972e-03,9.1233577196e-04,9.3202345693e-04
2021-04-12,9.7219022684e-04,9.7361079808e-04,9.7536902439e-04,1.0050103687e-03,1.0528522117e-03,8.5410873130e-04
2021-04-13,8.8497070442e-04,8.4989152786e-04,8.4835193845e-04,9.4789936829e-04,9.3668002159e-04,8.4203066592e-04
2021-04-14,1.6139031152e-03,1.5609827901e-03,1.4965275224e-03,1.6121929294e-03,1.7200018505e-03,1.6798104839e-03
2021-04-15,2.0477613799e-03,2.0420061495e-03,2.1501511294e-03,1.9344022612e-03,2.1190757890e-03,1.9931715704e-03
2021-04-16,7.7272779569e-04,7.5769499689e-04,8.1491656963e-04,8.0762831842e-04,7.8886232045e-04,6.9453677307e-04
2021-04-17,8.2452147091e-04,7.4333184607e-04,8.7359234934e-04,8.5293219256e-04,9.3188408659e-04,7.2086688000e-04
2021-04-18,1.0132280148e-03,1.0162309463e-03,9.9745955585e-04,1.0229300243e-03,1.0783628576e-03,9.5115669015e-04
2021-04-19,4.0950160332e-03,3.7129660131e-03,4.8800778391e-03,3.2038136731e-03,4.6444705533e-03,4.0337520877e-03
2021-04-20,1.9716380755e-03,2.0333248187e-03,1.8910893275e-03,1.8843710238e-03,2.2575561986e-03,1.7918490090e-03
2021-04-21,2.5839779518e-03,2.4652211911e-03,2.6181365125e-03,2.6965293829e-03,2.6988731044e-03,2.4411295681e-03
2021-04-22,3.0412653949e-03,3.3069533779e-03,2.6993995512e-03,3.1273974065e-03,3.0637654512e-03,3.0088111878e-03
2021-04-23,2.8595131614e-03,3.5491920631e-03,2.5813568174e-03,2.8825705485e-03,2.5368063616e-03,2.7476400165e-03
2021-04-24,1.9604776490e-03,1.9650684717e-03,1.7730877879e-03,2.1726008319e-03,1.9051358682e-03,1.9864952852e-03
2021-04-25,2.1442782551e-03,1.9620156554e-03,2.1123333886e-03,2.3046386486e-03,2.2704860245e-03,2.0719175584e-03
2021-04-26,2.3168934487e-03,2.1347928990e-03,2.8004296342e-03,1.9679926330e-03,2.3284340981e-03,2.3528179790e-03
2021-04-27,3.3217903461e-03,3.6693052763e-03,3.2414339815e-03,3.3333446525e-03,3.1176242048e-03,3.2472436152e-03
2021-04-28,1.9119565226e-03,1.8622447233e-03,1.9154033071e-03,1.9233177485e-03,2.0653185497e-03,1.7934982843e-03
2021-04-29,2.4917489231e-03,2.5875922218e-03,2.6150220851e-03,2.5586992608e-03,2.3262539298e-03,2.3711771180e-03
2021-04-30,1.3673694332e-03,1.3338308273e-03,1.4388224739e-03,1.3894364331e-03,1.2621596245e-03,1.4125978073e-03
2021-05-01,1.6213295618e-03,1.4814224226e-03,1.5829394053e-03,1.5586116901e-03,1.6679627180e-03,1.8157115729e-03
2021-05-02,9.9080526630e-04,9.6805115175e-04,1.1308942484e-03,8.3053835434e-04,1.0055164031e-03,1.0190261739e-03
2021-05-03,1.1742690519e-03,9.1267437856e-04,1.4832640980e-03,1.0140203308e-03,1.2189659358e-03,1.2424205166e-03
2021-05-04,1.0812628076e-03,7.9872348821e-04,1.2904690356e-03,7.7399233296e-04,1.4285057490e-03,1.1146234320e-03
2021-05-05,2.2704518485e-03,2.3277947499e-03,2.4104113620e-03,2.2374403316e-03,2.1252456790e-03,2.2513671199e-03
2021-05-06,2.9634582809e-03,2.6205632923e-03,3.1772809493e-03,2.6411440944e-03,2.9991573112e-03,3.3791457571e-03
2021-05-07,1.3666126618e-03,1.2057980218e-03,1.5633266361e-03,1.2258645976e-03,1.4159920771e-03,1.4220819766e-03
2021-05-08,1.1509591991e-03,1.0579547643e-03,1.1784834458e-03,1.0111502376e-03,1.2545009202e-03,1.2527066275e-03
2021-05-09,1.5182001062e-03,1.4129355516e-03,1.6754296597e-03,1.3441658008e-03,1.5228815219e-03,1.6355879972e-03
2021-05-10,1.4784120058e-03,1.1902022590e-03,1.8703346293e-03,1.1916738545e-03,1.6283670157e-03,1.5114822707e-03
2021-05-11,2.2927060988e-03,2.2245363923e-03,2.2888487377e-03,2.0703507227e-03,2.8191806584e-03,2.0606139828e-03
2021-05-12,1.8521167075e-03,1.5049760394e-03,2.0155629472e-03,1.8450128134e-03,2.1052326662e-03,1.7897990713e-03
2021-05-13,5.5827660558e-03,6.1817526097e-03,5.0575259242e-03,4.3905558390e-03,6.0854922181e-03,6.1985036880e-03
2021-05-14,3.2540320399e-03,2.4795676401e-03,3.9144568309e-03,3.5235785359e-03,3.0057929400e-03,3.3467642528e-03
2021-05-15,1.7267514367e-03,1.7431462710e-03,1.4744188963e-03,1.8922513059e-03,1.7823074266e-03,1.7416332838e-03
2021-05-16,4.3587582575e-03,4.4076382757e-03,3.8590896289e-03,5.2391855106e-03,4.5235308689e-03,3.7643470035e-03
2021-05-17,3.5231846305e-03,3.1853865642e-03,4.3770619166e-03,3.1881073639e-03,3.3261487917e-03,3.5392185161e-03
2021-05-18,4.9338873902e-03,5.4065830653e-03,3.8046652430e-03,4.9543553793e-03,5.7898367732e-03,4.7139964901e-03
2021-05-19,3.3733770354e-03,2.7209816855e-03,3.9644080023e-03,2.9124265208e-03,4.1008579909e-03,3.1682109775e-03
2021-05-20,1.8922012783e-02,2.0661194580e-02,1.2329509262e-02,1.7507873994e-02,2.6243686544e-02,1.7867799537e-02
2021-05-21,1.0178812798e-02,1.5990736569e-02,9.1786166350e-03,6.2772953789e-03,6.0799276203e-03,1.3367487786e-02
2021-05-22,8.3453894334e-03,1.1881925451e-02,6.0501195658e-03,6.4600040529e-03,1.0093209614e-02,7.2416884836e-03
2021-05-23,7.0531765179e-03,8.2625338715e-03,6.9043141821e-03,6.3287618727e-03,6.0618022282e-03,7.7084704348e-03
2021-05-24,1.1563914107e-02,1.3895757625e-02,1.3582943603e-02,6.5364379126e-03,1.1255778136e-02,1.2548653258e-02
2021-05-25,8.1190891825e-03,1.0739261411e-02,6.9510984738e-03,6.4545958714e-03,6.7676655021e-03,9.6828246542e-03
2021-05-26,6.3844304124e-03,6.5742977405e-03,7.3495952694e-03,4.7198922757e-03,6.8527280321e-03,6.4256387442e-03
2021-05-27,5.8021310698e-03,7.2972821459e-03,5.9027455511e-03,4.4651222049e-03,4.8352012868e-03,6.5103041602e-03
2021-05-28,4.5206428697e-03,5.7760113348e-03,4.4357238256e-03,3.9836695967e-03,3.7986614823e-03,4.6091481093e-03
2021-05-29,4.5071609283e-03,4.0695466917e-03,3.9750503736e-03,4.5825989873e-03,6.0797758845e-03,3.8288327047e-03
2021-05-30,5.3669777263e-03,5.3690541651e-03,5.2696525051e-03,5.4721527307e-03,5.9573943866e-03,4.7666348440e-03
2021-05-31,4.5251617800e-03,4.1207606450e-03,5.9950615783e-03,3.1267917530e-03,4.4906809536e-03,4.8925139702e-03
2021-06-01,3.9904084871e-03,4.3838579760e-03,4.4002083349e-03,3.4115577622e-03,3.8587649308e-03,3.8976534316e-03
2021-06-02,4.3016858307e-03,3.9272079392e-03,4.8035895264e-03,3.7782096704e-03,5.0691817504e-03,3.9302402672e-03
2021-06-03,3.6529764391e-03,4.0021121553e-03,3.8078552132e-03,3.1598082171e-03,3.5218050578e-03,3.7733015522e-03
2021-06-04,2.6816854361e-03,2.9914111663e-03,2.3955207791e-03,2.9308393222e-03,2.6974883500e-03,2.3931675629e-03
2021-06-05,2.5516802464e-03,1.6478388007e-03,2.6009445209e-03,2.7989395520e-03,3.4225350618e-03,2.2881432966e-03
2021-06-06,3.7573201970e-03,3.3456254957e-03,4.0295344893e-03,4.4354916785e-03,3.9879441661e-03,2.9880051553e-03
2021-06-07,2.5382717706e-03,1.7958888455e-03,3.2747044432e-03,2.2467889055e-03,2.7504103454e-03,2.6235663133e-03
2021-06-08,3.7597675962e-03,3.0404678465e-03,3.7268743381e-03,3.8338989844e-03,4.4352022993e-03,3.7623945126e-03
2021-06-09,3.9202304864e-03,3.3064162515e-03,4.4530252148e-03,3.7575812035e-03,4.5612178218e-03,3.5229119405e-03
2021-06-10,6.7446382061e-03,7.4990078677e-03,6.1355182892e-03,5.5019596440e-03,5.7245928817e-03,8.8621123479e-03
2021-06-11,3.1501615057e-03,3.4992761352e-03,3.0956742548e-03,3.1457041805e-03,2.9142549707e-03,3.0958979871e-03
2021-06-12,2.0234758353e-03,1.7085814209e-03,2.0633536675e-03,1.8464153310e-03,2.3031161264e-03,2.1959126306e-03
2021-06-13,3.6785562871e-03,3.2848998295e-03,3.6045017590e-03,3.9426429308e-03,3.9289405290e-03,3.6317963872e-03
2021-06-14,3.9378584633e-03,3.9107949712e-03,4.5509432630e-03,3.6713276403e-03,3.8287423203e-03,3.7274841219e-03
2021-06-15,2.3183808752e-03,2.5010389965e-03,2.7895494967e-03,1.8412433190e-03,2.6418306552e-03,1.8182419084e-03
2021-06-16,2.0553111682e-03,1.9168998663e-03,2.2851686933e-03,1.9871135355e-03,2.4264144721e-03,1.6609592738e-03
2021-06-17,2.7869817411e-03,2.8807246667e-03,2.6717128500e-03,2.9472131373e-03,2.7828645487e-03,2.6523935028e-03
2021-06-18,1.3793444237e-03,1.3279439462e-03,1.5469618755e-03,1.4115426158e-03,1.3960613152e-03,1.2142123657e-03
2021-06-19,1.4348241181e-03,1.2156330329e-03,1.5825378963e-03,1.3220654735e-03,1.7392575203e-03,1.3146266673e-03
2021-06-20,1.6768445319e-03,1.5647311299e-03,1.8224836075e-03,1.6776745716e-03,1.7335414731e-03,1.5857918772e-03
2021-06-21,1.9063521913e-03,1.6999628026e-03,2.3730502329e-03,1.6260256292e-03,2.0821584920e-03,1.7505637997e-03
2021-06-22,6.5625859983e-03,5.8373046069e-03,5.3422189740e-03,7.7702643859e-03,8.0473341777e-03,5.8158078471e-03
2021-06-23,4.9521744836e-03,4.6858063656e-03,5.2174650004e-03,4.8195823988e-03,5.0488235791e-03,4.9891950742e-03
2021-06-24,4.3813676829e-03,5.0187439185e-03,4.6143846403e-03,3.8687976424e-03,3.8940788408e-03,4.5108333726e-03
2021-06-25,2.9068789591e-03,3.8835386695e-03,2.9925591446e-03,2.7119103123e-03,2.4414418516e-03,2.5049448172e-03
2021-06-26,3.2070753487e-03,3.2579662075e-03,2.6701677551e-03,3.5823860880e-03,3.9738857911e-03,2.5509709016e-03
2021-06-27,3.3663010978e-03,3.5142644904e-03,3.6429428031e-03,3.2810396570e-03,3.1852191824e-03,3.2080393564e-03
2021-06-28,3.9823223956e-03,3.8886438929e-03,4.5866418642e-03,3.8189004186e-03,3.8107468058e-03,3.8066789966e-03
2021-06-29,1.9359187064e-03,2.0685208080e-03,2.1774015256e-03,1.4905355232e-03,2.3361077575e-03,1.6070279179e-03
2021-06-30,2.9870670067e-03,2.9360604575e-03,3.1893738569e-03,2.5872393616e-03,3.1276356955e-03,3.0950256619e-03
2021-07-01,2.8230775579e-03,2.8085274374e-03,2.9530246098e-03,2.8801760079e-03,2.8618632732e-03,2.6117964612e-03
2021-07-02,2.1330343814e-03,2.0838728447e-03,2.1493608247e-03,2.1327763994e-03,2.0135086653e-03,2.2856531729e-03
2021-07-03,1.1186226460e-03,9.1202396026e-04,1.1502983305e-03,1.0790010941e-03,1.2802402140e-03,1.1715496310e-03
2021-07-04,1.3172993800e-03,1.2248505993e-03,1.3295429878e-03,1.4885994018e-03,1.3341899279e-03,1.2093139831e-03
2021-07-05,1.3326961981e-03,1.0799588908e-03,1.4132770733e-03,1.5086277185e-03,1.4729062003e-03,1.1887111076e-03
2021-07-06,2.1458125358e-03,1.7985518786e-03,2.2520005124e-03,2.3490865483e-03,2.3297504917e-03,1.9996732482e-03
2021-07-07,1.8713556628e-03,1.6016658076e-03,1.8738679967e-03,2.4194548599e-03,1.9941188028e-03,1.4676708471e-03
2021-07-08,1.6797903652e-03,1.6156358418e-03,1.6225331468e-03,1.7364695291e-03,1.8360118833e-03,1.5883014248e-03
2021-07-09,1.4696291078e-03,1.2862576852e-03,1.4838017402e-03,1.7386810547e-03,1.4179788988e-03,1.4214261602e-03
2021-07-10,1.0304375942e-03,8.0161468973e-04,1.0204867516e-03,1.0526921917e-03,1.1901900726e-03,1.0872042654e-03
2021-07-11,1.0706257236e-03,1.0153316436e-03,1.1295187933e-03,1.1608405192e-03,1.0928236544e-03,9.5461400737e-04
2021-07-12,1.1985609700e-03,1.0002980696e-03,1.2664128640e-03,1.3869675593e-03,1.3165441556e-03,1.0225822015e-03
2021-07-13,1.3886134171e-03,1.1400270858e-03,1.5157679628e-03,1.4023714314e-03,1.4783813186e-03,1.4065192870e-03
2021-07-14,1.0972612490e-03,1.0082776974e-03,1.0475219539e-03,1.4318433762e-03,1.1672757722e-03,8.3138744555e-04
2021-07-15,1.5926486912e-03,1.4998366245e-03,1.5968559177e-03,1.6286783221e-03,1.7781136152e-03,1.4597589765e-03
2021-07-16,1.0902201581e-03,8.7028652600e-04,1.1198280622e-03,1.2192542565e-03,1.1414590092e-03,1.1002729368e-03
2021-07-17,7.6821773017e-04,6.3215135334e-04,8.1157319540e-04,8.1096496250e-04,9.1171142360e-04,6.7468771600e-04
2021-07-18,8.7512378754e-04,8.5640715676e-04,8.8128091039e-04,9.0304958529e-04,8.7877658845e-04,8.5610469682e-04
2021-07-19,1.0162909416e-03,9.6916558790e-04,9.8096356977e-04,1.0387638499e-03,1.0879516928e-03,1.0046100078e-03
2021-07-20,1.1128774707e-03,9.7923214232e-04,1.1040858742e-03,1.0784301496e-03,1.1266529428e-03,1.2759862445e-03
2021-07-21,1.3107091530e-03,1.3857659785e-03,1.2290888791e-03,1.6176901160e-03,1.1327461353e-03,1.1882546561e-03
2021-07-22,2.4732237584e-03,2.2392463307e-03,2.5731464030e-03,2.5595990248e-03,2.3772987607e-03,2.6168282729e-03
2021-07-23,8.4272695388e-04,7.7547932583e-04,8.8280932463e-04,8.9136160837e-04,8.6136447689e-04,8.0262003368e-04
2021-07-24,8.2583919414e-04,7.0939046061e-04,8.2247533527e-04,7.4376833005e-04,9.8815294126e-04,8.6540890349e-04
2021-07-25,8.3539639618e-04,8.2510095210e-04,7.8973228138e-04,8.2354915276e-04,8.5874777762e-04,8.7985181705e-04
2021-07-26,1.1827911201e-03,1.1114228874e-03,1.1524636838e-03,1.1316414290e-03,1.3649234617e-03,1.1535041384e-03
2021-07-27,3.3276930908e-03,3.0704446083e-03,3.3794299487e-03,4.1564188997e-03,3.1999087882e-03,2.8322632092e-03
2021-07-28,3.1804257045e-03,3.0859754273e-03,2.9569078858e-03,3.1131287887e-03,2.8927505180e-03,3.8533659029e-03
2021-07-29,3.1086614113e-03,2.9921011303e-03,3.3585207896e-03,2.9883012452e-03,2.9617288343e-03,3.2426550572e-03
2021-07-30,1.3866285712e-03,1.4900526076e-03,1.5988941933e-03,1.4494779532e-03,1.1858398145e-03,1.2088782875e-03
2021-07-31,1.9615933589e-03,1.8884330288e-03,1.5869600009e-03,2.1449308865e-03,1.8465677942e-03,2.3410750843e-03
2021-08-01,1.3628468135e-03,1.2855893715e-03,1.3061043352e-03,1.4086132796e-03,1.4337459168e-03,1.3801811645e-03
2021-08-02,2.0189975036e-03,2.1454749523e-03,2.3389935019e-03,1.7795396544e-03,1.8415099234e-03,1.9894694860e-03
2021-08-03,1.3305406132e-03,1.3077253776e-03,1.3141496441e-03,1.2180957885e-03,1.5233569349e-03,1.2893753208e-03
2021-08-04,1.6976577106e-03,1.7151898570e-03,1.7897323689e-03,1.8878996251e-03,1.7093235919e-03,1.3861431103e-03
2021-08-05,1.9297083410e-03,1.6996207933e-03,2.0518497575e-03,1.8718478747e-03,2.0464492290e-03,1.9787740507e-03
2021-08-06,1.5210923099e-03,1.6048922312e-03,1.7926594359e-03,1.4113035325e-03,1.3958812414e-03,1.4007251085e-03
2021-08-07,1.6571697240e-03,1.4380366559e-03,1.5359661792e-03,1.8322462885e-03,1.5629987409e-03,1.9166007553e-03
2021-08-08,1.9025668413e-03,1.7025069969e-03,1.9645479920e-03,2.1290719222e-03,1.7769179376e-03,1.9397893577e-03
2021-08-09,1.9527711211e-03,1.8452833165e-03,2.3024118891e-03,1.6991268227e-03,2.0594905762e-03,1.8575430011e-03
2021-08-10,2.2972249827e-03,2.3779336650e-03,2.5802856894e-03,2.2091547408e-03,2.4953096416e-03,1.8234411766e-03
2021-08-11,1.5816064985e-03,1.5850650340e-03,1.6553534921e-03,1.5910413606e-03,1.7067573852e-03,1.3698152207e-03
2021-08-12,1.8164592641e-03,1.7074387569e-03,1.8377249989e-03,1.7580216615e-03,1.9385144368e-03,1.8405964665e-03
2021-08-13,1.1991776964e-03,1.0695314990e-03,1.2929575889e-03,1.2398558892e-03,1.1950502618e-03,1.1984932430e-03
2021-08-14,1.6450686234e-03,1.2741719517e-03,1.5972093977e-03,1.7520988918e-03,1.6075581167e-03,1.9943047589e-03
2021-08-15,1.1899101302e-03,1.1340680229e-03,1.2630631086e-03,1.2241298964e-03,1.2148822235e-03,1.1134073996e-03
2021-08-16,1.2639503672e-03,1.1485286062e-03,1.4606351844e-03,1.0596948265e-03,1.4442355064e-03,1.2066577126e-03
2021-08-17,1.3806331262e-03,1.2627667629e-03,1.3981823054e-03,1.4194188907e-03,1.5148087353e-03,1.3079889366e-03
2021-08-18,1.5544012578e-03,1.5922328707e-03,1.5249129529e-03,1.9700565690e-03,1.4167345558e-03,1.2680693407e-03
2021-08-19,1.8043528204e-03,1.7488306808e-03,1.8494065640e-03,1.7026458888e-03,1.9303081905e-03,1.7905727779e-03
2021-08-20,1.2454539760e-03,1.3462126720e-03,1.2592032030e-03,1.3413586527e-03,1.1040030400e-03,1.1764923125e-03
2021-08-21,1.0770737100e-03,9.1783219060e-04,1.0310847341e-03,9.9511190767e-04,1.1615772781e-03,1.2797624394e-03
2021-08-22,9.6818397353e-04,9.2451802190e-04,9.7654601029e-04,9.6746021989e-04,1.0134830186e-03,9.5891259696e-04
2021-08-23,1.0614040729e-03,1.0237172614e-03,1.0263512384e-03,1.1005001513e-03,1.1362372292e-03,1.0202144842e-03
2021-08-24,8.9281832986e-04,8.3675520516e-04,8.6062375518e-04,9.5254074809e-04,9.4796931713e-04,8.6620262375e-04
2021-08-25,1.2111402861e-03,1.2631904740e-03,1.1875629009e-03,1.4209781134e-03,1.0173611199e-03,1.1666088224e-03
2021-08-26,1.4603495221e-03,1.3733500079e-03,1.4824703845e-03,1.4727863844e-03,1.5580865307e-03,1.4150543031e-03
2021-08-27,1.1731682900e-03,9.0068001635e-04,1.2369260853e-03,1.2699071267e-03,1.1603747528e-03,1.2979534688e-03
2021-08-28,9.5378377785e-04,8.0873682151e-04,9.5018146577e-04,8.8747557694e-04,1.0488285547e-03,1.0736964703e-03
2021-08-29,6.3464587374e-04,6.7824256226e-04,6.3083711531e-04,5.9291585003e-04,6.3188661065e-04,6.3934723045e-04
2021-08-30,9.9282308136e-04,1.0282932834e-03,9.3987678696e-04,9.7077482994e-04,1.0390952412e-03,9.8607526525e-04
2021-08-31,1.2021299279e-03,1.0591420601e-03,1.1919499940e-03,1.1425060919e-03,1.2046992375e-03,1.4123522561e-03
2021-09-01,9.3468610117e-04,8.4515254973e-04,8.9994734411e-04,1.0779724823e-03,1.0180094788e-03,8.3234865101e-04
2021-09-02,1.2580251641e-03,1.2013862038e-03,1.2711205280e-03,1.3012086780e-03,1.2625801377e-03,1.2538302731e-03
2021-09-03,7.0200991079e-04,6.6147073227e-04,6.9081666885e-04,7.1544236296e-04,7.3864794620e-04,7.0367184365e-04
2021-09-04,7.4683040417e-04,6.5011117241e-04,7.7386052102e-04,7.2877505280e-04,8.5780598573e-04,7.2359928888e-04
2021-09-05,6.4829352212e-04,6.8608923172e-04,6.3822241118e-04,6.1248052719e-04,6.5143097695e-04,6.5324446354e-04
2021-09-06,9.9317950317e-04,1.0123741196e-03,9.0823149550e-04,1.0378704796e-03,1.0443938555e-03,9.6302756573e-04
2021-09-07,7.1931508244e-04,6.6665415701e-04,6.7507972062e-04,7.2472588570e-04,7.5644927723e-04,7.7366637162e-04
2021-09-08,6.5831152568e-03,5.3891525921e-03,5.6390818245e-03,7.7048319355e-03,8.4620621871e-03,5.7204477448e-03
2021-09-09,2.8874176000e-03,2.3462765921e-03,3.1601735808e-03,2.8309213510e-03,3.2033695394e-03,2.8963469370e-03
2021-09-10,1.8216919108e-03,2.1071151809e-03,2.0066248751e-03,1.7817650873e-03,1.6269310992e-03,1.5860233115e-03
2021-09-11,1.3953618064e-03,1.6883773886e-03,1.0130768262e-03,1.7171963295e-03,1.3185363029e-03,1.2396221851e-03
2021-09-12,1.5915717165e-03,1.9729679019e-03,1.4913131733e-03,1.4378022256e-03,1.6389399155e-03,1.4168353664e-03
2021-09-13,1.3401303793e-03,1.1581565479e-03,1.3732434358e-03,1.4653338039e-03,1.3457254131e-03,1.3581926959e-03
2021-09-14,2.2374383120e-03,2.4233501313e-03,2.0724688768e-03,2.5484139982e-03,2.1368847932e-03,2.0060737604e-03
2021-09-15,1.7475335552e-03,1.6904090680e-03,1.6791698356e-03,1.7872846401e-03,1.7442866355e-03,1.8365175969e-03
2021-09-16,1.3467880390e-03,1.2385850463e-03,1.2989294714e-03,1.2712367976e-03,1.4314950000e-03,1.4936938796e-03
2021-09-17,1.0891678229e-03,1.2040838195e-03,9.8415449399e-04,1.1109090197e-03,9.3448177596e-04,1.2122100051e-03
2021-09-18,8.0328000158e-04,1.0662762678e-03,6.9218531199e-04,7.1185450579e-04,6.8461957089e-04,8.6146435145e-04
2021-09-19,9.2884529321e-04,1.3600657138e-03,8.2471060944e-04,8.0868684639e-04,7.2222038934e-04,9.2854290704e-04
2021-09-20,1.0597990390e-03,1.2002556091e-03,1.0375650631e-03,1.0313965569e-03,8.5617372763e-04,1.1736042384e-03
2021-09-21,3.8402381676e-03,3.6246901298e-03,3.8883926136e-03,4.5803971976e-03,3.6025147741e-03,3.5051961229e-03
2021-09-22,3.3680820450e-03,2.9276282127e-03,3.5131765820e-03,4.2486943593e-03,3.2304265835e-03,2.9204844876e-03
2021-09-23,3.0568073727e-03,2.0155780807e-03,3.5617434437e-03,3.0147447120e-03,3.3425186749e-03,3.3494519520e-03
2021-09-24,1.7599583328e-03,1.9077112059e-03,1.8307895108e-03,1.7865792955e-03,1.6676943269e-03,1.6070173247e-03
2021-09-25,1.8402674282e-03,2.0242743782e-03,1.5615215524e-03,2.3289722533e-03,1.7272901270e-03,1.5592788302e-03
2021-09-26,1.8203473012e-03,2.0268584207e-03,1.8999745754e-03,1.9531770663e-03,1.7508764107e-03,1.4708500330e-03
2021-09-27,2.1329753334e-03,1.4525239249e-03,2.5370007336e-03,2.3765063779e-03,2.1599178772e-03,2.1389277535e-03
2021-09-28,1.9378082042e-03,2.2238012083e-03,1.8085527143e-03,1.8179906098e-03,1.7989287239e-03,2.0397677644e-03
2021-09-29,2.1176618537e-03,2.1309881259e-03,2.0671346513e-03,2.4942079353e-03,1.9298645125e-03,1.9661140436e-03
2021-09-30,1.9832612668e-03,1.5272731331e-03,2.1598231786e-03,2.0195701072e-03,2.1701913159e-03,2.0394485990e-03
2021-10-01,1.5163603564e-03,1.8133316714e-03,1.4486284645e-03,1.3822453937e-03,1.3689093493e-03,1.5686869032e-03
2021-10-02,2.1390354987e-03,1.7883539047e-03,2.3605396730e-03,2.4931571536e-03,2.0596726462e-03,1.9934541159e-03
2021-10-03,1.1798889854e-03,1.6575592901e-03,1.0140047508e-03,9.8727241412e-04,1.0673216010e-03,1.1732868711e-03
2021-10-04,1.2416391063e-03,1.2693145022e-03,1.1491342883e-03,1.0803427008e-03,1.2699995941e-03,1.4394044460e-03
2021-10-05,1.5687595972e-03,1.9636810104e-03,1.3663326629e-03,1.3732877640e-03,1.4579912017e-03,1.6825053469e-03
2021-10-06,1.7663622177e-03,1.9239302147e-03,1.5507286938e-03,1.6322105860e-03,1.6694786862e-03,2.0554629078e-03
2021-10-07,2.5587312064e-03,1.6158047643e-03,2.9390881678e-03,2.9319193256e-03,2.7529880764e-03,2.5538556978e-03
2021-10-08,1.4600917214e-03,1.7426763983e-03,1.2760959687e-03,1.2614927840e-03,1.2024869446e-03,1.8177065113e-03
2021-10-09,9.7730999482e-04,1.3253461096e-03,7.6740236120e-04,8.1030646267e-04,8.6437223359e-04,1.1191228070e-03
2021-10-10,1.1374111293e-03,1.6209469980e-03,9.8216922720e-04,9.2228985746e-04,1.0083481189e-03,1.1533014451e-03
2021-10-11,1.3584108391e-03,1.3528287560e-03,1.3153545300e-03,1.1609239457e-03,1.3824534728e-03,1.5804934912e-03
2021-10-12,1.4539838157e-03,1.8780636447e-03,1.2755718139e-03,1.1296406211e-03,1.4244711506e-03,1.5621718484e-03
2021-10-13,1.6003859650e-03,2.1591955407e-03,1.3082613639e-03,1.4379533158e-03,1.2306857129e-03,1.8658338919e-03
2021-10-14,1.8286056521e-03,1.4576546861e-03,1.9185473982e-03,1.9414618542e-03,1.9693769776e-03,1.8559873445e-03
2021-10-15,1.0824217885e-03,1.3492917337e-03,9.2886702691e-04,9.2241615350e-04,9.0958384293e-04,1.3019501856e-03
2021-10-16,1.5265459315e-03,1.5693486229e-03,1.5357881402e-03,1.6493348542e-03,1.3563422168e-03,1.5219158235e-03
2021-10-17,1.2019863312e-03,1.6506335029e-03,1.0308683549e-03,1.0765399370e-03,1.0903917559e-03,1.1614981054e-03
2021-10-18,1.2365022366e-03,1.2685227400e-03,1.1291954835e-03,1.0841935204e-03,1.2906940558e-03,1.4099053831e-03
2021-10-19,1.3438467791e-03,1.7941521865e-03,1.0858794708e-03,1.1815093516e-03,1.1996104446e-03,1.4580824420e-03
2021-10-20,1.6715787944e-03,1.8500904623e-03,1.4454471288e-03,1.5654755812e-03,1.5412031170e-03,1.9556776824e-03
2021-10-21,1.5899948480e-03,1.3957537052e-03,1.6132056689e-03,1.6162161266e-03,1.6474022123e-03,1.6773965270e-03
2021-10-22,2.3662101601e-03,2.6103836124e-03,1.6570795273e-03,2.3626844319e-03,2.4262748269e-03,2.7746284018e-03
2021-10-23,1.6640778511e-03,1.5487464527e-03,1.7215762935e-03,1.8556519219e-03,1.8308586650e-03,1.3635559224e-03
2021-10-24,1.6222611808e-03,1.7002741040e-03,1.8018732559e-03,1.5780468362e-03,1.7203453407e-03,1.3107663670e-03
2021-10-25,1.6054432527e-03,1.3809448459e-03,1.6539004796e-03,1.7454202045e-03,1.6512298792e-03,1.5957208542e-03
2021-10-26,1.6960764677e-03,1.8004411661e-03,1.8901649365e-03,1.6490606860e-03,1.5291113836e-03,1.6116041660e-03
2021-10-27,1.9197021054e-03,2.2579599913e-03,1.7151932949e-03,2.0310460022e-03,1.5865703442e-03,2.0077408945e-03
2021-10-28,2.0061044644e-03,1.8316562833e-03,1.7988143264e-03,2.1762357765e-03,2.0751780729e-03,2.1486378631e-03
2021-10-29,2.0388985115e-03,2.1120991775e-03,1.7942717683e-03,1.9770870271e-03,2.0812237252e-03,2.2298108595e-03
2021-10-30,1.6402456704e-03,1.5899512787e-03,1.7189677248e-03,1.6523579402e-03,1.7922424534e-03,1.4477089551e-03
2021-10-31,1.6480361044e-03,1.7512269812e-03,1.7886019820e-03,1.5831227345e-03,1.7793466648e-03,1.3378821593e-03
2021-11-01,1.6505805631e-03,1.4429422246e-03,1.6679454188e-03,1.7761219524e-03,1.6730944843e-03,1.6927987354e-03
2021-11-02,1.7966191924e-03,1.9619265609e-03,1.8645503410e-03,1.7275028875e-03,1.6496361977e-03,1.7794799751e-03
2021-11-03,1.8092926580e-03,1.8356081944e-03,1.8306309715e-03,1.8493564290e-03,1.5461370666e-03,1.9847306285e-03
2021-11-04,1.7804172086e-03,1.4748216278e-03,1.8005002563e-03,2.0354913530e-03,1.9691902281e-03,1.6220825780e-03
2021-11-05,1.7391940861e-03,1.3921229877e-03,1.6363930755e-03,2.0285701745e-03,1.9914816204e-03,1.6474025725e-03
2021-11-06,1.5069575428e-03,1.2721135198e-03,1.7352895509e-03,1.6790073229e-03,1.6886537064e-03,1.1597236139e-03
2021-11-07,1.5193362004e-03,1.5706780204e-03,1.7689212112e-03,1.4910576452e-03,1.5826922205e-03,1.1833319050e-03
2021-11-08,1.4745676154e-03,1.2251755687e-03,1.6355076967e-03,1.6699654743e-03,1.5537497221e-03,1.2884396153e-03
2021-11-09,1.6957688155e-03,1.7759600826e-03,1.9171939694e-03,1.7653411768e-03,1.4244779677e-03,1.5958708810e-03
2021-11-10,1.7160643564e-03,1.7630459107e-03,1.7802214820e-03,1.8588463151e-03,1.5411676237e-03,1.6370404505e-03
2021-11-11,2.1661219932e-03,2.0927331049e-03,1.8592763120e-03,2.2749167710e-03,2.2056495165e-03,2.3980342616e-03
2021-11-12,1.6845264251e-03,1.4378275125e-03,1.6796493229e-03,1.9252568671e-03,1.9090631841e-03,1.4708352389e-03
2021-11-13,1.2957874095e-03,1.2518841460e-03,1.7330261081e-03,1.5928270851e-03,8.2170299325e-04,1.0794967150e-03
2021-11-14,1.3197490531e-03,1.4795627140e-03,1.7977245961e-03,1.3519089322e-03,8.8993659859e-04,1.0796124246e-03
2021-11-15,1.3624759038e-03,1.1226621971e-03,1.6743350696e-03,1.5174668409e-03,1.2107331134e-03,1.2871822979e-03
2021-11-16,1.5024299704e-03,1.5015908403e-03,1.8456231701e-03,1.5137956844e-03,1.0666936676e-03,1.5844464898e-03
2021-11-17,2.2309469311e-03,2.7225838362e-03,1.7789177388e-03,2.5153649690e-03,1.6974826631e-03,2.4403854482e-03
2021-11-18,1.8870847193e-03,1.4869831100e-03,1.8808823825e-03,2.1341649849e-03,2.0537570150e-03,1.8796361040e-03
2021-11-19,2.1561594054e-03,2.1842607417e-03,1.6544767922e-03,2.3915656158e-03,1.7789151360e-03,2.7715787411e-03
2021-11-20,1.3245075481e-03,1.3141489595e-03,1.7391049666e-03,1.4820388811e-03,9.5085106740e-04,1.1363938661e-03
2021-11-21,1.4846130264e-03,1.5904400999e-03,1.8406644645e-03,1.4488976132e-03,1.2853457850e-03,1.2577171696e-03
2021-11-22,1.4653522403e-03,1.3563962337e-03,1.6516033146e-03,1.6087979004e-03,1.2467947929e-03,1.4631689601e-03
2021-11-23,2.0444344307e-03,2.2964515609e-03,1.8886607881e-03,1.9222254224e-03,2.0566300123e-03,2.0582043697e-03
2021-11-24,1.9624382056e-03,1.8380692231e-03,1.8483360096e-03,2.0449089412e-03,1.9195540958e-03,2.1613227583e-03
2021-11-25,1.7056719673e-03,1.4171806105e-03,1.8176086158e-03,2.0396926650e-03,1.5856458962e-03,1.6682320488e-03
2021-11-26,1.3412537244e-03,1.2231337356e-03,1.7735906851e-03,1.6652479677e-03,8.3277933616e-04,1.2115168972e-03
2021-11-27,1.8641129919e-03,2.2910628435e-03,1.6963409428e-03,2.3051507151e-03,1.0511269432e-03,1.9768835150e-03
2021-11-28,1.4254364805e-03,1.5495135234e-03,1.8260192718e-03,1.4776214971e-03,1.0986840115e-03,1.1753440985e-03
2021-11-29,1.5744024503e-03,1.2539717462e-03,1.7227521160e-03,1.6769387321e-03,1.6864249711e-03,1.5319246859e-03
2021-11-30,1.4799176984e-03,1.5379718087e-03,1.8850687350e-03,1.4666779138e-03,1.1267242352e-03,1.3831457995e-03
2021-12-01,1.9452962211e-03,2.0815812368e-03,1.8222795600e-03,2.1673743403e-03,1.6749358249e-03,1.9803101434e-03
2021-12-02,1.7923240126e-03,1.4310579211e-03,1.8529431018e-03,2.0720581403e-03,1.8512208306e-03,1.7543400693e-03
2021-12-03,1.4658809252e-03,1.2680550890e-03,1.6953627488e-03,1.8721310907e-03,1.0517006804e-03,1.4421550170e-03
2021-12-04,1.5634575372e-03,1.6799916565e-03,1.7375230388e-03,1.9972551939e-03,9.4586889884e-04,1.4566488979e-03
2021-12-05,2.8363183871e-03,4.1193797834e-03,1.9061921093e-03,2.7348231201e-03,2.7148042568e-03,2.7063926660e-03
2021-12-06,1.7845075237e-03,1.5453181316e-03,1.7212209695e-03,1.8089550528e-03,1.7478062550e-03,2.0992372096e-03
2021-12-07,2.0656968018e-03,2.4762885909e-03,1.8883748870e-03,1.8643012143e-03,1.7641707669e-03,2.3353485497e-03
2021-12-08,1.9820986549e-03,2.1911277119e-03,1.8007363056e-03,2.0273997960e-03,1.6279662208e-03,2.2632632403e-03
2021-12-09,2.0762909082e-03,1.8111649622e-03,1.8700299300e-03,2.1336221654e-03,2.1773136033e-03,2.3893238801e-03
2021-12-10,2.2951656680e-03,2.3339784407e-03,1.6115414615e-03,2.3959708997e-03,2.3306674181e-03,2.8036701199e-03
2021-12-11,1.7041416680e-03,1.6236727158e-03,1.7212433101e-03,1.8038340931e-03,1.8581624727e-03,1.5137957481e-03
2021-12-12,1.7777080095e-03,1.8797941991e-03,1.8400988862e-03,1.6874518622e-03,1.8883208108e-03,1.5928742893e-03
2021-12-13,1.5601678821e-03,1.2458425140e-03,1.6772232993e-03,1.6599029485e-03,1.6813747524e-03,1.5364958962e-03
2021-12-14,2.3736440017e-03,2.9090658976e-03,1.8277420139e-03,2.1856096837e-03,2.0862686238e-03,2.8595337897e-03
2021-12-15,2.0526571707e-03,2.1466933912e-03,1.8505245811e-03,2.1351036629e-03,1.6475276904e-03,2.4834365279e-03
2021-12-16,1.9749467271e-03,1.5974459408e-03,1.8782437106e-03,2.1356793563e-03,2.1065419121e-03,2.1568227155e-03
2021-12-17,1.8317669240e-03,1.5421469123e-03,1.6426081039e-03,2.1304266848e-03,2.0548471114e-03,1.7888058077e-03
2021-12-18,1.7169590651e-03,1.5741703061e-03,1.7296778024e-03,1.9352433758e-03,1.8819265883e-03,1.4637772528e-03
2021-12-19,1.6110656635e-03,1.6890427901e-03,1.7976159161e-03,1.5201551080e-03,1.7587627307e-03,1.2897517727e-03
2021-12-20,1.6076746511e-03,1.3250150933e-03,1.6886611304e-03,1.6824772578e-03,1.6880657457e-03,1.6541540285e-03
2021-12-21,1.6805639447e-03,1.7666416222e-03,1.8657378787e-03,1.5970332392e-03,1.5726367713e-03,1.6007702120e-03
2021-12-22,1.8024552851e-03,1.8098766189e-03,1.8420605719e-03,1.8238767029e-03,1.5532507600e-03,1.9832117719e-03
2021-12-23,1.6846237160e-03,1.3458214287e-03,1.7659211098e-03,1.9317573706e-03,1.9301643165e-03,1.4494543542e-03
2021-12-24,1.6276066405e-03,1.3812847588e-03,1.7716777263e-03,1.7679523344e-03,1.8437190543e-03,1.3733993288e-03
2021-12-25,1.4308929369e-03,1.1489638550e-03,1.7520346821e-03,1.4901141247e-03,1.6875663200e-03,1.0757857028e-03
2021-12-26,1.4623003993e-03,1.4821675394e-03,1.7464861161e-03,1.3740550320e-03,1.6124315220e-03,1.0963617870e-03
2021-12-27,1.2867240607e-03,1.0152351787e-03,1.6081267270e-03,1.3881931725e-03,1.3650400588e-03,1.0570251668e-03
2021-12-28,1.3608071042e-03,1.2431316882e-03,1.8369004418e-03,1.2958219644e-03,1.2259426397e-03,1.2022387871e-03
2021-12-29,2.0225343444e-03,2.4067611183e-03,1.6930112565e-03,2.2708353145e-03,1.5857212679e-03,2.1563427648e-03
2021-12-30,1.7590801918e-03,1.4712802592e-03,1.7733723623e-03,2.0171046208e-03,1.8796148465e-03,1.6540288701e-03
2021-12-31,1.4259893917e-03,1.0687811045e-03,1.7064544006e-03,1.5136082083e-03,1.6770017277e-03,1.1641015176e-03
2022-01-01,1.4249607338e-03,1.1855165549e-03,1.7250181964e-03,1.5257556150e-03,1.6670047117e-03,1.0215085912e-03
2022-01-02,1.4028918910e-03,1.4374642369e-03,1.7992667837e-03,1.3049674864e-03,1.4150127657e-03,1.0577481820e-03
2022-01-03,1.3449342633e-03,1.1429904305e-03,1.6025513529e-03,1.3960506499e-03,1.4179986164e-03,1.1650802670e-03
2022-01-04,1.4531304861e-03,1.3910915856e-03,1.8394617469e-03,1.3355797341e-03,1.3583907656e-03,1.3411285983e-03
2022-01-05,1.5944947209e-03,1.5724103702e-03,1.7865327652e-03,1.7181769571e-03,1.4376866582e-03,1.4576668539e-03
2022-01-06,2.0928076802e-03,2.1155687498e-03,1.7692501801e-03,2.3883880361e-03,1.9907356670e-03,2.2000957678e-03
2022-01-07,1.4577693241e-03,1.0484652576e-03,1.6802608254e-03,1.5469344200e-03,1.7975092431e-03,1.2156768744e-03
2022-01-08,1.6412071391e-03,1.5548232025e-03,1.7201980867e-03,1.8071592496e-03,1.8787736459e-03,1.2450815110e-03
2022-01-09,1.4636091509e-03,1.5117737353e-03,1.8061202854e-03,1.3965496654e-03,1.5170208355e-03,1.0865812327e-03
2022-01-10,1.4074216971e-03,1.1470095511e-03,1.6549938074e-03,1.4193707798e-03,1.5375109571e-03,1.2782233900e-03
2022-01-11,1.6538592469e-03,1.7765398256e-03,1.8863170504e-03,1.6059988984e-03,1.4933503849e-03,1.5070900753e-03
2022-01-12,1.7119857190e-03,1.6683532296e-03,1.8093430106e-03,1.7566998298e-03,1.4882703479e-03,1.8372621772e-03
2022-01-13,1.6686692836e-03,1.2614649941e-03,1.8396822535e-03,1.9385126107e-03,1.8213195326e-03,1.4823670270e-03
2022-01-14,1.6413015485e-03,1.2166643220e-03,1.6487822047e-03,1.8540283495e-03,1.9758939145e-03,1.5111389517e-03
2022-01-15,1.3422803503e-03,1.1211952437e-03,1.7338214215e-03,1.3150130146e-03,1.6152549711e-03,9.2611710061e-04
2022-01-16,1.2937434705e-03,1.3443638755e-03,1.7464157996e-03,1.1673806096e-03,1.2918711775e-03,9.1868589025e-04
2022-01-17,1.2323980950e-03,9.8431797921e-04,1.5719756590e-03,1.3108680267e-03,1.3266748816e-03,9.6815392851e-04
2022-01-18,1.4241060190e-03,1.3873494345e-03,1.8241316053e-03,1.3173617282e-03,1.2814017992e-03,1.3102855280e-03
2022-01-19,1.4585452480e-03,1.3053700147e-03,1.7737569669e-03,1.5474156342e-03,1.3736135097e-03,1.2925701143e-03
2022-01-20,1.5978985770e-03,1.3280871136e-03,1.7412917186e-03,1.8664157352e-03,1.7387562433e-03,1.3149420744e-03
2022-01-21,1.5162315624e-03,1.0669036954e-03,1.6461396307e-03,1.6488138892e-03,1.8468988973e-03,1.3724016996e-03
2022-01-22,2.5557918473e-03,3.1792641075e-03,1.6926404302e-03,2.7178364652e-03,2.8385999686e-03,2.3506182650e-03
2022-01-23,2.2851171671e-03,2.8299775582e-03,1.8892519334e-03,2.3850502055e-03,2.2949966082e-03,2.0263095302e-03
2022-01-24,1.7513137233e-03,1.5272543499e-03,1.7325894496e-03,1.7944438359e-03,1.6611970843e-03,2.0410838968e-03
2022-01-25,2.1175604275e-03,2.5785404217e-03,1.8377729019e-03,1.9019041467e-03,1.8744294460e-03,2.3951552213e-03
2022-01-26,2.1634193192e-03,2.3551246892e-03,1.8127719223e-03,2.2608490670e-03,1.7580772135e-03,2.6302737039e-03
2022-01-27,2.2923426877e-03,2.1714801072e-03,1.9066331376e-03,2.3152198361e-03,2.3229913532e-03,2.7453890045e-03
2022-01-28,1.8766006876e-03,1.9187732941e-03,1.7030704999e-03,1.9046816761e-03,2.0302307984e-03,1.8262471694e-03
2022-01-29,1.5707916595e-03,1.4921296699e-03,1.6891402505e-03,1.5593471615e-03,1.7851385368e-03,1.3282026788e-03
2022-01-30,1.5863109761e-03,1.7269476365e-03,1.7919361005e-03,1.5171655421e-03,1.6093696521e-03,1.2861359494e-03
2022-01-31,1.5016538527e-03,1.2420605375e-03,1.6513440749e-03,1.5926864363e-03,1.5116171693e-03,1.5105610454e-03
2022-02-01,1.5794920655e-03,1.6725970833e-03,1.8650765880e-03,1.4478097873e-03,1.4434932997e-03,1.4684835694e-03
2022-02-02,1.6996744295e-03,1.6375590673e-03,1.7717844253e-03,1.9059270486e-03,1.5127637737e-03,1.6703378326e-03
2022-02-03,1.9719258281e-03,1.8352032314e-03,1.7262083122e-03,2.2896662721e-03,1.8810635325e-03,2.1274877925e-03
2022-02-04,1.5193684822e-03,1.1842755508e-03,1.6808402450e-03,1.6787442439e-03,1.7637388804e-03,1.2892434908e-03
2022-02-05,1.6957654045e-03,1.5302057132e-03,1.8001278319e-03,1.5386257664e-03,1.7969677112e-03,1.8128999998e-03
2022-02-06,1.4449498559e-03,1.5317044072e-03,1.7665938957e-03,1.4107009194e-03,1.4323393788e-03,1.0834106784e-03
2022-02-07,1.4332006549e-03,1.1365705012e-03,1.6742326424e-03,1.5459570159e-03,1.4923921809e-03,1.3168509339e-03
2022-02-08,1.5883837814e-03,1.6913660371e-03,1.8880228130e-03,1.4562971948e-03,1.4310587437e-03,1.4751741186e-03
2022-02-09,1.7535464983e-03,1.4738408643e-03,1.7755952688e-03,2.0897072000e-03,1.7041546669e-03,1.7244344914e-03
2022-02-10,1.5724906665e-03,1.4193706993e-03,1.5118185224e-03,1.6856691821e-03,1.7992911543e-03,1.4463037744e-03
2022-02-11,1.6503892346e-03,1.3331208857e-03,1.6383073872e-03,1.8529932147e-03,1.8029595200e-03,1.6245651652e-03
2022-02-12,1.3438579099e-03,1.0009745315e-03,1.3563809495e-03,1.5653100072e-03,1.6149243386e-03,1.1816997227e-03
2022-02-13,1.1435296745e-03,1.0399624130e-03,1.2821878009e-03,1.2638178298e-03,1.1097022047e-03,1.0219781239e-03
2022-02-14,1.1406491348e-03,1.1165676140e-03,1.1182425717e-03,1.1982936989e-03,1.1321015211e-03,1.1380402680e-03
2022-02-15,1.1550138633e-03,1.1783616022e-03,1.0130273339e-03,1.1190526719e-03,1.2131342608e-03,1.2514934478e-03
2022-02-16,1.2683282680e-03,1.1468938359e-03,1.3378223148e-03,1.2391374359e-03,1.2147239100e-03,1.4030638437e-03
2022-02-17,1.0484517894e-03,8.5583294241e-04,9.5292948957e-04,1.2396620718e-03,1.1352183471e-03,1.0586160961e-03
2022-02-18,1.7236374045e-03,1.0470936188e-03,1.4879750472e-03,1.7944890134e-03,1.7442415615e-03,2.5443877815e-03
2022-02-19,9.4091781461e-04,6.7144750696e-04,1.0668202501e-03,9.1426207111e-04,1.2342561872e-03,8.1780305763e-04
2022-02-20,7.2690371830e-04,6.3531791662e-04,8.2627800832e-04,7.4645837268e-04,6.8389791041e-04,7.4256638349e-04
2022-02-21,1.3112710415e-03,1.5389158771e-03,1.3001342749e-03,1.3145579337e-03,1.0889741728e-03,1.3137729492e-03
2022-02-22,1.9791095820e-03,1.9813358362e-03,1.6454287400e-03,2.2946519884e-03,2.1378562147e-03,1.8362751309e-03
2022-02-23,1.9274376258e-03,1.9536915241e-03,1.8809865351e-03,2.0064328975e-03,1.6987538155e-03,2.0973233570e-03
2022-02-24,1.7950926160e-03,1.7466248032e-03,1.6376694832e-03,1.9876988321e-03,1.8187614716e-03,1.7847084899e-03
2022-02-25,2.3951058192e-03,2.8679666607e-03,2.5424677015e-03,2.0983199117e-03,2.1301957556e-03,2.3365790664e-03
2022-02-26,1.4593227585e-03,1.5795591363e-03,1.3856230882e-03,1.3537873323e-03,1.6590187848e-03,1.3186254509e-03
2022-02-27,1.2823593708e-03,1.2579636677e-03,1.3827326231e-03,1.3438333767e-03,1.2815059469e-03,1.1457612396e-03
2022-02-28,2.2634260741e-03,2.5545948346e-03,2.2337097701e-03,1.9788692713e-03,2.0683037459e-03,2.4816527486e-03
2022-03-01,2.9190096462e-03,3.6771211250e-03,2.6412967857e-03,2.4660722170e-03,2.5270054817e-03,3.2835526214e-03
2022-03-02,2.1115848327e-03,2.1716942342e-03,2.0799090846e-03,2.1841559967e-03,1.8446629301e-03,2.2775019177e-03
2022-03-03,2.2087646786e-03,2.1780500303e-03,2.2851045469e-03,2.1961549761e-03,2.2144483229e-03,2.1700655170e-03
2022-03-04,1.6684513092e-03,1.3852483308e-03,1.5440968274e-03,1.9954813411e-03,1.7328430187e-03,1.6845870282e-03
2022-03-05,2.0499969532e-03,1.7227946184e-03,1.7824589424e-03,2.7041736668e-03,2.3518323647e-03,1.6887251737e-03
2022-03-06,9.4500111693e-04,8.4392540832e-04,1.0369109509e-03,1.0202295605e-03,9.3651465922e-04,8.8742500572e-04
2022-03-07,1.6439111973e-03,1.7475050517e-03,1.6839997591e-03,1.5886885606e-03,1.5222711650e-03,1.6770914500e-03
2022-03-08,1.6033181851e-03,1.5598305449e-03,1.4262267680e-03,1.8185819797e-03,1.6977756351e-03,1.5141759977e-03
2022-03-09,1.9118057472e-03,1.7835310468e-03,1.9108295043e-03,2.1514949987e-03,1.7564813863e-03,1.9566918001e-03
2022-03-10,2.2553402815e-03,2.3844854839e-03,2.2561379067e-03,2.0959519486e-03,2.2386196219e-03,2.3015064463e-03
2022-03-11,2.4487025175e-03,2.0590832865e-03,2.1050199300e-03,2.8036301054e-03,2.4449353804e-03,2.8308438851e-03
2022-03-12,1.2810559223e-03,1.0474789924e-03,1.2630074196e-03,1.4272041189e-03,1.5569913362e-03,1.1105977447e-03
2022-03-13,9.1086041541e-04,7.7574670721e-04,9.6999866426e-04,9.9299551905e-04,9.3767483903e-04,8.7788634752e-04
2022-03-14,1.5643945366e-03,1.5985067314e-03,1.5818970196e-03,1.6134827367e-03,1.4063685392e-03,1.6217176560e-03
2022-03-15,1.6253093686e-03,1.7223168191e-03,1.5463292555e-03,1.6331584649e-03,1.6571593648e-03,1.5675829389e-03
2022-03-16,1.3572629682e-03,1.1034130018e-03,1.3617575820e-03,1.6492186089e-03,1.3328465045e-03,1.3390791439e-03
2022-03-17,2.7354162714e-03,2.7509423491e-03,2.9980711714e-03,2.5169541371e-03,2.4790022383e-03,2.9321114614e-03
2022-03-18,1.1445486678e-03,8.8738657530e-04,1.1264553056e-03,1.4202514227e-03,1.2636691565e-03,1.0249808791e-03
2022-03-19,9.6199607505e-04,7.5837271774e-04,1.0604075087e-03,9.0588415798e-04,1.2846047409e-03,8.0071124994e-04
2022-03-20,8.2265124059e-04,6.9831253646e-04,8.8363370821e-04,8.7620678112e-04,8.4764635771e-04,8.0745681948e-04
2022-03-21,1.2117451624e-03,1.2222806620e-03,1.1474250144e-03,1.3464829582e-03,1.1229938002e-03,1.2195433770e-03
2022-03-22,1.0189721505e-03,1.0224470376e-03,9.1943233140e-04,1.0903362702e-03,9.3885297730e-04,1.1237921361e-03
2022-03-23,1.4060722763e-03,1.1891194256e-03,1.3813981610e-03,1.5837420590e-03,1.4018248794e-03,1.4742768566e-03
2022-03-24,1.0976264497e-03,9.2738932124e-04,9.9886112808e-04,1.2602093793e-03,1.3010299537e-03,1.0006424662e-03
2022-03-25,8.6309775717e-04,7.4684722193e-04,7.8943765505e-04,9.5285236877e-04,9.6949140652e-04,8.5686013358e-04
2022-03-26,7.2071137000e-04,4.5445953959e-04,8.7922635034e-04,6.7115797898e-04,9.8782616539e-04,6.1088681570e-04
2022-03-27,6.0013782760e-04,5.1977524955e-04,6.7268757555e-04,6.3509167709e-04,5.5102173832e-04,6.2211289750e-04
2022-03-28,1.2825891113e-03,1.3848821523e-03,1.2563294496e-03,1.3786593652e-03,1.2565398174e-03,1.1365347718e-03
2022-03-29,9.9708166702e-04,1.0525816052e-03,8.7495587030e-04,1.0449382412e-03,9.4492787951e-04,1.0680047389e-03
2022-03-30,9.4919570982e-04,7.4545225913e-04,9.9362217186e-04,1.0173347555e-03,9.7974582623e-04,1.0098235363e-03
2022-03-31,9.9533152318e-04,8.4417034789e-04,9.0237871855e-04,1.1740843650e-03,1.0858778229e-03,9.7014636150e-04
2022-04-01,1.0305783339e-03,7.3697428115e-04,9.4061190546e-04,1.1364538573e-03,1.1486537813e-03,1.1901978442e-03
2022-04-02,7.6795545282e-04,5.4520812603e-04,9.2030243956e-04,6.8965871752e-04,1.0417796146e-03,6.4282836643e-04
2022-04-03,7.8758994881e-04,7.6387256505e-04,8.3895651079e-04,8.3300989768e-04,7.4164456432e-04,7.6046620622e-04
2022-04-04,9.4121299033e-04,1.0523917548e-03,8.6332848715e-04,1.0077395158e-03,9.3491904698e-04,8.4768614689e-04
2022-04-05,9.0788508869e-04,9.9786812545e-04,7.7736884770e-04,8.9699226503e-04,8.6847882820e-04,9.9871737709e-04
2022-04-06,1.0012039484e-03,8.5628349217e-04,1.0245636221e-03,1.0333401338e-03,9.5454537699e-04,1.1372871171e-03
2022-04-07,1.6248708106e-03,1.5819437049e-03,1.5013457646e-03,1.9736681544e-03,1.3321382790e-03,1.7352581499e-03
2022-04-08,7.9285059713e-04,6.5310939184e-04,7.6908051754e-04,7.7765916874e-04,9.3753860958e-04,8.2686529796e-04
2022-04-09,7.9930614608e-04,5.8753360595e-04,9.1230151773e-04,8.0752309364e-04,9.9778456539e-04,6.9138794770e-04
2022-04-10,5.8621351543e-04,5.5226449882e-04,6.5741231605e-04,5.8741785470e-04,5.5689287881e-04,5.7708002876e-04
2022-04-11,8.0253284048e-04,9.6200615022e-04,7.1395736605e-04,8.4962180456e-04,7.4426958444e-04,7.4280929715e-04
2022-04-12,1.6856877675e-03,1.7459798130e-03,1.4379817070e-03,1.8641391979e-03,1.5458646608e-03,1.8344734589e-03
2022-04-13,1.0709590216e-03,9.1121471739e-04,1.1102317406e-03,1.1321846130e-03,1.0971485363e-03,1.1040155006e-03
2022-04-14,1.2365549760e-03,1.2385014780e-03,1.1907261719e-03,1.3604735719e-03,1.3039410821e-03,1.0891325763e-03
2022-04-15,8.9506935870e-04,7.0055388970e-04,8.1187520300e-04,9.4744889588e-04,1.0065383666e-03,1.0089304384e-03
2022-04-16,6.9313010624e-04,5.0555435133e-04,8.4051376676e-04,6.0884700965e-04,9.7716021621e-04,5.3357518725e-04
2022-04-17,5.4804928067e-04,5.2233047159e-04,6.0282755053e-04,5.5760815901e-04,5.1329682221e-04,5.4418339999e-04
2022-04-18,7.1780492599e-04,8.4625188363e-04,6.5561400672e-04,7.6192127672e-04,6.4609017403e-04,6.7914728888e-04
2022-04-19,9.8753137467e-04,1.1599927279e-03,8.2797608374e-04,1.0858523177e-03,8.9934738426e-04,9.6448835981e-04
2022-04-20,7.6873286963e-04,6.6738257894e-04,8.5902111020e-04,7.3207219133e-04,7.5965375858e-04,8.2553470907e-04
2022-04-21,8.4922469943e-04,7.6493272935e-04,7.6386135459e-04,9.6020198598e-04,9.4714887022e-04,8.0997855701e-04
2022-04-22,9.0156446091e-04,6.9075503876e-04,8.4874479383e-04,8.9521903167e-04,1.0921401668e-03,9.8096327344e-04
2022-04-23,7.5631548372e-04,5.6626700816e-04,8.8119612465e-04,7.2262219874e-04,9.8151298575e-04,6.2997910127e-04
2022-04-24,5.5968479509e-04,5.3652663387e-04,6.1092590989e-04,5.6799099455e-04,5.2498429235e-04,5.5799614480e-04
2022-04-25,7.3485447110e-04,8.6338430059e-04,6.5107948451e-04,7.7541303904e-04,7.3476539971e-04,6.4963013166e-04
2022-04-26,1.1521852008e-03,1.3080363300e-03,9.7482376118e-04,1.3253785531e-03,1.0842113334e-03,1.0684760261e-03
2022-04-27,1.6395665354e-03,1.8225373224e-03,1.5531891584e-03,1.8460328867e-03,1.2825790251e-03,1.6934942842e-03
2022-04-28,1.3038698686e-03,1.3219349602e-03,1.2943813211e-03,1.3615335950e-03,1.3773114893e-03,1.1641879772e-03
2022-04-29,9.8276531328e-04,8.9272439617e-04,1.0641690260e-03,9.7371557899e-04,1.0983399252e-03,8.8487763998e-04
2022-04-30,8.2856498725e-04,6.3209772531e-04,9.1317339824e-04,8.4670283370e-04,1.0509212465e-03,6.9992973247e-04
2022-05-01,7.8913995916e-04,8.0508614284e-04,7.8094028804e-04,8.2487144661e-04,7.6402665834e-04,7.7077526000e-04
2022-05-02,9.1983094246e-04,1.0967334787e-03,8.1746842127e-04,9.6945588688e-04,9.2630292647e-04,7.8919399901e-04
2022-05-03,9.4734821746e-04,1.0516798542e-03,8.1189657517e-04,9.7430798513e-04,9.2094737832e-04,9.7790929452e-04
2022-05-04,8.9100034099e-04,7.7807095144e-04,9.2210785324e-04,8.4814254945e-04,8.7079178964e-04,1.0358885612e-03
2022-05-05,1.1061416648e-03,1.1124879237e-03,1.0758931424e-03,1.2307857924e-03,1.0985641070e-03,1.0129773585e-03
2022-05-06,1.9204043397e-03,1.3623578590e-03,1.6400535024e-03,2.1172108965e-03,1.9584921037e-03,2.5239073368e-03
2022-05-07,8.3701889802e-04,6.5548811819e-04,9.3549399408e-04,8.0645974142e-04,1.1045955898e-03,6.8305704659e-04
2022-05-08,7.4520502522e-04,7.9615263819e-04,7.4494662976e-04,7.0438529632e-04,7.6223090245e-04,7.1830965941e-04
2022-05-09,1.5467625645e-03,1.9256331154e-03,1.6287335325e-03,1.3270034635e-03,1.3960029643e-03,1.4564397469e-03
2022-05-10,5.2452244963e-03,4.7062753437e-03,5.7595444031e-03,5.6429727762e-03,5.4329716032e-03,4.6843583551e-03
2022-05-11,3.4522083453e-03,3.0004430966e-03,3.7600470739e-03,3.6934957254e-03,3.3612939632e-03,3.4457618674e-03
2022-05-12,5.2759933001e-03,5.0237618514e-03,4.8844241460e-03,5.9540020206e-03,5.6594082407e-03,4.8583702420e-03
2022-05-13,4.6392374885e-03,4.9861629385e-03,4.8452543729e-03,4.5282001058e-03,4.4557639446e-03,4.3808060804e-03
2022-05-14,2.4009443096e-03,2.5657631852e-03,2.3981440102e-03,2.4719018002e-03,2.2678973213e-03,2.3010152310e-03
2022-05-15,2.3111455268e-03,2.3564652528e-03,2.1235529290e-03,2.3206891619e-03,2.4213752038e-03,2.3336450862e-03
2022-05-16,3.2258091233e-03,3.5417805956e-03,2.9684093989e-03,2.9016747730e-03,3.3226605316e-03,3.3945203172e-03
2022-05-17,2.8244624645e-03,2.6902120572e-03,2.6873763624e-03,2.7619608916e-03,2.7745933529e-03,3.2081696587e-03
2022-05-18,2.0491451280e-03,1.9853829914e-03,1.9902002002e-03,2.1126870054e-03,2.1148863725e-03,2.0425690705e-03
2022-05-19,2.4785513171e-03,2.5205593284e-03,2.2471082748e-03,2.5710700912e-03,2.1680596986e-03,2.8859591923e-03
2022-05-20,1.6639500921e-03,1.8626628085e-03,1.5437497922e-03,1.7297112509e-03,1.7332616352e-03,1.4503649734e-03
2022-05-21,1.0243557505e-03,9.3920445217e-04,9.8090072796e-04,1.0965746107e-03,9.8798134790e-04,1.1171176136e-03
2022-05-22,8.3898628479e-04,8.2185595666e-04,8.8201534630e-04,8.1572002727e-04,8.0381253710e-04,8.7152755659e-04
2022-05-23,1.2937814629e-03,1.2143644841e-03,1.2439931511e-03,1.4033232565e-03,1.3520477525e-03,1.2551786702e-03
2022-05-24,1.5349184555e-03,1.3528619747e-03,1.4972645678e-03,1.4318235993e-03,1.6275121188e-03,1.7651300169e-03
2022-05-25,1.2300527252e-03,1.1292530710e-03,1.1210492724e-03,1.3079251654e-03,1.3124351160e-03,1.2796010011e-03
2022-05-26,1.1926586381e-03,1.1383766802e-03,9.8389138981e-04,1.2742704102e-03,1.3430553291e-03,1.2236993813e-03
2022-05-27,1.2126448162e-03,1.0979741794e-03,1.1659611271e-03,1.3103184643e-03,1.1990500869e-03,1.2899202233e-03
2022-05-28,8.8444171181e-04,7.9209939735e-04,8.7979318740e-04,8.6652665897e-04,8.9273977954e-04,9.9104953580e-04
2022-05-29,7.5335707645e-04,7.3565072833e-04,7.7192878652e-04,7.2723644374e-04,7.2303759610e-04,8.0893182753e-04
2022-05-30,8.6450076101e-04,8.3947670507e-04,7.9521327491e-04,1.0242573127e-03,7.8627426454e-04,8.7728224785e-04
2022-05-31,1.7056344646e-03,1.7939591749e-03,1.7434781487e-03,1.6457631617e-03,1.7622508361e-03,1.5827210018e-03
2022-06-01,1.2075331907e-03,1.1157614294e-03,1.0925004231e-03,1.3825844251e-03,1.1986950439e-03,1.2481246318e-03
2022-06-02,2.0613527524e-03,2.2095518039e-03,1.8529360516e-03,2.0444692903e-03,1.6815293889e-03,2.5182772272e-03
2022-06-03,9.7074551120e-04,9.8545575773e-04,9.1820040636e-04,1.0541893512e-03,9.4972941890e-04,9.4615262183e-04
2022-06-04,6.0618058281e-04,6.0264074573e-04,5.5697594228e-04,5.9620382686e-04,6.0187423792e-04,6.7320816128e-04
2022-06-05,5.1294997093e-04,5.8623799880e-04,4.6640504956e-04,4.7853636927e-04,4.5577341994e-04,5.7779701708e-04
2022-06-06,7.9098281270e-04,8.4442093683e-04,8.1232753582e-04,8.3405536777e-04,8.0956274708e-04,6.5454747599e-04
2022-06-07,1.1498181594e-03,1.1777331290e-03,1.2498953698e-03,1.1685987597e-03,1.1717049057e-03,9.8115863283e-04
2022-06-08,2.1873152714e-03,1.8878156402e-03,2.1158048366e-03,2.6674964863e-03,2.3747666069e-03,1.8906927869e-03
2022-06-09,1.9875538206e-03,1.9501116365e-03,2.1664642435e-03,1.9784200479e-03,1.9663791030e-03,1.8763940723e-03
2022-06-10,8.6073382380e-04,8.2307085232e-04,9.2207421280e-04,8.9952099857e-04,8.6838777109e-04,7.9061528423e-04
2022-06-11,1.0154695262e-03,1.0469527693e-03,1.0655771187e-03,1.0033727282e-03,1.0762426069e-03,8.8520240808e-04
2022-06-12,1.2709847114e-03,1.1745328125e-03,1.3747946138e-03,1.2446991867e-03,1.5519784484e-03,1.0089184957e-03
2022-06-13,2.3390466683e-03,2.7561297605e-03,2.2893660907e-03,2.1339756081e-03,1.9384101376e-03,2.5773517449e-03
2022-06-14,8.8690739000e-03,7.1245312473e-03,1.0293229783e-02,9.7888443644e-03,9.0321853019e-03,8.1065788037e-03
2022-06-15,5.2088261394e-03,4.4635925102e-03,6.1383524018e-03,5.3747560166e-03,5.5109941335e-03,4.5564356347e-03
2022-06-16,4.9363667875e-03,4.8738995765e-03,5.2143179216e-03,4.9310123103e-03,4.2572071005e-03,5.4053970287e-03
2022-06-17,5.2837073652e-03,5.4587506019e-03,5.0318350628e-03,5.6165442350e-03,5.2679643163e-03,5.0434426102e-03
2022-06-18,1.9782470071e-03,1.9984898151e-03,1.9089146114e-03,2.0971580517e-03,2.0856847459e-03,1.8009878113e-03
2022-06-19,6.1548734812e-03,5.1511234914e-03,6.3260911904e-03,6.5432220567e-03,7.5988018920e-03,5.1551287756e-03
2022-06-20,6.0039939282e-03,5.2222871101e-03,6.4620515878e-03,5.2162400159e-03,6.3784905329e-03,6.7409003946e-03
2022-06-21,2.4082140944e-03,2.6267260848e-03,2.2756924392e-03,2.2845654410e-03,2.3985493258e-03,2.4555371812e-03
2022-06-22,3.6636216819e-03,3.4815572980e-03,3.9567817789e-03,3.5294012421e-03,3.5363031593e-03,3.8140649309e-03
2022-06-23,3.4070103353e-03,3.5703175689e-03,3.2140084282e-03,3.4607065634e-03,3.4044205167e-03,3.3855985995e-03
2022-06-24,2.6720932934e-03,3.2396520544e-03,2.4658320230e-03,2.4997527501e-03,2.6753158804e-03,2.4799137588e-03
2022-06-25,1.1586572647e-03,1.0754293077e-03,1.1517440751e-03,1.1809644898e-03,1.1605113013e-03,1.2246371495e-03
2022-06-26,1.0422220507e-03,1.0727039118e-03,1.0287955418e-03,1.0554526726e-03,9.0008858701e-04,1.1540695403e-03
2022-06-27,1.5328435277e-03,1.5085210244e-03,1.5312444902e-03,1.6130605747e-03,1.3876598645e-03,1.6237316845e-03
2022-06-28,1.2097632004e-03,1.2664061093e-03,1.0402129093e-03,1.1619905305e-03,1.2531244282e-03,1.3270820248e-03
2022-06-29,1.1803575333e-03,1.2535275325e-03,1.1221988696e-03,1.2260999047e-03,1.1324281757e-03,1.1675331838e-03
2022-06-30,1.3137095553e-03,1.2903651354e-03,1.1018647614e-03,1.4321766174e-03,1.4372922695e-03,1.3068489929e-03
2022-07-01,1.4679427767e-03,1.4801613307e-03,1.4362599411e-03,1.5274752264e-03,1.5034959685e-03,1.3923214166e-03
2022-07-02,1.7928048760e-03,1.6549121800e-03,2.0338212444e-03,1.8639288894e-03,1.6728703759e-03,1.7384916900e-03
2022-07-03,9.1376358415e-04,9.4598160164e-04,9.0620526097e-04,8.9703762509e-04,7.7164775126e-04,1.0479456818e-03
2022-07-04,1.7799322941e-03,1.6621391441e-03,1.7277916885e-03,1.8613402289e-03,1.7071265494e-03,1.9412638595e-03
2022-07-05,1.5257648707e-03,1.6742125767e-03,1.4238083288e-03,1.3193601659e-03,1.7056008379e-03,1.5058424442e-03
2022-07-06,1.8083483671e-03,1.8412421356e-03,1.7117122552e-03,1.9179476544e-03,1.9126532027e-03,1.6581865877e-03
2022-07-07,1.8050378736e-03,1.7764882570e-03,1.7456989721e-03,1.8546345863e-03,1.8993947955e-03,1.7489727571e-03
2022-07-08,1.2761927417e-03,1.3995860819e-03,1.1598699718e-03,1.2996980546e-03,1.3366017821e-03,1.1852078180e-03
2022-07-09,1.2817167785e-03,1.1613816760e-03,1.3975225046e-03,1.3920895325e-03,1.1740631461e-03,1.2835270334e-03
2022-07-10,1.0442996992e-03,1.0472621147e-03,1.0842781492e-03,1.0639712088e-03,9.4260423308e-04,1.0833827903e-03
2022-07-11,1.5822550980e-03,1.7982370460e-03,1.5943514991e-03,1.5432216971e-03,1.3624163962e-03,1.6130488516e-03
2022-07-12,1.5466880367e-03,1.4026384500e-03,1.4840411459e-03,1.3931319362e-03,1.6391685235e-03,1.8144601278e-03
2022-07-13,1.4064254724e-03,1.5646529805e-03,1.3432673873e-03,1.3942304343e-03,1.3203742115e-03,1.4096023481e-03
2022-07-14,2.5932260196e-03,2.3742872591e-03,2.9682982686e-03,2.6839222351e-03,2.3436383890e-03,2.5959839461e-03
2022-07-15,1.1909474588e-03,1.2512544546e-03,1.2461245925e-03,1.1783538549e-03,1.1064925639e-03,1.1725118283e-03
2022-07-16,8.8158305850e-04,8.2632462045e-04,9.0332808095e-04,9.0639074309e-04,8.9607972457e-04,8.7579212344e-04
2022-07-17,1.1478500146e-03,1.0543813650e-03,1.2077458722e-03,1.2024022197e-03,1.1490318124e-03,1.1256888038e-03
2022-07-18,1.5229263479e-03,1.6665132906e-03,1.5071683730e-03,1.4499011385e-03,1.4606739617e-03,1.5303749756e-03
2022-07-19,2.0900384584e-03,2.1246688683e-03,2.2610239089e-03,2.1725350385e-03,2.0852310643e-03,1.8067334119e-03
2022-07-20,3.0434270969e-03,2.7064627241e-03,3.2406147333e-03,3.1438127675e-03,2.9501885963e-03,3.1760566635e-03
2022-07-21,2.4910578427e-03,2.2332563350e-03,2.8210435453e-03,2.4700306174e-03,2.4555327287e-03,2.4754259873e-03
2022-07-22,1.4539217736e-03,1.5647265030e-03,1.5297182535e-03,1.4531986099e-03,1.3876830477e-03,1.3342824540e-03
2022-07-23,1.0858784474e-03,1.0173043327e-03,1.0754105669e-03,1.0983625083e-03,1.1309807048e-03,1.1073341245e-03
2022-07-24,1.2814234426e-03,1.1827812016e-03,1.2981200317e-03,1.3081245466e-03,1.3553759868e-03,1.2627154464e-03
2022-07-25,1.4571512918e-03,1.4289592518e-03,1.4327435799e-03,1.4830316354e-03,1.4190995282e-03,1.5219224639e-03
2022-07-26,1.9671707684e-03,1.7532045710e-03,2.0237498760e-03,1.8207235529e-03,1.9854382495e-03,2.2527375924e-03
2022-07-27,1.0816799816e-03,1.0499899881e-03,1.0374885848e-03,1.1915663518e-03,1.1003890029e-03,1.0289659804e-03
2022-07-28,2.0978432290e-03,2.0307702789e-03,2.2192062718e-03,2.2123434275e-03,1.9351752394e-03,2.0917209273e-03
2022-07-29,1.4327040508e-03,1.5564899661e-03,1.3998611306e-03,1.3666801155e-03,1.4263689555e-03,1.4141200863e-03
2022-07-30,8.9872995434e-04,8.3442828950e-04,9.5765874264e-04,9.2765821638e-04,8.7992635412e-04,8.9397816907e-04
2022-07-31,1.1573284395e-03,1.0702110725e-03,1.2467301488e-03,1.1955514619e-03,1.1663991227e-03,1.1077503914e-03
2022-08-01,1.5327608497e-03,1.6363554447e-03,1.5433439448e-03,1.4512540216e-03,1.4952363927e-03,1.5376144445e-03
2022-08-02,1.1709948574e-03,1.1508845117e-03,1.0729647957e-03,1.2575774269e-03,1.1763029700e-03,1.1972445828e-03
2022-08-03,1.4778015614e-03,1.5554306482e-03,1.4064914263e-03,1.6403212359e-03,1.4782087590e-03,1.3085557375e-03
2022-08-04,1.1773822402e-03,1.1511852267e-03,1.0925893263e-03,1.1658606051e-03,1.2634449582e-03,1.2138310848e-03
2022-08-05,9.1423315247e-04,8.4581425359e-04,9.5581401966e-04,9.3426193794e-04,9.2778378206e-04,9.0749176911e-04
2022-08-06,6.8975685880e-04,6.4920625555e-04,6.6559970557e-04,6.9982088296e-04,7.1611061322e-04,7.1804683670e-04
2022-08-07,5.8287302847e-04,6.4883726266e-04,5.4293349283e-04,5.3106804945e-04,5.3417485274e-04,6.5735148465e-04
2022-08-08,7.1532037813e-04,7.3634245808e-04,7.0782568631e-04,7.6980198656e-04,6.4366932998e-04,7.1896242973e-04
2022-08-09,1.0363574145e-03,1.0211796891e-03,1.0321914679e-03,1.0475342467e-03,1.0321658148e-03,1.0487158541e-03
2022-08-10,8.1352895780e-04,8.2092314861e-04,7.8968009762e-04,7.3221703103e-04,8.1083160883e-04,9.1399290292e-04
2022-08-11,1.2940886219e-03,1.3083025194e-03,1.3237461743e-03,1.3501459043e-03,1.2761016175e-03,1.2121468942e-03
2022-08-12,7.9629859709e-04,7.4870639502e-04,8.2378691948e-04,7.7245559415e-04,8.3316720571e-04,8.0337687111e-04
2022-08-13,5.0119492250e-04,4.9983187184e-04,4.7675596870e-04,5.0336656492e-04,5.1624110161e-04,5.0977910544e-04
2022-08-14,6.2430474937e-04,6.6175764620e-04,6.1654550951e-04,5.9224860479e-04,6.2038830987e-04,6.3058367646e-04
2022-08-15,8.9816274280e-04,9.6321385103e-04,8.7403575137e-04,8.5790105639e-04,9.1212641560e-04,8.8353663963e-04
2022-08-16,1.1247376895e-03,1.1175321565e-03,1.0952595780e-03,1.2170424541e-03,1.0867380786e-03,1.1071161803e-03
2022-08-17,8.4950635176e-04,7.9855506410e-04,8.3131713192e-04,8.7307816365e-04,8.9869742950e-04,8.4588396962e-04
2022-08-18,1.0519547070e-03,1.0932467369e-03,1.0463068632e-03,1.0022865263e-03,1.0486316644e-03,1.0693017443e-03
2022-08-19,6.4634590419e-04,6.1177648203e-04,6.2114559589e-04,6.4861210409e-04,6.7940113263e-04,6.7079420632e-04
2022-08-20,1.8245439052e-03,2.0352015348e-03,1.8381521065e-03,1.9906038800e-03,1.5305502078e-03,1.7282117969e-03
2022-08-21,8.2652177374e-04,7.6692419100e-04,8.3741587089e-04,8.4499377063e-04,8.9391572874e-04,7.8935930744e-04
2022-08-22,1.1422234972e-03,1.1765152981e-03,1.0646497439e-03,1.0979641105e-03,1.2552468897e-03,1.1167414440e-03
2022-08-23,1.1349243264e-03,1.0553295521e-03,1.0761585659e-03,1.2466822964e-03,1.1691866442e-03,1.1272645735e-03
2022-08-24,1.0496508601e-03,9.5308633937e-04,1.0243348892e-03,1.1535977166e-03,1.1153010723e-03,1.0019342833e-03
2022-08-25,9.1174908581e-04,9.4008941481e-04,9.1711562212e-04,8.9502103746e-04,9.0948185978e-04,8.9703749488e-04
2022-08-26,6.3217429522e-04,6.1784514703e-04,6.1456272169e-04,6.3614915223e-04,6.3609279990e-04,6.5622165524e-04
2022-08-27,1.0832596574e-03,1.1791765610e-03,1.1153449039e-03,1.0880093299e-03,9.8572242691e-04,1.0480450653e-03
2022-08-28,6.9892338282e-04,7.0885941761e-04,6.6370975329e-04,6.7183879304e-04,7.5164842623e-04,6.9856052394e-04
2022-08-29,9.4829498159e-04,1.0680539082e-03,9.5558428890e-04,9.0549743114e-04,9.3842154590e-04,8.7391773382e-04
2022-08-30,1.1524346679e-03,1.1111061595e-03,1.1750338914e-03,1.1889737318e-03,1.1909044640e-03,1.0961550930e-03
2022-08-31,1.1281854862e-03,1.1232160493e-03,1.0779109529e-03,1.1622633666e-03,1.1811156063e-03,1.0964214562e-03
2022-09-01,1.0907123640e-03,1.1166226189e-03,1.0927777368e-03,1.0998564718e-03,1.1044495385e-03,1.0398554542e-03
2022-09-02,7.3595109086e-04,6.8977462966e-04,7.6578411422e-04,7.1362544193e-04,7.5520211065e-04,7.5536915783e-04
2022-09-03,5.2045634040e-04,5.3658497171e-04,5.4609464165e-04,5.0722721388e-04,5.2967975290e-04,4.8269512186e-04
2022-09-04,4.6357394657e-04,5.5110917954e-04,4.1747484302e-04,4.1777498417e-04,4.4532060594e-04,4.8619012017e-04
2022-09-05,7.4023970668e-04,7.5996603101e-04,7.4807767687e-04,7.5962840195e-04,7.6046310212e-04,6.7306332146e-04
2022-09-06,8.1860422004e-04,7.6686997843e-04,8.1056975044e-04,8.5175213149e-04,8.0451444358e-04,8.5931479624e-04
2022-09-07,1.2107972007e-03,1.3881778938e-03,1.1078949513e-03,1.0608386547e-03,1.1436410696e-03,1.3534334340e-03
2022-09-08,9.0602959825e-04,9.5502887560e-04,9.3278029595e-04,9.0362127944e-04,8.6759929014e-04,8.7111825013e-04
2022-09-09,6.7316402156e-04,6.3070222122e-04,6.8280228533e-04,6.5140584591e-04,6.9043969299e-04,7.1047006236e-04
2022-09-10,1.3918512013e-03,1.1726142781e-03,1.4087874312e-03,1.4353487849e-03,1.5531414236e-03,1.3893640886e-03
2022-09-11,8.2153814997e-04,7.5440641430e-04,8.3054992451e-04,8.5311893602e-04,9.1937768516e-04,7.5023778984e-04
2022-09-12,1.0143839838e-03,1.0670389811e-03,9.7680226497e-04,9.5130732005e-04,1.1338251779e-03,9.4294617517e-04
2022-09-13,1.2568429008e-03,1.2327580441e-03,1.2268177358e-03,1.4076626425e-03,1.2563653755e-03,1.1606107061e-03
2022-09-14,2.7518742462e-03,3.4504847531e-03,2.2659454754e-03,3.1062835229e-03,1.9282160134e-03,3.0084414659e-03
2022-09-15,1.5695472082e-03,1.5168154856e-03,1.6517848897e-03,1.5533446077e-03,1.5709399501e-03,1.5548511077e-03
2022-09-16,1.1416779312e-03,1.0080662627e-03,1.2903286518e-03,1.1452054638e-03,1.1561111094e-03,1.1086781680e-03
2022-09-17,6.2170473672e-04,6.2713329561e-04,6.1076188087e-04,6.2312462808e-04,6.6483875991e-04,5.8266511911e-04
2022-09-18,7.0900046458e-04,7.0661630563e-04,7.1245545031e-04,6.5253265622e-04,7.6219992684e-04,7.1119798391e-04
2022-09-19,1.1701095950e-03,1.3416506057e-03,1.2497151686e-03,1.0211812102e-03,1.1062773082e-03,1.1317236823e-03
2022-09-20,1.2855921985e-03,1.3498794053e-03,1.1159972561e-03,1.5979085566e-03,1.1608188914e-03,1.2033568831e-03
2022-09-21,1.5099636742e-03,1.6388994832e-03,1.3951991761e-03,1.4835466953e-03,1.4478242755e-03,1.5843487409e-03
2022-09-22,2.7593660159e-03,2.5199182842e-03,2.9681634820e-03,2.8674615841e-03,2.6874202801e-03,2.7538664489e-03
2022-09-23,1.5664268160e-03,1.7191275913e-03,1.4981684560e-03,1.4907925552e-03,1.4544808614e-03,1.6695646162e-03
2022-09-24,9.2821768834e-04,9.6623170449e-04,8.8349824040e-04,9.5201219378e-04,9.4839192882e-04,8.9095437419e-04
2022-09-25,1.3437784510e-03,1.2681903030e-03,1.3285354080e-03,1.1784906365e-03,1.4504457170e-03,1.4932301906e-03
2022-09-26,1.1872278913e-03,1.2900343947e-03,1.1068826271e-03,1.1600326530e-03,1.1843423638e-03,1.1948474181e-03
2022-09-27,1.1701095812e-03,1.2169831697e-03,1.1128831715e-03,1.2280043114e-03,1.1333447296e-03,1.1593325240e-03
2022-09-28,1.4621402783e-03,1.4417360419e-03,1.3387828757e-03,1.7497179614e-03,1.5109722832e-03,1.2694922289e-03
2022-09-29,1.9597627321e-03,1.9294642838e-03,2.0527027836e-03,1.9263552185e-03,1.9340453244e-03,1.9562460502e-03
2022-09-30,1.0847493025e-03,1.0737385659e-03,1.0870026117e-03,1.1133928540e-03,1.0626080453e-03,1.0870044357e-03
2022-10-01,8.6510800306e-04,8.7403065084e-04,8.8733353413e-04,8.6935284852e-04,8.4251832481e-04,8.5230465699e-04
2022-10-02,5.5733296175e-04,5.5630683121e-04,5.1468144953e-04,5.4642270590e-04,5.4070325612e-04,6.2855056600e-04
2022-10-03,9.7024166677e-04,9.7563436665e-04,9.4334667765e-04,9.9079290598e-04,9.6037023931e-04,9.8106414424e-04
2022-10-04,1.0970053593e-03,1.1021478486e-03,1.0739369700e-03,1.0972686457e-03,1.1258701856e-03,1.0858031464e-03
2022-10-05,9.3380342428e-04,9.0244929381e-04,9.9746700336e-04,1.0167452331e-03,9.1636138430e-04,8.3599420685e-04
2022-10-06,7.7587059889e-04,8.1595526833e-04,7.2008107053e-04,8.2802539706e-04,8.1143832320e-04,7.0385293533e-04
2022-10-07,7.4577351772e-04,7.1755224530e-04,7.4421695634e-04,7.1055661572e-04,7.6957234140e-04,7.8696942985e-04
2022-10-08,4.0140730105e-04,4.0456661534e-04,3.8271815939e-04,3.9538184683e-04,4.0141050856e-04,4.2295937511e-04
2022-10-09,3.1390033793e-04,3.3242395912e-04,2.9436020285e-04,3.3376662340e-04,2.9630127430e-04,3.1264962997e-04
2022-10-10,5.7752086603e-04,5.1081832397e-04,6.0151860918e-04,6.7159824529e-04,5.3130525146e-04,5.7236390026e-04
2022-10-11,8.0899995921e-04,7.6786851079e-04,8.0711074712e-04,8.3907929675e-04,7.4986512256e-04,8.8107611884e-04
2022-10-12,5.5003613545e-04,5.3555309754e-04,5.5003538535e-04,5.8312838498e-04,5.4157743511e-04,5.3988637429e-04
2022-10-13,4.1152642715e-04,3.8804353896e-04,3.8109090997e-04,4.4945332433e-04,4.4242368387e-04,3.9662067865e-04
2022-10-14,7.7400156637e-04,7.7141237663e-04,7.5744037248e-04,7.2264328628e-04,7.9825082549e-04,8.2026097096e-04
2022-10-15,4.8550109563e-04,4.9557556091e-04,5.2666452279e-04,4.7952726159e-04,4.7311362673e-04,4.5262450613e-04
2022-10-16,3.2643268612e-04,3.5923320239e-04,3.0236773619e-04,3.2239512096e-04,3.2443406741e-04,3.2373330366e-04
2022-10-17,7.5483741167e-04,7.5003785275e-04,7.6832836466e-04,7.7431867630e-04,7.6596549713e-04,7.1553666749e-04
2022-10-18,9.8323324270e-04,9.3918721429e-04,9.6458909741e-04,9.8999089468e-04,1.0205553480e-03,1.0018436591e-03
2022-10-19,6.0326791985e-04,6.0182264483e-04,5.9536212994e-04,5.6138015188e-04,6.3359880046e-04,6.2417587217e-04
2022-10-20,4.3248048617e-04,4.2070594542e-04,4.2372157474e-04,4.5087002756e-04,4.2348568014e-04,4.4361920301e-04
2022-10-21,4.6944506479e-04,4.8061097390e-04,4.4151814208e-04,4.3578156961e-04,4.8312028706e-04,5.0619435132e-04
2022-10-22,2.9075086999e-04,2.9665184959e-04,2.9313851309e-04,3.1714965561e-04,2.6271715906e-04,2.8409717261e-04
2022-10-23,1.6209448160e-04,1.8547273742e-04,1.5239001537e-04,1.5902262058e-04,1.7376961098e-04,1.3981742366e-04
2022-10-24,5.6652871829e-04,5.7576739672e-04,6.0127083050e-04,5.5274401900e-04,5.6171987890e-04,5.4114146633e-04
2022-10-25,6.8028840842e-04,6.3533185230e-04,7.1180250204e-04,7.2166590781e-04,6.2559140546e-04,7.0705037446e-04
2022-10-26,8.2588941373e-04,8.2974327552e-04,8.0037518585e-04,8.8907646747e-04,8.6125085320e-04,7.4900128662e-04
2022-10-27,1.0771375172e-03,1.1377905513e-03,1.0968601170e-03,1.1316421965e-03,1.0131860653e-03,1.0062086560e-03
2022-10-28,7.3835917397e-04,7.4304577314e-04,7.5908728222e-04,6.6152851977e-04,7.9715257066e-04,7.3098172407e-04
2022-10-29,4.2174145469e-04,4.1327345860e-04,4.3777728250e-04,4.3478125489e-04,4.3248230069e-04,3.9039297676e-04
2022-10-30,5.7464829389e-04,5.8542410587e-04,5.6130284816e-04,5.2656595275e-04,6.6568655861e-04,5.3426200404e-04
2022-10-31,8.6112581032e-04,8.3568894566e-04,8.3873809817e-04,7.8810627831e-04,8.9455381649e-04,9.4854191298e-04
2022-11-01,9.2426545511e-04,9.4697361427e-04,9.5389109903e-04,1.0375437125e-03,9.1474622575e-04,7.6817262396e-04
2022-11-02,4.6840132019e-04,4.6946890655e-04,4.3446711548e-04,4.6723181964e-04,4.9421111101e-04,4.7662764829e-04
2022-11-03,7.0380474097e-04,7.6260852812e-04,7.1062985294e-04,7.1152549260e-04,7.1068850326e-04,6.2357132795e-04
2022-11-04,4.8115621963e-04,4.9529571299e-04,4.5762287590e-04,4.5619432385e-04,4.8648139316e-04,5.1018679225e-04
2022-11-05,6.4801573423e-04,5.8854274777e-04,6.4895717477e-04,6.3773936161e-04,6.5800030124e-04,7.0683908574e-04
2022-11-06,3.4461299013e-04,3.9436325834e-04,3.4450078272e-04,3.2594456796e-04,3.6274588781e-04,2.9551045380e-04
2022-11-07,7.4099434290e-04,7.4753260683e-04,7.6687222775e-04,6.7734125180e-04,7.5050951391e-04,7.6271611421e-04
2022-11-08,8.4891220179e-04,8.5000713045e-04,8.8210735512e-04,9.4149652410e-04,8.4009556926e-04,7.3085443003e-04
2022-11-09,3.1123567606e-03,4.3471769080e-03,3.1219439864e-03,3.9633742104e-03,2.5694469881e-03,1.5598417100e-03
2022-11-10,7.4433154851e-03,7.4881555313e-03,6.7865711141e-03,7.2422164605e-03,8.1615659579e-03,7.5380683618e-03
2022-11-11,5.8831400699e-03,6.1237422844e-03,6.3240171471e-03,5.4977863615e-03,5.4820308898e-03,5.9881236667e-03
2022-11-12,2.4796387875e-03,2.9977997560e-03,2.4235587524e-03,2.8733384810e-03,2.5818665329e-03,1.5216304153e-03
2022-11-13,1.7783894113e-03,1.7828531997e-03,1.5382385115e-03,1.8115150198e-03,1.7798802108e-03,1.9794601146e-03
2022-11-14,2.4772501322e-03,2.6779972841e-03,2.3200703261e-03,2.6851904961e-03,2.6054155922e-03,2.0975769624e-03
2022-11-15,2.1796038019e-03,1.9791323127e-03,2.0666403049e-03,2.4320932762e-03,2.1995034009e-03,2.2206497149e-03
2022-11-16,1.6275068440e-03,1.7065419549e-03,1.6890194339e-03,1.6997810634e-03,1.5926530857e-03,1.4495386821e-03
2022-11-17,1.5483947217e-03,1.3437822284e-03,1.4588806843e-03,1.4727960806e-03,1.5448502258e-03,1.9216643894e-03
2022-11-18,9.2070239890e-04,8.5261405049e-04,9.3020620908e-04,9.6738103505e-04,8.7200508644e-04,9.8130561341e-04
2022-11-19,4.7151223740e-04,4.4271665093e-04,4.1681927764e-04,4.3742424795e-04,5.1848898414e-04,5.4211202633e-04
2022-11-20,2.6522075775e-04,2.5808405752e-04,2.5592660342e-04,2.9715467312e-04,2.3904648218e-04,2.7589197252e-04
2022-11-21,7.3945545605e-04,6.5502615436e-04,7.6530622194e-04,7.3268421128e-04,5.7308551205e-04,9.7117518061e-04
2022-11-22,1.0819785461e-03,1.0969814931e-03,1.0153269562e-03,9.9006843094e-04,1.1375119561e-03,1.1700038942e-03
2022-11-23,9.0498786287e-04,9.1833223777e-04,9.5736018983e-04,9.5471106282e-04,9.0324828971e-04,7.9128753423e-04
2022-11-24,9.7491849834e-04,9.8158079551e-04,9.4653582387e-04,9.7471260550e-04,1.0980087335e-03,8.7375453330e-04
2022-11-25,6.6970851040e-04,6.7678482208e-04,6.7247571733e-04,6.9964141387e-04,6.7507079111e-04,6.2456980762e-04
2022-11-26,3.0438207865e-04,2.9460267935e-04,2.7570524222e-04,2.8327020029e-04,3.3518638045e-04,3.3314589094e-04
2022-11-27,2.8407242822e-04,2.7398663071e-04,2.5964028475e-04,3.0965805599e-04,2.5197845119e-04,3.2509871847e-04
2022-11-28,4.1989230859e-04,3.1079038308e-04,4.1766619312e-04,5.4095930918e-04,3.5099549399e-04,4.7905016360e-04
2022-11-29,6.6917015838e-04,6.4912869515e-04,5.9401958921e-04,6.5363842123e-04,6.2626094028e-04,8.2280314601e-04
2022-11-30,4.3537390692e-04,4.2796940364e-04,4.3764821955e-04,4.7768654852e-04,3.7924012155e-04,4.5432524134e-04
2022-12-01,8.9354376096e-04,9.7255155803e-04,8.4037439106e-04,8.9022411100e-04,9.6741779949e-04,7.9715094524e-04
2022-12-02,5.6320860659e-04,5.6441643448e-04,5.2932481350e-04,5.4941404646e-04,5.9549326026e-04,5.7739447826e-04
2022-12-03,2.6904019417e-04,2.6875853206e-04,2.5194006969e-04,2.7563518961e-04,2.6683930250e-04,2.8202787698e-04
2022-12-04,2.4187038709e-04,2.6568689713e-04,2.2636127253e-04,2.1846326699e-04,2.3680541399e-04,2.6203508479e-04
2022-12-05,5.9040835378e-04,5.5890089301e-04,6.3146430035e-04,6.1850273994e-04,5.8194600965e-04,5.6122782593e-04
2022-12-06,6.4376769174e-04,6.1602921182e-04,6.5615108957e-04,6.7594989348e-04,5.6970163937e-04,7.0100662447e-04
2022-12-07,3.3580767533e-04,3.5702823492e-04,3.0649354753e-04,3.3343167830e-04,3.2745532579e-04,3.5462959009e-04
2022-12-08,3.8511351538e-04,3.8112546052e-04,3.8288399675e-04,3.7769171170e-04,3.6630822114e-04,4.1755818676e-04
2022-12-09,3.9560148591e-04,4.3995146953e-04,3.6039911824e-04,3.6527572065e-04,3.9996234760e-04,4.1241877355e-04
2022-12-10,1.7063346715e-04,1.5917087347e-04,1.6748378874e-04,1.6854781528e-04,1.6284809361e-04,1.9511676465e-04
2022-12-11,1.3289187258e-04,1.5410895859e-04,1.2218615547e-04,1.1705752361e-04,1.3586860042e-04,1.3523812479e-04
2022-12-12,3.0678737172e-04,2.7668621427e-04,3.2722390608e-04,3.3728601073e-04,2.7272452828e-04,3.2001619926e-04
2022-12-13,4.4777535805e-04,4.2668026890e-04,4.6518384072e-04,5.0263284106e-04,3.8794256205e-04,4.5643727750e-04
2022-12-14,5.6459200801e-04,6.6199636404e-04,4.5071294345e-04,5.3345801263e-04,5.4606996594e-04,6.3072275396e-04
2022-12-15,6.0130782048e-04,7.1059974525e-04,5.4483294953e-04,5.9234753304e-04,6.1337612322e-04,5.4538275136e-04
2022-12-16,6.1611919635e-04,6.2401070187e-04,6.0628369403e-04,6.3327619436e-04,6.8491385413e-04,5.3211153737e-04
2022-12-17,3.9993628637e-04,5.9468639859e-04,3.5106281408e-04,3.1651016675e-04,4.0112911822e-04,3.3629293422e-04
2022-12-18,3.3548634933e-04,4.1716796741e-04,3.1531278384e-04,3.3406675280e-04,3.3850086053e-04,2.7238338206e-04
2022-12-19,7.1061632762e-04,6.1206718895e-04,7.8363161652e-04,7.6010449618e-04,7.5338968993e-04,6.4388864652e-04
2022-12-20,8.7616862456e-04,8.0292314876e-04,9.3886427366e-04,1.0220781423e-03,8.3313715347e-04,7.8384040465e-04
2022-12-21,5.8211342955e-04,6.2379745834e-04,5.1457499738e-04,5.2005307362e-04,6.3705453012e-04,6.1508708830e-04
2022-12-22,3.4185343363e-04,3.3271167295e-04,3.7206244652e-04,2.9084513336e-04,3.2771456758e-04,3.8593334772e-04
2022-12-23,3.8970970181e-04,4.0465499334e-04,3.6565481546e-04,4.2492056976e-04,3.4800994901e-04,4.0530818149e-04
2022-12-24,1.7243224369e-04,1.6103249270e-04,1.6627513513e-04,1.4982670527e-04,1.9248197204e-04,1.9254491329e-04
2022-12-25,1.0189532887e-04,1.4875542220e-04,8.0131767013e-05,7.7362071879e-05,1.1904869457e-04,8.4178688659e-05
2022-12-26,2.7308075879e-04,2.8029445410e-04,2.4322384177e-04,3.0358861890e-04,2.4961818453e-04,2.8867869463e-04
2022-12-27,2.9533929260e-04,2.6044637867e-04,2.4493785679e-04,3.0599896225e-04,3.2185034764e-04,3.4346291766e-04
2022-12-28,1.6319562850e-04,2.3044020798e-04,1.3889056403e-04,1.4041178840e-04,1.4100029333e-04,1.6523528877e-04
2022-12-29,2.2916225781e-04,2.6050590466e-04,2.1370147275e-04,2.1453233667e-04,2.0225745321e-04,2.5481412173e-04
2022-12-30,2.1880950514e-04,2.4183894084e-04,2.1338336755e-04,2.2113635799e-04,2.0586616360e-04,2.1182269572e-04
2022-12-31,1.2613001843e-04,1.3274134436e-04,1.1547555582e-04,1.2419235936e-04,1.0710488940e-04,1.5113594322e-04
2023-01-01,9.1472099478e-05,1.4332156623e-04,7.1544120052e-05,7.1953402888e-05,9.3786919419e-05,7.6754488799e-05
2023-01-02,1.9494519638e-04,1.9573917896e-04,1.5905827654e-04,2.0802509500e-04,1.9793941724e-04,2.1396401414e-04
2023-01-03,3.2646865575e-04,3.3468041988e-04,2.7060391677e-04,3.5353735336e-04,3.0326142530e-04,3.7026016344e-04
2023-01-04,1.3297757057e-04,1.8406283620e-04,1.0207722843e-04,1.1373713305e-04,1.2475876678e-04,1.4025188838e-04
2023-01-05,1.9088573445e-04,1.8630196995e-04,1.7788106265e-04,1.8477538012e-04,1.8908107016e-04,2.1638918940e-04
2023-01-06,1.7720625829e-04,1.8649394978e-04,1.7521074758e-04,1.6432668555e-04,1.7366224894e-04,1.8633765957e-04
2023-01-07,1.2049274722e-04,1.0585301141e-04,1.1984277699e-04,1.1778077205e-04,1.1238711497e-04,1.4660006069e-04
2023-01-08,6.0624891247e-05,8.0337656124e-05,4.6417301648e-05,2.7943015613e-05,8.2711415357e-05,6.5715067494e-05
2023-01-09,2.5739508209e-04,3.1625917473e-04,2.3053694131e-04,2.0393776292e-04,2.5299249695e-04,2.8324903455e-04
2023-01-10,4.5848757519e-04,4.4477504612e-04,5.1163305225e-04,4.8890783316e-04,3.9905834751e-04,4.4806359690e-04
2023-01-11,1.9211732684e-04,2.1790651619e-04,1.5927330100e-04,1.0835929450e-04,2.4078713121e-04,2.3426039131e-04
2023-01-12,4.6648846137e-04,5.4528111595e-04,4.5262798787e-04,3.7307598406e-04,4.9509971800e-04,4.6635750096e-04
2023-01-13,7.1703494280e-04,8.3256510760e-04,6.1939035986e-04,3.4917593855e-04,7.1026632725e-04,1.0737769807e-03
2023-01-14,1.1223570212e-03,1.2575337313e-03,9.7392456283e-04,1.3243612276e-03,1.3073371242e-03,7.4862846002e-04
2023-01-15,3.1696447213e-03,2.6181505646e-03,3.9875723870e-03,3.6191343888e-03,3.6835249006e-03,1.9398413658e-03
2023-01-16,1.6364010514e-03,1.8915536407e-03,1.4885557299e-03,1.7902021562e-03,1.6550760489e-03,1.3566176814e-03
2023-01-17,1.4729297440e-03,1.5879007385e-03,1.5713555847e-03,1.1608538017e-03,1.6529143683e-03,1.3916242271e-03
2023-01-18,1.0834615978e-03,1.0944265677e-03,8.4046901339e-04,1.0081931369e-03,1.3708455360e-03,1.1033737348e-03
2023-01-19,1.4853109840e-03,1.4533468864e-03,1.6270241631e-03,1.2206695458e-03,1.6485316679e-03,1.4769826570e-03
2023-01-20,8.3339615193e-04,7.7190689909e-04,8.3019612253e-04,1.1164935677e-03,6.9990091053e-04,7.4848325977e-04
2023-01-21,1.3173437497e-03,1.3951540314e-03,1.1151298193e-03,1.5952739150e-03,1.4224202100e-03,1.0587407727e-03
2023-01-22,1.3250897874e-03,1.2822564189e-03,1.4576304353e-03,1.3142750419e-03,1.4797515686e-03,1.0915354724e-03
2023-01-23,1.0564263713e-03,1.0353365416e-03,9.8823581732e-04,1.0050000460e-03,1.1170811392e-03,1.1364783122e-03
2023-01-24,1.1614058416e-03,1.2435328997e-03,1.1459471993e-03,1.1555829820e-03,1.1113373122e-03,1.1506288151e-03
2023-01-25,1.0637648943e-03,1.0098147852e-03,9.6559054639e-04,1.0952199920e-03,1.2354326218e-03,1.0127665263e-03
2023-01-26,1.3731519017e-03,1.4152943030e-03,1.3998981404e-03,1.2523516898e-03,1.4043507704e-03,1.3938646049e-03
2023-01-27,7.6505214832e-04,7.2593207349e-04,7.5908496806e-04,7.6109435816e-04,8.0664919612e-04,7.7250014579e-04
2023-01-28,4.4879078414e-04,4.6323896183e-04,4.5785741489e-04,4.4937378003e-04,4.5365300737e-04,4.1983075659e-04
2023-01-29,2.3781481395e-04,2.4568826082e-04,2.4383116810e-04,2.1850644008e-04,2.1368077723e-04,2.6736742349e-04
2023-01-30,8.7829173447e-04,9.1321706177e-04,8.9404417140e-04,8.4385235607e-04,8.6524549077e-04,8.7509959233e-04
2023-01-31,9.2245196805e-04,8.6072405885e-04,9.1908744023e-04,7.4703648960e-04,8.7273732192e-04,1.2126745296e-03
2023-02-01,6.8424271342e-04,6.5194377725e-04,6.9587377696e-04,7.1663967964e-04,6.8569920737e-04,6.7105712591e-04
2023-02-02,7.2053777105e-04,7.4435188890e-04,7.6098583679e-04,6.8849779414e-04,7.1237660858e-04,6.9647672684e-04
2023-02-03,7.2223058769e-04,7.2341307536e-04,7.5433842883e-04,6.3607398850e-04,6.8917385665e-04,8.0815358912e-04
2023-02-04,3.2715926445e-04,3.4410773051e-04,3.2686203343e-04,3.1747614655e-04,3.1896199967e-04,3.2838841208e-04
2023-02-05,2.3965071321e-04,2.3550636413e-04,2.4225882598e-04,2.3453740242e-04,2.1487044690e-04,2.7108052663e-04
2023-02-06,6.9429865356e-04,6.2534432003e-04,7.1852889117e-04,6.8422476502e-04,7.1244882266e-04,7.3094646891e-04
2023-02-07,7.6914722415e-04,6.8976044763e-04,8.1580800137e-04,8.1175396951e-04,7.2478062331e-04,8.0363307893e-04
2023-02-08,5.9932365829e-04,5.5292689822e-04,6.1227302628e-04,6.1576005599e-04,5.7680748290e-04,6.3885082804e-04
2023-02-09,4.9609122063e-04,4.9735412849e-04,5.0171059596e-04,4.8664843476e-04,4.8572711088e-04,5.0901583305e-04
2023-02-10,7.8260879814e-04,7.8431686881e-04,7.5958792139e-04,7.7523006158e-04,8.3806961659e-04,7.5583952231e-04
2023-02-11,2.6652015665e-04,2.7109308661e-04,2.6906287703e-04,2.5120501171e-04,2.6487202579e-04,2.7636778213e-04
2023-02-12,2.0899684045e-04,2.1940138730e-04,2.0560505291e-04,1.9400644150e-04,2.0255783181e-04,2.2341348875e-04
2023-02-13,6.0636220731e-04,5.3340973692e-04,6.5383166372e-04,6.1941651333e-04,6.1846013079e-04,6.0669299178e-04
2023-02-14,8.2472360346e-04,8.2202388573e-04,8.4496129161e-04,9.3380013094e-04,7.3730547455e-04,7.8552723446e-04
2023-02-15,6.1306270330e-04,5.5999517141e-04,5.9906872940e-04,6.2088124102e-04,6.1958337075e-04,6.6578500391e-04
2023-02-16,1.3072299140e-03,1.7255527185e-03,1.1903235573e-03,1.1535259863e-03,1.0813997485e-03,1.3853475592e-03
2023-02-17,9.2334463192e-04,9.2492209309e-04,8.4618726831e-04,8.9913680625e-04,9.7776271619e-04,9.6871427575e-04
2023-02-18,1.1919193668e-03,1.2666341915e-03,1.1559843380e-03,1.3247443565e-03,1.1408538212e-03,1.0713801269e-03
2023-02-19,5.4605757329e-04,6.2365825087e-04,5.4991381054e-04,4.5550825928e-04,5.8985839904e-04,5.1134914672e-04
2023-02-20,1.2448130872e-03,1.2779027603e-03,1.0957450467e-03,1.2512926957e-03,1.3577028708e-03,1.2414220624e-03
2023-02-21,1.3974417148e-03,1.4773064264e-03,1.4766772549e-03,1.4639003839e-03,1.3152613879e-03,1.2540631207e-03
2023-02-22,1.0800558307e-03,1.0352893587e-03,9.4354097118e-04,1.1387334932e-03,1.1797836240e-03,1.1029317063e-03
2023-02-23,8.9973008723e-04,8.9833783080e-04,8.9523523012e-04,8.5389256217e-04,9.9370268451e-04,8.5748212855e-04
2023-02-24,7.9389602666e-04,7.8395818496e-04,7.7006979901e-04,7.5533495941e-04,8.0521627963e-04,8.5490091028e-04
2023-02-25,5.2634363566e-04,5.3723699778e-04,5.8621400709e-04,4.5014002524e-04,5.5138660740e-04,5.0674054077e-04
2023-02-26,4.1056261304e-04,4.1741732024e-04,4.0439197661e-04,3.6418356482e-04,4.5369417132e-04,4.1312603219e-04
2023-02-27,9.0655709497e-04,1.0162034421e-03,8.7589797118e-04,8.5191322839e-04,9.0532769906e-04,8.8344313407e-04
2023-02-28,1.0254293261e-03,1.0419363490e-03,1.0034069854e-03,1.0853887092e-03,1.0176014746e-03,9.7881311229e-04
2023-03-01,7.8464060569e-04,8.1131282887e-04,7.5690558333e-04,7.5632059999e-04,8.1821831284e-04,7.8044570339e-04
2023-03-02,7.3869975357e-04,7.5000531690e-04,7.4655685020e-04,7.2148475796e-04,7.6539538402e-04,7.1005645877e-04
2023-03-03,6.2055805417e-04,6.0744859903e-04,5.7714103339e-04,6.5901519975e-04,6.0473357702e-04,6.5445186164e-04
2023-03-04,5.1389590199e-04,6.1568124004e-04,4.7646925990e-04,4.7062365573e-04,4.7079548555e-04,5.3590986875e-04
2023-03-05,2.1294432928e-04,2.1175660774e-04,2.0785327763e-04,1.7368894607e-04,2.4288406917e-04,2.2853874580e-04
2023-03-06,7.3833481382e-04,6.6846231274e-04,7.7373429913e-04,6.6844014245e-04,7.9024177533e-04,7.9079553945e-04
2023-03-07,6.5443152391e-04,5.5803496333e-04,6.8909839190e-04,6.7239286956e-04,6.5782407399e-04,6.9480732076e-04
2023-03-08,7.0490587719e-04,6.9136863899e-04,6.8277261287e-04,7.0624574346e-04,7.5633346917e-04,6.8780892148e-04
2023-03-09,5.7285838669e-04,5.7480835426e-04,5.8269998257e-04,5.4266695365e-04,5.5008353377e-04,6.1403310923e-04
2023-03-10,9.7390263603e-04,1.0032754620e-03,1.0026278578e-03,9.9268437243e-04,9.4391442298e-04,9.2701106498e-04
2023-03-11,6.2743418447e-04,6.2126916284e-04,7.6737213810e-04,5.6907497874e-04,6.2613446698e-04,5.5332017568e-04
2023-03-12,1.1885874470e-03,1.1060228597e-03,1.3586012354e-03,1.3224400672e-03,1.1885069071e-03,9.6736616570e-04
2023-03-13,2.5883733681e-03,3.0155566012e-03,1.8837771558e-03,3.1615198774e-03,2.5929859354e-03,2.2880272708e-03
2023-03-14,2.7761605287e-03,2.7702745748e-03,3.1736019542e-03,2.8541643128e-03,2.6009212710e-03,2.4818405305e-03
2023-03-15,3.7367015425e-03,2.6883899464e-03,3.7210406560e-03,4.2144047019e-03,3.6104880534e-03,4.4491843549e-03
2023-03-16,2.4910523200e-03,2.2271042784e-03,2.7721117454e-03,2.3467782691e-03,2.5140830345e-03,2.5951842724e-03
2023-03-17,1.4795765462e-03,1.4513219560e-03,1.4398955030e-03,1.5918876227e-03,1.3804160159e-03,1.5343616332e-03
2023-03-18,3.0040548368e-03,3.3643749823e-03,2.5173429059e-03,3.3480348704e-03,2.9720302638e-03,2.8184911617e-03
2023-03-19,2.0698840689e-03,1.9916067738e-03,2.0582449016e-03,2.0943706339e-03,2.2636785043e-03,1.9415195308e-03
2023-03-20,1.7875252734e-03,1.8854043122e-03,1.5405126030e-03,1.9621108542e-03,1.7415403920e-03,1.8080582055e-03
2023-03-21,1.2067196785e-03,1.2085082848e-03,1.1031235829e-03,1.2974675747e-03,1.2303765252e-03,1.1941224248e-03
2023-03-22,1.2377120988e-03,1.2381979236e-03,1.2286003359e-03,1.2313862830e-03,1.2582944413e-03,1.2320815102e-03
2023-03-23,2.0046739005e-03,1.9052454945e-03,2.0801626660e-03,1.8985504782e-03,1.9838049049e-03,2.1556059592e-03
2023-03-24,1.1748574634e-03,1.2249441169e-03,1.1442868596e-03,1.1668843959e-03,1.1123268923e-03,1.2258450521e-03
2023-03-25,6.1121662033e-04,5.4012375192e-04,6.1429104004e-04,5.7626690465e-04,6.4113247223e-04,6.8426893281e-04
2023-03-26,5.7942387949e-04,6.0772146794e-04,5.7223465998e-04,5.5765401370e-04,5.6464351739e-04,5.9486573844e-04
2023-03-27,8.5977958688e-04,8.7670722520e-04,8.3451663326e-04,8.1570773431e-04,8.6406994188e-04,9.0789639972e-04
2023-03-28,1.0464712291e-03,9.1115103604e-04,1.0559681252e-03,8.9426972010e-04,1.1972033342e-03,1.1737639300e-03
2023-03-29,8.5823925889e-04,8.1932065701e-04,8.6344332583e-04,9.2229783508e-04,8.9638674949e-04,7.8974772706e-04
2023-03-30,1.0548884494e-03,1.1511176209e-03,1.0517147146e-03,9.1065092327e-04,1.1379735749e-03,1.0229854135e-03
2023-03-31,8.9049036609e-04,8.8901661958e-04,9.4583777416e-04,7.7000186055e-04,9.3835907884e-04,9.0923649733e-04
2023-04-01,5.4598913511e-04,5.4574554651e-04,5.2845537752e-04,5.3115871987e-04,5.6279334156e-04,5.6179269011e-04
2023-04-02,3.9350253270e-04,4.1804638013e-04,3.8371127107e-04,3.7587779138e-04,3.7587995163e-04,4.1399726929e-04
2023-04-03,6.9029734504e-04,6.4082657850e-04,6.8894522135e-04,7.5269511628e-04,6.3579412102e-04,7.3322568807e-04
2023-04-04,8.8831160898e-04,8.0619410560e-04,8.4600725669e-04,8.7830443698e-04,9.8732634371e-04,9.2372590192e-04
2023-04-05,7.4889631748e-04,7.4045208639e-04,7.7249213596e-04,7.6939427793e-04,7.6279202018e-04,6.9935106697e-04
2023-04-06,7.0483919032e-04,7.4822199542e-04,6.6085674340e-04,7.1111115675e-04,7.5109174680e-04,6.5291430925e-04
2023-04-07,6.8839952719e-04,6.8364365826e-04,6.6829662551e-04,7.3974578802e-04,6.7027138952e-04,6.8004017463e-04
2023-04-08,2.5334152252e-04,2.5884691771e-04,2.4803851173e-04,2.3026124958e-04,2.6520097584e-04,2.6435995776e-04
2023-04-09,1.5685402870e-04,1.5338788975e-04,1.5481566945e-04,1.3976310018e-04,1.7456430087e-04,1.6173918325e-04
2023-04-10,4.7994183393e-04,4.0987732965e-04,5.3025380701e-04,4.4051765329e-04,5.0483122651e-04,5.1422915318e-04
2023-04-11,1.0401204440e-03,1.3616053456e-03,1.0115913122e-03,9.1447036088e-04,8.6747062660e-04,1.0454645749e-03
2023-04-12,6.2124646379e-04,5.4220569509e-04,6.1824272507e-04,6.2862539455e-04,6.7887247346e-04,6.3828603079e-04
2023-04-13,6.3812449750e-04,6.5348698887e-04,6.1802253869e-04,6.4694911277e-04,6.4988393343e-04,6.2227991375e-04
2023-04-14,5.9342485600e-04,6.5470890657e-04,5.4119199840e-04,6.0215245747e-04,5.4923631987e-04,6.1983459770e-04
2023-04-15,3.8564600067e-04,3.7681185232e-04,3.9780546508e-04,4.1600543655e-04,3.7649368248e-04,3.6111356693e-04
2023-04-16,2.2007765165e-04,2.1698947682e-04,2.1664710337e-04,2.0239863103e-04,2.4730873816e-04,2.1704430887e-04
2023-04-17,6.0350476060e-04,5.6852550850e-04,6.6957012245e-04,6.3663579708e-04,5.7639132123e-04,5.6640105372e-04
2023-04-18,7.9856461676e-04,7.2166076244e-04,8.0436458848e-04,8.5458702922e-04,7.5296547789e-04,8.5924522578e-04
2023-04-19,6.2643195263e-04,5.8359544427e-04,6.1186938507e-04,5.9163486281e-04,6.7695496835e-04,6.6810510265e-04
2023-04-20,8.8201756749e-04,1.0278901456e-03,8.3698382510e-04,8.7054204442e-04,7.4602879648e-04,9.2864302588e-04
2023-04-21,6.5804910027e-04,6.4202361513e-04,6.2150258482e-04,6.4986610302e-04,6.9877760708e-04,6.7807559130e-04
2023-04-22,3.9331299509e-04,4.4150259764e-04,3.7360953349e-04,3.5794713246e-04,4.1667259521e-04,3.7683311667e-04
2023-04-23,3.7605690465e-04,4.3919063972e-04,3.4755567437e-04,3.4979959918e-04,4.1042890493e-04,3.3330970506e-04
2023-04-24,8.9017593877e-04,7.9712784783e-04,9.0371081032e-04,8.7190177403e-04,9.5574008131e-04,9.2239918035e-04
2023-04-25,1.0401186705e-03,1.1025027837e-03,1.0762678603e-03,1.0816405684e-03,9.9598119875e-04,9.4420094116e-04
2023-04-26,7.6127916579e-04,7.4249736028e-04,6.8516685200e-04,7.7189215575e-04,8.4998468047e-04,7.5685478046e-04
2023-04-27,1.6512926003e-03,1.6886225779e-03,1.4512636437e-03,1.6463913037e-03,1.7904539642e-03,1.6797315122e-03
2023-04-28,1.1302399465e-03,1.1120173437e-03,8.8637216005e-04,1.0640557032e-03,1.1660495037e-03,1.4227050219e-03
2023-04-29,5.4365920701e-04,5.5172297710e-04,5.4555484238e-04,5.6412098010e-04,5.9042161194e-04,4.6647562355e-04
2023-04-30,3.7164027717e-04,4.3420892728e-04,3.1020849253e-04,3.3461480356e-04,4.0517555873e-04,3.7399360375e-04
2023-05-01,1.1958043848e-03,1.3117819183e-03,1.0941848786e-03,1.1292914333e-03,1.2855101022e-03,1.1582535916e-03
2023-05-02,1.5425475878e-03,1.6513320905e-03,1.4463115563e-03,1.3245936891e-03,1.6058518425e-03,1.6846487606e-03
2023-05-03,8.2569947839e-04,7.7415861435e-04,7.9083103763e-04,8.9021642351e-04,8.8287207587e-04,7.9041924057e-04
2023-05-04,7.8827010262e-04,8.3983237210e-04,7.6906725074e-04,7.7967103566e-04,7.9889312470e-04,7.5388672992e-04
2023-05-05,7.4616531717e-04,7.3753898963e-04,7.5607470267e-04,7.3859569965e-04,7.4263019219e-04,7.5598700171e-04
2023-05-06,4.9630854578e-04,4.8242025968e-04,5.0484528383e-04,5.1793764309e-04,4.9790239548e-04,4.7843714684e-04
2023-05-07,6.8347762656e-04,6.8825136021e-04,6.7201985295e-04,7.0986246203e-04,6.7112229882e-04,6.7613215879e-04
2023-05-08,7.5081005952e-04,7.2021363206e-04,7.2433494315e-04,7.4722876685e-04,7.6121251374e-04,8.0106044179e-04
2023-05-09,1.1549004052e-03,1.2047490986e-03,1.0285907178e-03,1.1034557200e-03,1.2240689373e-03,1.2136375523e-03
2023-05-10,6.8340367019e-04,6.4115065295e-04,7.0120876693e-04,6.9280296125e-04,7.1646928335e-04,6.6538668649e-04
2023-05-11,1.2770217991e-03,1.4219552243e-03,1.0069326752e-03,1.2557185742e-03,1.4163165663e-03,1.2841859554e-03
2023-05-12,9.0399225176e-04,9.2080825657e-04,9.6821216307e-04,8.8559735375e-04,8.7942202616e-04,8.6592145922e-04
2023-05-13,5.0317953203e-04,4.9455225541e-04,5.4353391825e-04,5.0854403249e-04,5.0866317220e-04,4.6060428179e-04
2023-05-14,4.1575344407e-04,4.2436016306e-04,3.9929050128e-04,4.1446301665e-04,4.2402845255e-04,4.1662508681e-04
2023-05-15,7.5647417243e-04,7.7935181168e-04,7.3050468109e-04,7.9746587042e-04,7.3086838174e-04,7.4418011721e-04
2023-05-16,8.6561082233e-04,8.5709084135e-04,8.8737858156e-04,8.7134267814e-04,8.1931350546e-04,8.9292850514e-04
2023-05-17,5.7484967516e-04,5.5402711229e-04,6.0336736981e-04,5.6406191777e-04,5.9231482162e-04,5.6047715430e-04
2023-05-18,5.2523566942e-04,5.2049020105e-04,5.2892689032e-04,5.2775876706e-04,5.3703821576e-04,5.1196427289e-04
2023-05-19,5.8940181303e-04,5.5489721282e-04,5.6596030441e-04,5.6173942338e-04,6.1060067289e-04,6.5381145163e-04
2023-05-20,2.6029762265e-04,2.5232991572e-04,2.5763428567e-04,2.7990131739e-04,2.4916195732e-04,2.6246063718e-04
2023-05-21,1.6966240664e-04,1.7721152424e-04,1.5585835863e-04,1.6072174087e-04,1.8599672468e-04,1.6852368480e-04
2023-05-22,5.2944015990e-04,4.4140353596e-04,5.3914087809e-04,5.3722364054e-04,5.2624139998e-04,6.0319134492e-04
2023-05-23,6.6390399439e-04,5.9609999459e-04,7.3384731291e-04,7.1730705238e-04,6.0755217232e-04,6.6471343975e-04
2023-05-24,3.5474410357e-04,3.4209380885e-04,3.4233086441e-04,3.5559360163e-04,3.4753145813e-04,3.8617078483e-04
2023-05-25,5.5117941487e-04,5.9082865577e-04,5.1809641863e-04,5.6342283631e-04,4.9088363699e-04,5.9266552663e-04
2023-05-26,4.6118025189e-04,4.5248068895e-04,4.0871823245e-04,4.5947249600e-04,4.6632045681e-04,5.1890938523e-04
2023-05-27,2.1868346381e-04,2.0789193759e-04,2.1829925420e-04,2.3079843557e-04,2.0679993640e-04,2.2962775532e-04
2023-05-28,1.5431048775e-04,1.5459860782e-04,1.3922458788e-04,1.4913780210e-04,1.7392558485e-04,1.5466585608e-04
2023-05-29,8.7743354240e-04,1.0494922877e-03,9.2107297165e-04,7.3613189814e-04,8.5394125523e-04,8.2652929932e-04
2023-05-30,7.0852422707e-04,6.3698713687e-04,7.7255045568e-04,7.5773523670e-04,6.6505325084e-04,7.1029505529e-04
2023-05-31,4.3082576657e-04,3.8235465712e-04,3.9112243015e-04,4.6159541227e-04,4.7002119735e-04,4.4903513598e-04
2023-06-01,5.1443411215e-04,5.0165420545e-04,4.9563674978e-04,5.2775296720e-04,4.8818165848e-04,5.5894497986e-04
2023-06-02,5.3064252371e-04,5.2242346052e-04,4.8881766204e-04,5.1656192911e-04,5.5309418476e-04,5.7231538211e-04
2023-06-03,2.7017776193e-04,2.7009711054e-04,2.5931923801e-04,2.9698294330e-04,2.5841496419e-04,2.6607455363e-04
2023-06-04,1.9198860162e-04,2.0267696942e-04,1.7221208645e-04,1.8984877080e-04,2.1496432596e-04,1.8024085545e-04
2023-06-05,5.5718950551e-04,5.8621488776e-04,5.7652317708e-04,5.5355702549e-04,5.3437837997e-04,5.3527405725e-04
2023-06-06,1.3401111259e-03,1.4336196671e-03,1.2491468372e-03,1.3032842382e-03,1.3522740351e-03,1.3622308519e-03
2023-06-07,1.1313940628e-03,1.1166664669e-03,1.0016414869e-03,1.1542160016e-03,1.3134489041e-03,1.0709974546e-03
2023-06-08,9.3203087206e-04,1.0240672534e-03,8.0551545115e-04,9.1540664799e-04,9.4642213119e-04,9.6874287659e-04
2023-06-09,7.1285860590e-04,6.6177397474e-04,6.9028483649e-04,6.9679245038e-04,7.7207091889e-04,7.4337084899e-04
2023-06-10,3.5449309581e-04,3.4696798890e-04,3.1401511032e-04,3.4839230354e-04,4.5453519428e-04,3.0855488203e-04
2023-06-11,1.1608172354e-03,1.1835280417e-03,8.9641396514e-04,1.2208710767e-03,1.3838426295e-03,1.1194304638e-03
2023-06-12,9.1491102350e-04,9.9041356468e-04,9.5786088686e-04,8.6143688320e-04,9.2230673087e-04,8.4253705189e-04
2023-06-13,1.1746143338e-03,1.1352079629e-03,1.3834752447e-03,1.1024216587e-03,1.2723125258e-03,9.7965427701e-04
2023-06-14,5.9570080558e-04,5.4405831827e-04,5.5879397660e-04,6.4971831745e-04,6.2482205616e-04,6.0111135942e-04
2023-06-15,8.7535064659e-04,9.3568483678e-04,7.5551156409e-04,8.5589335065e-04,8.9076885910e-04,9.3889462234e-04
2023-06-16,5.6235663066e-04,5.9417768105e-04,4.8758384609e-04,5.5566439050e-04,4.9647693914e-04,6.7788029655e-04
2023-06-17,4.1311784716e-04,4.0558851846e-04,4.1973401950e-04,4.3479318743e-04,3.9665778238e-04,4.0881572804e-04
2023-06-18,3.4634351389e-04,3.6420318423e-04,2.9692672913e-04,3.8061465216e-04,3.3843356427e-04,3.5153943964e-04
2023-06-19,7.3324426794e-04,7.2618940710e-04,8.0350390023e-04,7.0869518020e-04,7.3956866638e-04,6.8826418577e-04
2023-06-20,1.2056271333e-03,1.2948672948e-03,1.5385132513e-03,1.0421633220e-03,1.1222043503e-03,1.0303874479e-03
2023-06-21,1.0379027831e-03,9.8015115016e-04,9.7835639723e-04,9.6274706526e-04,1.3076209215e-03,9.6063838117e-04
2023-06-22,1.2640083902e-03,1.3937991862e-03,1.2165425728e-03,1.2184976828e-03,1.0336508271e-03,1.4575516823e-03
2023-06-23,7.3783926523e-04,7.1716730215e-04,7.2337154112e-04,7.3486434946e-04,7.2164449344e-04,7.9214864001e-04
2023-06-24,7.1249110984e-04,6.8656634334e-04,7.7277807778e-04,7.2284923617e-04,7.2091673368e-04,6.5934515821e-04
2023-06-25,4.6403002913e-04,4.8943844175e-04,4.4371067992e-04,4.7621955156e-04,4.3276949260e-04,4.7801197983e-04
2023-06-26,8.8217476490e-04,9.2219808821e-04,8.7447214025e-04,8.5769311977e-04,9.0158123099e-04,8.5492924529e-04
2023-06-27,1.1573642774e-03,1.1659034377e-03,1.2183855261e-03,1.1555088566e-03,1.2115298058e-03,1.0354937608e-03
2023-06-28,7.3690722912e-04,6.6749767214e-04,7.1692250403e-04,7.6959749690e-04,8.0320417418e-04,7.2731429834e-04
2023-06-29,6.2700160279e-04,6.3772781436e-04,5.4383393039e-04,6.3461824638e-04,6.2498921348e-04,6.9383880936e-04
2023-06-30,5.5304252025e-04,5.6308640160e-04,5.1784175166e-04,5.2660815556e-04,5.3691183137e-04,6.2076446105e-04
2023-07-01,6.7146820209e-04,6.4356272206e-04,7.5514267390e-04,7.0927495326e-04,6.5706900149e-04,5.9229165974e-04
2023-07-02,2.5140665726e-04,2.5332978909e-04,2.1974708795e-04,2.4368647016e-04,2.9413533566e-04,2.4613460343e-04
2023-07-03,7.7785646654e-04,8.0630125797e-04,7.8617165120e-04,7.6220240943e-04,7.6099823030e-04,7.7360878380e-04
2023-07-04,1.1338560316e-03,1.3353124078e-03,1.2446037946e-03,1.0690247508e-03,9.5994970521e-04,1.0603894995e-03
2023-07-05,6.0436194173e-04,7.3651628349e-04,6.2993035802e-04,5.3225887745e-04,5.4442486486e-04,5.7867932482e-04
2023-07-06,3.9259582756e-04,3.9850996506e-04,3.7803054408e-04,4.0574438670e-04,3.8051854263e-04,4.0017569936e-04
2023-07-07,5.7869432428e-04,5.0856789340e-04,5.5804782764e-04,5.4827506346e-04,6.3862776347e-04,6.3995307344e-04
2023-07-08,2.6698278087e-04,2.6161019714e-04,2.3811323992e-04,2.7912115900e-04,2.8873921197e-04,2.6733009633e-04
2023-07-09,1.7359303822e-04,1.5247057489e-04,1.5200261227e-04,1.7288954169e-04,2.1339279743e-04,1.7720966483e-04
2023-07-10,4.1395183527e-04,3.9239294803e-04,4.4416707256e-04,4.4715894746e-04,3.7284837810e-04,4.1319183021e-04
2023-07-11,8.6964510508e-04,9.0678248011e-04,8.6402370934e-04,8.9629576212e-04,7.8555312660e-04,8.9557044721e-04
2023-07-12,3.6790303933e-04,3.3356965837e-04,3.4595416072e-04,3.7239506344e-04,4.0611047456e-04,3.8148583953e-04
2023-07-13,4.0848626959e-04,4.1407111595e-04,3.9021457916e-04,4.2079452117e-04,4.0489616728e-04,4.1245496439e-04
2023-07-14,5.5294961207e-04,5.4597358489e-04,4.8357103462e-04,5.1071435053e-04,5.6073141049e-04,6.6375767984e-04
2023-07-15,3.3492221766e-04,3.4119194989e-04,3.3104538226e-04,3.1606613501e-04,3.4247365279e-04,3.4383396834e-04
2023-07-16,1.6450745841e-04,1.5473779934e-04,1.3861181681e-04,1.6318080191e-04,2.0561547897e-04,1.6039139501e-04
2023-07-17,4.9010335138e-04,5.4398797859e-04,5.2510538074e-04,4.9825241883e-04,4.2117197512e-04,4.6199900361e-04
2023-07-18,9.4782663939e-04,9.9700339613e-04,1.0093077907e-03,9.7883927294e-04,8.1086951044e-04,9.4311322671e-04
2023-07-19,4.4418277646e-04,4.3263290162e-04,4.2559545732e-04,4.4259224849e-04,4.7152725099e-04,4.4856602389e-04
2023-07-20,3.4485827270e-04,3.2226802469e-04,3.4462915074e-04,3.5546744126e-04,3.5326270055e-04,3.4866404628e-04
2023-07-21,4.1006714669e-04,3.8147913172e-04,3.8275366456e-04,3.9734208210e-04,4.3832338670e-04,4.5043746839e-04
2023-07-22,1.6146901965e-04,1.5320676903e-04,1.7051479764e-04,1.6996561053e-04,1.4600697272e-04,1.6765094834e-04
2023-07-23,1.3595237832e-04,1.5895154320e-04,1.5115817333e-04,1.2465990202e-04,1.2273390719e-04,1.2225836588e-04
2023-07-24,3.3300868754e-04,3.3919908116e-04,3.7422149687e-04,3.2989756942e-04,3.0989908817e-04,3.1182620210e-04
2023-07-25,8.0275872934e-04,7.9620847545e-04,8.0156292782e-04,8.1006374581e-04,7.1778463231e-04,8.8817386533e-04
2023-07-26,2.5423861075e-04,2.7220890849e-04,2.5096119997e-04,2.4602582903e-04,2.4594455126e-04,2.5605256500e-04
2023-07-27,3.2709307142e-04,3.1521488407e-04,3.6062045983e-04,3.1947957683e-04,3.2057923747e-04,3.1957119889e-04
2023-07-28,3.0913772527e-04,3.1103643421e-04,3.0489927222e-04,2.8315698813e-04,3.4204346802e-04,3.0455246377e-04
2023-07-29,1.2648169217e-04,1.1807562147e-04,1.3670455570e-04,1.3277599140e-04,1.1234477009e-04,1.3250752220e-04
2023-07-30,7.7979472213e-05,8.6342770248e-05,9.0206026415e-05,7.1695482608e-05,7.1352588943e-05,7.0300492852e-05
2023-07-31,2.4659700811e-04,2.5631090576e-04,2.9527484780e-04,2.4672158780e-04,1.9890565288e-04,2.3577204631e-04
2023-08-01,3.6687695607e-04,3.6575790219e-04,3.8371141727e-04,3.8131992320e-04,3.1633845216e-04,3.8725708552e-04
2023-08-02,3.0887644557e-04,3.2949025437e-04,3.1110421193e-04,2.9297280906e-04,2.9910228133e-04,3.1171267116e-04
2023-08-03,3.9267525624e-04,4.1014235407e-04,4.4633804312e-04,3.6912817683e-04,3.5031875126e-04,3.8744895590e-04
2023-08-04,3.2506447823e-04,3.2401343088e-04,3.2794397873e-04,3.0557729717e-04,3.4355961195e-04,3.2422807242e-04
2023-08-05,1.4295528719e-04,1.3705857198e-04,1.5886864685e-04,1.4793411334e-04,1.2869369781e-04,1.4222140595e-04
2023-08-06,1.0237735650e-04,1.1465096929e-04,1.0960750704e-04,9.1704931893e-05,1.0949975392e-04,8.6423620378e-05
2023-08-07,2.1131093293e-04,2.1096536057e-04,2.2654471706e-04,2.0947514852e-04,2.0398791996e-04,2.0558151853e-04
2023-08-08,4.3725741032e-04,4.3454698431e-04,4.4739277669e-04,4.5639856340e-04,4.0400566345e-04,4.4394306376e-04
2023-08-09,3.3306754492e-04,3.5352065502e-04,3.2789690437e-04,3.0230916546e-04,3.5012684084e-04,3.3148415891e-04
2023-08-10,3.1320427864e-04,3.1291632331e-04,3.6490085377e-04,2.9145971045e-04,2.9284389736e-04,3.0390060833e-04
2023-08-11,2.9358350599e-04,2.9972594886e-04,2.9551153040e-04,2.6749762257e-04,3.1346104158e-04,2.9172138652e-04
2023-08-12,1.1679696326e-04,1.0678251640e-04,1.2756001873e-04,1.2133836255e-04,1.1010680637e-04,1.1819711222e-04
2023-08-13,5.8656902564e-05,5.8376257285e-05,4.5389591572e-05,6.5827067262e-05,7.6070514525e-05,4.7621082176e-05
2023-08-14,1.3486378474e-04,1.5172763965e-04,1.0566970287e-04,1.4534042133e-04,1.1466427971e-04,1.5691688014e-04
2023-08-15,3.0806725375e-04,2.8839567578e-04,3.3068980255e-04,3.1698689532e-04,2.7888023389e-04,3.2538366123e-04
2023-08-16,1.4730836436e-04,1.3385018714e-04,1.4305738356e-04,1.6618557312e-04,1.5836759453e-04,1.3508108344e-04
2023-08-17,2.0225967090e-04,1.9132264226e-04,2.1777640554e-04,2.0761630700e-04,1.9942534839e-04,1.9515765129e-04
2023-08-18,3.0161827261e-03,2.8599249029e-03,2.4280205653e-03,3.9808256471e-03,3.4125414530e-03,2.3996010620e-03
2023-08-19,8.0971492093e-04,8.4716294874e-04,7.9604778273e-04,7.9230114525e-04,8.8626267792e-04,7.2680005003e-04
2023-08-20,7.0064931564e-04,7.8679695470e-04,6.2086592725e-04,5.7180612809e-04,7.4246354199e-04,7.8131402615e-04
2023-08-21,1.2432545270e-03,1.7064689276e-03,9.6747012548e-04,1.0137995874e-03,1.2131012861e-03,1.3154327087e-03
2023-08-22,1.2955019143e-03,1.5191379384e-03,1.0981013942e-03,1.1016975740e-03,1.3653666206e-03,1.3932060444e-03
2023-08-23,5.4472761922e-04,5.2529733523e-04,5.5383773155e-04,5.5192142165e-04,5.7524150985e-04,5.1734009780e-04
2023-08-24,5.2494754901e-04,5.5213403070e-04,4.7830201387e-04,5.6867537722e-04,5.4729452828e-04,4.7833179498e-04
2023-08-25,4.3829144909e-04,4.4805740342e-04,4.2454702513e-04,4.0478715970e-04,4.5903743948e-04,4.5502821771e-04
2023-08-26,1.7420606991e-04,1.6963774123e-04,1.6734763960e-04,2.0149026840e-04,1.6331013049e-04,1.6924456981e-04
2023-08-27,1.0859267730e-04,8.5083503800e-05,1.0215726603e-04,1.3726884820e-04,1.1583635238e-04,1.0261741610e-04
2023-08-28,2.1952040153e-04,1.6772584963e-04,2.0040234804e-04,2.9103583809e-04,1.9141251278e-04,2.4702545913e-04
2023-08-29,3.1837951035e-04,2.1867988958e-04,2.3995945963e-04,4.6311771722e-04,3.5233450303e-04,3.1780598229e-04
2023-08-30,1.1237173012e-03,1.0666958597e-03,9.4000871518e-04,1.2525825547e-03,1.1996048030e-03,1.1596945734e-03
2023-08-31,5.5063349999e-04,5.3952582947e-04,5.4901854975e-04,5.6957862184e-04,5.1214951446e-04,5.8289498443e-04
2023-09-01,7.6320469376e-04,7.9428368291e-04,8.9844604444e-04,7.2033901871e-04,7.2254722244e-04,6.8040750032e-04
2023-09-02,3.2317977285e-04,3.2050197812e-04,3.2247234489e-04,3.5240219586e-04,3.2739976479e-04,2.9312258059e-04
2023-09-03,1.9562610733e-04,1.8112888322e-04,1.8126362496e-04,2.3127506806e-04,2.0482943409e-04,1.7963352634e-04
2023-09-04,4.4248481468e-04,4.4475908536e-04,4.2215984423e-04,5.4528762792e-04,4.0358205943e-04,3.9663545649e-04
2023-09-05,5.5850170144e-04,5.1634068553e-04,5.2881728823e-04,5.2505327369e-04,5.6930804832e-04,6.5298921146e-04
2023-09-06,3.9025376310e-04,3.5896455028e-04,3.1542810664e-04,4.2894625633e-04,2.9689008602e-04,5.5103981624e-04
2023-09-07,4.2136685693e-04,4.1032054833e-04,3.1818854487e-04,5.6618539330e-04,3.5060896517e-04,4.6153083300e-04
2023-09-08,4.3731795338e-04,4.2289375060e-04,3.9375750974e-04,4.5014290108e-04,4.0652525379e-04,5.1327035168e-04
2023-09-09,2.5909314163e-04,2.9138454263e-04,2.3316205787e-04,3.2602018321e-04,1.6186705815e-04,2.8303186628e-04
2023-09-10,1.6930946947e-04,2.2249326809e-04,1.3814054886e-04,1.8786941278e-04,1.2283732824e-04,1.7520678938e-04
2023-09-11,3.5571494365e-04,4.0213116722e-04,3.8830639070e-04,3.5614473568e-04,3.2937457811e-04,3.0261784652e-04
2023-09-12,6.7594609347e-04,6.9884117085e-04,7.6020085658e-04,5.8209913825e-04,7.0109538747e-04,6.3749391422e-04
2023-09-13,6.8411014542e-04,6.5018879673e-04,6.9369570776e-04,6.5057291939e-04,7.9649112147e-04,6.2960218177e-04
2023-09-14,5.4764350562e-04,5.3389483178e-04,5.7090636642e-04,5.9810819638e-04,5.4732340107e-04,4.8798473244e-04
2023-09-15,4.7957929190e-04,4.4286182833e-04,5.1876359224e-04,4.4519742655e-04,5.0728311597e-04,4.8379049642e-04
2023-09-16,2.7580471622e-04,2.9043049451e-04,2.6060178672e-04,3.4032389798e-04,2.2132836522e-04,2.6633903668e-04
2023-09-17,2.6298602142e-04,3.4217564085e-04,2.2864071331e-04,2.7416578067e-04,2.1393406794e-04,2.5601390433e-04
2023-09-18,3.0357108176e-04,3.3741960905e-04,3.1084944749e-04,3.3031569998e-04,2.7123699671e-04,2.6803365555e-04
2023-09-19,6.3537782992e-04,6.4906766427e-04,7.1279479839e-04,4.9616542532e-04,7.1983776042e-04,5.9902350120e-04
2023-09-20,5.1576524729e-04,4.9570324484e-04,5.0380250488e-04,4.8728328167e-04,5.2789106550e-04,5.6414613956e-04
2023-09-21,5.3826296678e-04,5.3632382324e-04,5.4798276206e-04,5.9327775863e-04,5.2793666033e-04,4.8579382965e-04
2023-09-22,4.3643542561e-04,4.1726278906e-04,4.2388718586e-04,4.1302834016e-04,4.5855396186e-04,4.6944485108e-04
2023-09-23,2.2163421473e-04,2.3322920180e-04,2.0178883061e-04,2.8115259852e-04,1.6228911637e-04,2.2971132634e-04
2023-09-24,1.6377751059e-04,2.1483315268e-04,1.3429454913e-04,1.7830643609e-04,1.2527045277e-04,1.6618296226e-04
2023-09-25,3.5339076813e-04,4.1761034457e-04,3.8548538029e-04,3.4624126744e-04,3.0634212186e-04,3.1127472652e-04
2023-09-26,4.3752938008e-04,4.6038961230e-04,4.7765369462e-04,3.4040637635e-04,4.5824870307e-04,4.5094851405e-04
2023-09-27,2.6151597155e-04,2.7500659276e-04,2.3068283955e-04,2.3761049848e-04,2.1505723009e-04,3.4922269685e-04
2023-09-28,3.5206972253e-04,3.5543295871e-04,3.4038655139e-04,3.9963672356e-04,3.1734115303e-04,3.4755122594e-04
2023-09-29,4.2227199789e-04,4.0815877605e-04,4.6802688624e-04,3.6131562782e-04,4.3701784238e-04,4.3684085694e-04
2023-09-30,2.5860979611e-04,2.8792648303e-04,2.5831566085e-04,3.0202537604e-04,1.8943558093e-04,2.5534587971e-04
2023-10-01,1.8890979720e-04,2.5565933138e-04,1.6324681010e-04,1.9133957523e-04,1.4737459586e-04,1.8692867342e-04
2023-10-02,8.0141085561e-04,8.5695757171e-04,9.0483777780e-04,6.3964000390e-04,1.0522441707e-03,5.5337475394e-04
2023-10-03,9.4701211166e-04,9.6416194993e-04,9.7628585578e-04,8.7385975762e-04,1.1165538119e-03,8.0419918310e-04
2023-10-04,5.0804004355e-04,5.1468333516e-04,4.9673586857e-04,4.4300378151e-04,5.4868973764e-04,5.3708749488e-04
2023-10-05,5.7863063824e-04,5.7376018307e-04,6.0239798522e-04,5.9803932503e-04,6.0216644877e-04,5.1678924909e-04
2023-10-06,5.3543848559e-04,5.1445021878e-04,5.7181010499e-04,4.8493769584e-04,5.9116017572e-04,5.1483423265e-04
2023-10-07,4.1109968085e-04,4.2860084498e-04,4.5124944043e-04,4.1392095399e-04,4.1970198880e-04,3.4202517607e-04
2023-10-08,2.3736058715e-04,3.0986428424e-04,2.0845292381e-04,2.4127796516e-04,1.9451752488e-04,2.3269023766e-04
2023-10-09,4.6887478303e-04,5.2900918511e-04,5.0152930104e-04,4.3792648137e-04,5.0940723261e-04,3.6650171504e-04
2023-10-10,6.5244951574e-04,6.5870230139e-04,7.2104601418e-04,5.2477554287e-04,7.4421810026e-04,6.1350562002e-04
2023-10-11,4.1142004898e-04,4.3262181827e-04,3.7522512341e-04,3.6014267415e-04,4.0851421452e-04,4.8059641458e-04
2023-10-12,5.5086037255e-04,5.6646429335e-04,5.3867445161e-04,6.2966429568e-04,5.0067029240e-04,5.1882852971e-04
2023-10-13,3.5741139606e-04,3.4616089795e-04,3.5882959250e-04,3.2878796711e-04,3.8330464087e-04,3.6997388188e-04
2023-10-14,2.3576755455e-04,2.5358638144e-04,2.2358995463e-04,2.8573781783e-04,1.7435896563e-04,2.4156465320e-04
2023-10-15,1.7264885952e-04,2.2346799992e-04,1.4624295137e-04,1.8477064172e-04,1.3098115864e-04,1.7778154596e-04
2023-10-16,3.4264376759e-04,3.7995428827e-04,3.7967810582e-04,3.4521760446e-04,3.2052682051e-04,2.8784201892e-04
2023-10-17,1.6238089583e-03,1.5202852894e-03,1.7121562727e-03,1.9265727387e-03,1.6510818460e-03,1.3089486449e-03
2023-10-18,7.6307566828e-04,7.3513317282e-04,7.4828169155e-04,7.2567111738e-04,8.4156446142e-04,7.6472789825e-04
2023-10-19,8.1903806683e-04,7.9845345764e-04,7.8565995470e-04,8.6242591823e-04,8.1996927499e-04,8.2868172860e-04
2023-10-20,6.8550900505e-04,6.9245726313e-04,7.1671745645e-04,6.4453926460e-04,7.2028225133e-04,6.5354878976e-04
2023-10-21,6.3523890554e-04,6.2657589169e-04,6.0879762177e-04,5.9173061832e-04,7.4667894593e-04,6.0241144997e-04
2023-10-22,3.5213999511e-04,4.1319812151e-04,3.2939094712e-04,3.8125813097e-04,3.1812995553e-04,3.1872282043e-04
2023-10-23,5.5451043533e-04,5.7440565456e-04,5.5762344149e-04,5.6489065988e-04,5.7116757768e-04,5.0446484304e-04
2023-10-24,2.3211499268e-03,2.2151020167e-03,2.5526092810e-03,2.2051027359e-03,2.4941427444e-03,2.1387928561e-03
2023-10-25,2.2681211880e-03,2.0082650140e-03,2.3708695141e-03,2.1242752578e-03,2.4348117544e-03,2.4023843997e-03
2023-10-26,1.5741762396e-03,1.4636898046e-03,1.6844649966e-03,1.4275450032e-03,1.6096172237e-03,1.6855641700e-03
2023-10-27,9.4611082800e-04,9.4239612547e-04,1.0427665047e-03,1.0051167185e-03,9.0502692695e-04,8.3524786440e-04
2023-10-28,5.0244730530e-04,4.7746642307e-04,4.3068999955e-04,6.3664817762e-04,5.2319899608e-04,4.4423293016e-04
2023-10-29,4.4996064724e-04,4.9668458331e-04,4.0918554161e-04,4.8929919540e-04,4.1997361528e-04,4.3466030060e-04
2023-10-30,5.9374833603e-04,5.8780874787e-04,5.6269133718e-04,6.7827763781e-04,5.8204701825e-04,5.5791693905e-04
2023-10-31,7.0396254826e-04,6.4727803273e-04,6.8428432296e-04,6.5589571162e-04,7.1880231549e-04,8.1355235849e-04
2023-11-01,4.7460300809e-04,4.4836391467e-04,4.3922163956e-04,5.4247153379e-04,4.3493447297e-04,5.0802347947e-04
2023-11-02,7.8336262765e-04,7.6942565495e-04,7.3037121666e-04,9.8115192063e-04,7.5052999828e-04,6.8533434774e-04
2023-11-03,6.1968418784e-04,5.3999362471e-04,5.9434663139e-04,6.4474979427e-04,6.2115235895e-04,6.9817852987e-04
2023-11-04,3.4562052370e-04,3.5107007907e-04,3.1530060965e-04,4.6889865379e-04,2.7391000695e-04,3.1892326905e-04
2023-11-05,3.4634667913e-04,4.1019452934e-04,3.1927688268e-04,4.0627903463e-04,2.6755458462e-04,3.2842836435e-04
2023-11-06,7.0193557084e-04,7.1216638196e-04,6.9240141361e-04,7.3856213778e-04,6.9395453262e-04,6.7259338820e-04
2023-11-07,6.9666196616e-04,6.2433473907e-04,6.6550577933e-04,6.4787442862e-04,7.2878941378e-04,8.1680546999e-04
2023-11-08,6.2244784471e-04,5.8090769354e-04,6.0072417261e-04,7.1694313537e-04,6.2993317317e-04,5.8373104884e-04
2023-11-09,6.0721500572e-04,5.7331683022e-04,5.1905409531e-04,8.0175071594e-04,5.6845876209e-04,5.7349462506e-04
2023-11-10,9.2972015939e-04,8.7149128089e-04,9.4921230778e-04,9.4538618434e-04,9.4667004803e-04,9.3584097591e-04
2023-11-11,4.6531434021e-04,4.4274067627e-04,4.5016565020e-04,5.3674430447e-04,4.5711363766e-04,4.3980743244e-04
2023-11-12,4.1936233406e-04,4.8607337004e-04,3.6906036403e-04,4.8022326993e-04,3.6426176946e-04,3.9719289686e-04
2023-11-13,5.9999891927e-04,6.1494000031e-04,5.4923079405e-04,6.8218277734e-04,5.9914356083e-04,5.5449746382e-04
2023-11-14,8.9350750285e-04,8.0979007433e-04,8.9497238956e-04,7.9194197787e-04,9.6789620977e-04,1.0029368627e-03
2023-11-15,8.7939708239e-04,8.7985750973e-04,8.0244139514e-04,9.5713188062e-04,8.5813957826e-04,8.9941504819e-04
2023-11-16,1.1472675633e-03,1.0318614681e-03,1.2749498371e-03,1.2028065216e-03,1.0626664407e-03,1.1640535489e-03
2023-11-17,9.1841963212e-04,6.9965827944e-04,1.0407462971e-03,9.7662270006e-04,9.3725237427e-04,9.3781850978e-04
2023-11-18,4.9771322907e-04,4.8140062831e-04,5.0023827533e-04,5.3864823688e-04,5.2595480221e-04,4.4232420263e-04
2023-11-19,3.6085192665e-04,4.4186361414e-04,3.1346079659e-04,3.9957119979e-04,3.2505436687e-04,3.2430965585e-04
2023-11-20,7.1473478116e-04,7.5736219139e-04,6.8251976310e-04,6.9139254787e-04,8.0659114404e-04,6.3580825942e-04
2023-11-21,8.5074180986e-04,7.9946400187e-04,8.3001873404e-04,7.6231843127e-04,9.5923551257e-04,9.0267236958e-04
2023-11-22,1.0305812107e-03,1.0980604109e-03,9.3606433498e-04,1.0618165730e-03,9.0796754224e-04,1.1489971924e-03
2023-11-23,8.5843994113e-04,7.9930869990e-04,8.9265303499e-04,9.9253583697e-04,7.9178899943e-04,8.1591313436e-04
2023-11-24,4.9738385929e-04,4.4997870397e-04,4.7718938651e-04,5.0634181447e-04,5.1904495131e-04,5.3436444017e-04
2023-11-25,4.1045307859e-04,4.1385769124e-04,4.0775764668e-04,4.7692545596e-04,3.8753739140e-04,3.6618720767e-04
2023-11-26,2.5439334237e-04,3.3036527580e-04,2.1371179684e-04,3.0632193173e-04,1.9706474209e-04,2.2450296542e-04
2023-11-27,5.2192182272e-04,5.6141553439e-04,5.1120662497e-04,5.4843127849e-04,4.9334779711e-04,4.9520787866e-04
2023-11-28,6.8329424733e-04,6.3412369973e-04,7.0747325041e-04,5.7857187743e-04,7.1205890151e-04,7.8424350758e-04
2023-11-29,5.5889036778e-04,5.3999162927e-04,5.4062603454e-04,6.0001240082e-04,5.6838098993e-04,5.4544078432e-04
2023-11-30,5.1740070909e-04,4.9768750446e-04,4.4938779133e-04,6.6063697843e-04,4.8256316688e-04,4.9672810433e-04
2023-12-01,4.2946742973e-04,3.9311817171e-04,4.0560715226e-04,4.3123452714e-04,4.3846686508e-04,4.7891043246e-04
2023-12-02,3.1491649386e-04,3.3403864494e-04,3.1288750568e-04,3.6657436739e-04,2.6124513578e-04,2.9983681549e-04
2023-12-03,3.7290228302e-04,4.2972125793e-04,3.6340759275e-04,3.7316204755e-04,3.6221964386e-04,3.3600087299e-04
2023-12-04,5.3203276135e-04,5.6734365602e-04,5.5252596888e-04,5.2027738864e-04,5.4022026838e-04,4.7979652481e-04
2023-12-05,1.0245773221e-03,9.8885454302e-04,1.0942757702e-03,9.6068238392e-04,1.0954591541e-03,9.8361475909e-04
2023-12-06,1.0192400137e-03,9.6038428052e-04,1.0439998582e-03,9.5599929521e-04,1.1777287193e-03,9.5808791543e-04
2023-12-07,8.5489838179e-04,8.2106894787e-04,8.4536397616e-04,9.7216270599e-04,8.5558963880e-04,7.8030664015e-04
2023-12-08,6.1202887641e-04,5.4850714391e-04,6.3707274140e-04,5.9078307656e-04,6.4647471232e-04,6.3730670787e-04
2023-12-09,3.7847724089e-04,3.8359045769e-04,3.6568611568e-04,4.2490284843e-04,3.7556117837e-04,3.4264560427e-04
2023-12-10,3.8215000809e-04,4.5442647516e-04,3.4082399683e-04,4.0876405704e-04,3.5920718929e-04,3.4752832214e-04
2023-12-11,4.6513174740e-04,4.9803856572e-04,4.6657605264e-04,4.7588862673e-04,4.6506884881e-04,4.2008664311e-04
2023-12-12,1.7338310955e-03,1.5633654620e-03,1.9029179442e-03,1.9112627250e-03,1.6755442679e-03,1.6160650785e-03
2023-12-13,9.1390778337e-04,8.1495547230e-04,8.9553543308e-04,9.6396729974e-04,1.0295013933e-03,8.6557931844e-04
2023-12-14,1.1315022543e-03,1.0362515103e-03,1.2178986960e-03,1.1445702819e-03,1.1172521611e-03,1.1415386222e-03
2023-12-15,7.8208146583e-04,7.4517700118e-04,9.0733367448e-04,7.1486811101e-04,8.0743540346e-04,7.3559313901e-04
2023-12-16,4.2811027142e-04,4.5869782551e-04,3.6612871601e-04,5.6659870335e-04,3.7338314410e-04,3.7574296816e-04
2023-12-17,3.9911353795e-04,4.6379256764e-04,3.6501670022e-04,4.1622176234e-04,3.8348120882e-04,3.6705545071e-04
2023-12-18,8.0890092226e-04,9.5066143563e-04,8.0876521092e-04,7.4000106955e-04,7.9742713467e-04,7.4764976054e-04
2023-12-19,9.6380078261e-04,9.2923849006e-04,9.7701957290e-04,8.8833080429e-04,1.0520889788e-03,9.7232606704e-04
2023-12-20,7.2786192174e-04,6.9388737780e-04,6.9057921932e-04,7.7719759841e-04,7.7205067214e-04,7.0559474101e-04
2023-12-21,9.2178692438e-04,8.6673670719e-04,9.5868938215e-04,1.0374642871e-03,8.7644005029e-04,8.6960419520e-04
2023-12-22,6.0235062374e-04,5.4156141757e-04,6.1163056887e-04,5.9270859988e-04,6.2219019304e-04,6.4366233932e-04
2023-12-23,3.6359119287e-04,3.7022054098e-04,3.3714114785e-04,4.6091362380e-04,3.2781421240e-04,3.2186643933e-04
2023-12-24,3.3772925798e-04,4.1468296500e-04,2.9306913067e-04,4.0209175169e-04,2.6761327609e-04,3.1118916645e-04
2023-12-25,6.8119929667e-04,7.6414936685e-04,6.9781365952e-04,6.6551502234e-04,6.3703496719e-04,6.4148346745e-04
2023-12-26,6.9069013577e-04,6.3220497375e-04,6.9900251936e-04,5.8545100011e-04,7.5286063504e-04,7.8393155058e-04
2023-12-27,7.1304370088e-04,7.2509672151e-04,6.5427679794e-04,7.4834334929e-04,6.5999277299e-04,7.7750886266e-04
2023-12-28,6.3733493383e-04,6.1468266296e-04,5.9699202779e-04,7.8842120359e-04,5.9720965164e-04,5.8936912315e-04
2023-12-29,5.7046139763e-04,4.9300450753e-04,5.5928413057e-04,5.8113151167e-04,5.8778218433e-04,6.3110465404e-04
2023-12-30,3.5971458824e-04,3.9019767517e-04,3.4116311090e-04,4.6868010933e-04,2.8049644259e-04,3.1803560321e-04
2023-12-31,3.7044769890e-04,4.3677590853e-04,3.3009221953e-04,4.1358046654e-04,3.3104444652e-04,3.4074545336e-04
2024-01-01,6.0184732574e-04,6.2760681400e-04,6.1226675283e-04,6.0434204870e-04,6.1785007810e-04,5.4717093508e-04
2024-01-02,7.8574041062e-04,7.2389235204e-04,8.3302549871e-04,6.1720314382e-04,9.1167649420e-04,8.4290456431e-04
2024-01-03,9.4679089221e-04,8.3529825314e-04,9.2439236842e-04,1.0184321347e-03,1.0909743312e-03,8.6485737353e-04
2024-01-04,2.5354089633e-03,2.5552707575e-03,2.6424920157e-03,2.6475219437e-03,2.4537940723e-03,2.3779660270e-03
2024-01-05,1.0764978230e-03,1.2259344973e-03,1.1784207793e-03,1.0103442635e-03,9.8666200110e-04,9.8112757398e-04
2024-01-06,7.2543442854e-04,7.2568207680e-04,7.1513314635e-04,7.7678081439e-04,7.5431055227e-04,6.5526555289e-04
2024-01-07,5.7101611922e-04,6.0350555793e-04,5.0375143559e-04,5.7989181758e-04,6.1243238878e-04,5.5549939623e-04
2024-01-08,9.7756950094e-04,1.0162279508e-03,8.7627191285e-04,9.0543767402e-04,1.1152175265e-03,9.7469244052e-04
2024-01-09,1.3853375692e-03,1.3639783775e-03,1.4770684793e-03,1.3251513340e-03,1.4673226000e-03,1.2931670549e-03
2024-01-10,1.9806037341e-03,1.7612812353e-03,1.9887321813e-03,2.3458909937e-03,2.1211989861e-03,1.6859152743e-03
2024-01-11,1.9213717739e-03,1.7481167013e-03,2.2181153917e-03,1.6583388208e-03,1.9397226961e-03,2.0425652596e-03
2024-01-12,1.3009356586e-03,1.4064995925e-03,1.4056678760e-03,1.2826595964e-03,1.2799377041e-03,1.1299135239e-03
2024-01-13,1.7742743928e-03,1.6777791254e-03,1.5601731502e-03,2.5689470379e-03,1.6356425545e-03,1.4288300962e-03
2024-01-14,9.1853571358e-04,8.7343293474e-04,9.2470077691e-04,8.9593947346e-04,9.6936357232e-04,9.2924181047e-04
2024-01-15,1.3303688075e-03,1.4637951356e-03,1.1930997630e-03,1.3175456482e-03,1.2904856179e-03,1.3869178730e-03
2024-01-16,1.0666998064e-03,1.0413528632e-03,1.0195173230e-03,9.7624674102e-04,1.1877206182e-03,1.1086614868e-03
2024-01-17,1.1042704652e-03,1.0509828923e-03,1.0850061438e-03,1.2599579393e-03,1.0899043720e-03,1.0355009786e-03
2024-01-18,7.5919067032e-04,7.3256356912e-04,6.5441938422e-04,9.7921011061e-04,7.1900641262e-04,7.1075387503e-04
2024-01-19,8.6330668076e-04,6.8629356286e-04,8.4401054009e-04,1.0361309348e-03,8.1084263422e-04,9.3925573188e-04
2024-01-20,4.7964280029e-04,4.4838159142e-04,4.4605014272e-04,5.8935108332e-04,4.4900197109e-04,4.6542921288e-04
2024-01-21,3.6434999170e-04,4.0415225685e-04,3.1666179534e-04,4.6472230980e-04,2.8465899026e-04,3.5155460625e-04
2024-01-22,4.6067686383e-04,4.2243008026e-04,3.9421777106e-04,6.3802659059e-04,3.9636622683e-04,4.5234365042e-04
2024-01-23,1.3814758195e-03,1.1906074019e-03,1.4441680094e-03,1.5573652014e-03,1.2596371918e-03,1.4556012928e-03
2024-01-24,9.9031707538e-04,8.9806361355e-04,9.4629582793e-04,1.2449262114e-03,9.9398474169e-04,8.6831498238e-04
2024-01-25,8.1994829104e-04,8.0115673823e-04,7.1054375415e-04,1.0194518009e-03,8.3305938932e-04,7.3552977256e-04
2024-01-26,5.8966948647e-04,5.3768947880e-04,5.4562252390e-04,6.4906142878e-04,5.9301285456e-04,6.2296114629e-04
2024-01-27,5.5755698516e-04,5.1587100307e-04,5.2350220918e-04,5.6335771667e-04,5.8381940786e-04,6.0123458901e-04
2024-01-28,3.4350454309e-04,3.9674768581e-04,3.0331871411e-04,4.1932545609e-04,2.7345350465e-04,3.2467735479e-04
2024-01-29,6.4432215672e-04,6.4962334316e-04,6.4177712101e-04,6.9493021866e-04,6.1616159170e-04,6.1911850905e-04
2024-01-30,8.3805806011e-04,7.8690376742e-04,8.5018806190e-04,7.7802066680e-04,8.9555417941e-04,8.7962362502e-04
2024-01-31,7.0013347440e-04,6.5128101688e-04,6.5254503346e-04,8.1813338323e-04,6.9927381975e-04,6.7943411866e-04
2024-02-01,7.5012985833e-04,7.5706555841e-04,6.5289549873e-04,9.4835132795e-04,7.2323876389e-04,6.6909814266e-04
2024-02-02,5.8191632659e-04,5.4295575327e-04,5.6642645235e-04,5.9198776600e-04,5.8049490510e-04,6.2771675621e-04
2024-02-03,3.2553005078e-04,3.3125164351e-04,2.9443146389e-04,4.2504920278e-04,2.8184326014e-04,2.9507468359e-04
2024-02-04,2.7373857869e-04,3.3896007903e-04,2.3636968644e-04,3.2853665890e-04,2.1612121751e-04,2.4870525159e-04
2024-02-05,5.2495974874e-04,5.6785010173e-04,5.3416028281e-04,5.2684573648e-04,5.0046837583e-04,4.9547424683e-04
2024-02-06,6.4510829428e-04,6.0038629358e-04,6.8774049919e-04,5.2706493698e-04,6.7778246536e-04,7.3256727628e-04
2024-02-07,4.5489642439e-04,4.6131989956e-04,4.3429838294e-04,4.5428923310e-04,4.4500196486e-04,4.7957264147e-04
2024-02-08,5.5800670425e-04,5.3343880120e-04,5.2563770863e-04,6.8022955226e-04,5.2035063852e-04,5.3037682066e-04
2024-02-09,4.9362398267e-04,4.7133882612e-04,4.8984511852e-04,4.6988961185e-04,4.8298804249e-04,5.5405831435e-04
2024-02-10,4.9528027509e-04,4.7371426999e-04,5.3045220523e-04,4.6623236672e-04,5.1747082726e-04,4.8853170627e-04
2024-02-11,3.4765293576e-04,4.0356591449e-04,3.1706249165e-04,3.6985494753e-04,3.3795947109e-04,3.0982185405e-04
2024-02-12,6.3507425194e-04,6.7554150838e-04,6.4394561228e-04,5.8975539924e-04,6.9850111308e-04,5.6762762671e-04
2024-02-13,9.3304525973e-04,8.8993489496e-04,9.9786132962e-04,8.2155369365e-04,1.0332555304e-03,9.2262085005e-04
2024-02-14,8.0499783409e-04,7.5439481610e-04,7.7341242050e-04,8.2468505103e-04,9.0951159216e-04,7.6298529066e-04
2024-02-15,8.8963986140e-04,8.1685415749e-04,9.3955870024e-04,9.8317473902e-04,8.3544577357e-04,8.7316593666e-04
2024-02-16,6.6920589551e-04,6.0109249073e-04,7.6533704304e-04,6.0959448656e-04,7.0667404604e-04,6.6333141117e-04
2024-02-17,3.7131388245e-04,3.7789297257e-04,3.4929008455e-04,4.4831565386e-04,3.5949817888e-04,3.2157252237e-04
2024-02-18,4.3510270973e-04,4.7868100594e-04,3.8616265859e-04,4.6438613947e-04,4.4808080780e-04,3.9820293685e-04
2024-02-19,6.4272711066e-04,6.8525432136e-04,6.4315617082e-04,6.0326011760e-04,7.0815945532e-04,5.7380548818e-04
2024-02-20,6.9851218880e-04,6.3696707076e-04,7.4196265630e-04,5.7172759061e-04,7.6344400010e-04,7.7845962624e-04
2024-02-21,7.2639922662e-04,6.6925528080e-04,7.2855337412e-04,7.5293237733e-04,8.0901125789e-04,6.7224384298e-04
2024-02-22,6.4985882605e-04,6.4377518950e-04,5.8609055020e-04,8.0231554146e-04,6.1288960855e-04,6.0422324055e-04
2024-02-23,5.8185015065e-04,5.1760014400e-04,6.1825553610e-04,5.6087321969e-04,5.9294161770e-04,6.1958023574e-04
2024-02-24,3.1034634382e-04,3.4145963264e-04,2.6853925070e-04,4.1583688094e-04,2.5173305909e-04,2.7416289571e-04
2024-02-25,2.9333119407e-04,3.6755789332e-04,2.5940041535e-04,3.2453346949e-04,2.5868042898e-04,2.5648376322e-04
2024-02-26,4.6993999592e-04,4.9152143722e-04,4.8831102546e-04,4.7730663435e-04,4.6718687511e-04,4.2537400746e-04
2024-02-27,9.1690247963e-04,8.6237413751e-04,1.0454565847e-03,7.8604239442e-04,1.0019454173e-03,8.8869386427e-04
2024-02-28,1.2197535708e-03,1.1143151089e-03,1.2420454751e-03,1.1434667556e-03,1.4171516929e-03,1.1817888214e-03
2024-02-29,2.2696955136e-03,2.1664900368e-03,2.5929873058e-03,1.8928630887e-03,2.2144072573e-03,2.4817298792e-03
2024-03-01,1.2364908874e-03,1.2193987422e-03,1.2772119391e-03,1.2453360416e-03,1.3432056129e-03,1.0973021011e-03
2024-03-02,7.1347456542e-04,7.0788597467e-04,7.2456322294e-04,6.9561239361e-04,7.6062687874e-04,6.7868435712e-04
2024-03-03,6.0584434231e-04,6.0712107454e-04,5.5755839605e-04,6.0445217942e-04,6.7172754646e-04,5.8836251507e-04
2024-03-04,9.3465490680e-04,9.6226735516e-04,8.6446667066e-04,8.7385879759e-04,1.0732711775e-03,8.9941053307e-04
2024-03-05,1.8419384355e-03,1.8371048639e-03,2.0188252003e-03,1.7074702390e-03,1.9748554897e-03,1.6714363846e-03
2024-03-06,3.4489182610e-03,3.2878727946e-03,3.2494820333e-03,3.8701914847e-03,3.7181007050e-03,3.1189442875e-03
2024-03-07,2.4085172586e-03,2.3998023740e-03,2.7075057350e-03,1.9431568795e-03,2.3456840228e-03,2.6464372819e-03
2024-03-08,1.2913722970e-03,1.5159269598e-03,1.3522000370e-03,1.2944536553e-03,1.2086808443e-03,1.0855999883e-03
2024-03-09,1.2108923237e-03,1.2151315184e-03,1.2902997339e-03,1.0719946953e-03,1.2422974942e-03,1.2347381767e-03
2024-03-10,6.1164584290e-04,6.2806645823e-04,5.3470960577e-04,6.5447614980e-04,6.2077654140e-04,6.2020045931e-04
2024-03-11,1.0402557898e-03,1.0267743979e-03,9.8782361540e-04,1.0600424405e-03,1.0439689855e-03,1.0826695097e-03
2024-03-12,1.3340076859e-03,1.3326121176e-03,1.3457092643e-03,1.3817595740e-03,1.3588151329e-03,1.2511423409e-03
2024-03-13,1.3448387677e-03,1.2887235948e-03,1.2710109164e-03,1.6711952349e-03,1.3229001065e-03,1.1703639856e-03
2024-03-14,1.0300280836e-03,1.0005375259e-03,9.4030677330e-04,1.1824904189e-03,1.0485640077e-03,9.7824169196e-04
2024-03-15,1.2113446226e-03,1.1384039714e-03,1.1940088194e-03,1.4294749251e-03,1.1735929605e-03,1.1212424364e-03
2024-03-16,1.4537796856e-03,1.2921974412e-03,1.5574324255e-03,1.6885782702e-03,1.3636353174e-03,1.3670549739e-03
2024-03-17,2.1688974924e-03,1.7813568905e-03,2.3243355704e-03,2.5054022992e-03,2.2620203687e-03,1.9713723332e-03
2024-03-18,1.9847590504e-03,2.0222676822e-03,1.9634618184e-03,1.7293737407e-03,2.1625981045e-03,2.0460939063e-03
2024-03-19,1.4181326743e-03,1.4503309312e-03,1.2917231093e-03,1.5591854139e-03,1.3786802841e-03,1.4107436330e-03
2024-03-20,3.6818904825e-03,3.8412718512e-03,2.9347167071e-03,3.9780669705e-03,3.7108434974e-03,3.9445533861e-03
2024-03-21,3.0771032936e-03,3.5765731120e-03,3.0423948609e-03,2.2674123910e-03,3.2691254464e-03,3.2300106576e-03
2024-03-22,1.7423720144e-03,1.8044405840e-03,1.6270177643e-03,1.9419954835e-03,1.5253134431e-03,1.8130927968e-03
2024-03-23,1.0384145658e-03,8.7498779148e-04,9.5214653028e-04,1.4212318436e-03,9.7184157337e-04,9.7186509006e-04
2024-03-24,1.0969169187e-03,1.0530849742e-03,1.1552394867e-03,1.2406922480e-03,1.0557059490e-03,9.7986193580e-04
2024-03-25,1.6694637978e-03,1.6774140470e-03,1.6732718134e-03,1.6363374707e-03,1.7941198973e-03,1.5661757604e-03
2024-03-26,1.3450273276e-03,1.3491833692e-03,1.3117972672e-03,1.3432868031e-03,1.4042834583e-03,1.3165857401e-03
2024-03-27,1.2611870524e-03,1.1566168017e-03,1.1523592908e-03,1.5828159244e-03,1.1795463603e-03,1.2345968848e-03
2024-03-28,1.3013987987e-03,1.2861400464e-03,1.2049884132e-03,1.4727387841e-03,1.2983937986e-03,1.2447329515e-03
2024-03-29,8.8946242666e-04,8.6722057088e-04,8.1552120873e-04,1.1081764456e-03,8.2123229376e-04,8.3516161434e-04
2024-03-30,4.5452312946e-04,3.8445244702e-04,3.0971677552e-04,6.6393177899e-04,3.4634406167e-04,5.6817058409e-04
2024-03-31,4.2410692279e-04,4.2594816778e-04,3.1950827530e-04,5.5482891222e-04,3.1042528212e-04,5.0982397654e-04
2024-04-01,7.1073341252e-04,6.8046351538e-04,6.8031347445e-04,8.7987344467e-04,6.6204898744e-04,6.5096764068e-04
2024-04-02,9.1407354589e-04,8.1903543796e-04,8.9460451934e-04,9.7115373402e-04,8.6110142203e-04,1.0244726161e-03
2024-04-03,2.0557778358e-03,2.1251710368e-03,1.6452054098e-03,2.8432475547e-03,1.6108018437e-03,2.0544633341e-03
2024-04-04,1.0468097035e-03,1.0197524491e-03,9.3536881320e-04,1.2703143837e-03,1.0536222946e-03,9.5499057685e-04
2024-04-05,9.6661146761e-04,1.0196999453e-03,8.7815779774e-04,1.1544443809e-03,9.0781906773e-04,8.7293614639e-04
2024-04-06,6.4390221065e-04,5.4290961092e-04,5.9689719511e-04,8.1393852813e-04,5.9244426642e-04,6.7332145268e-04
2024-04-07,5.9404270793e-04,5.7966725498e-04,5.4603920117e-04,6.6145263105e-04,5.8024195350e-04,6.0281249893e-04
2024-04-08,7.8799755360e-04,7.8898464118e-04,7.6522554370e-04,8.7113905082e-04,7.9906730709e-04,7.1557122520e-04
2024-04-09,1.0124838430e-03,1.0152155138e-03,1.0171683251e-03,9.8957409422e-04,1.0816164387e-03,9.5884484338e-04
2024-04-10,1.2358979083e-03,1.2435543891e-03,1.0508361053e-03,1.5299175252e-03,1.0541781079e-03,1.3010034139e-03
2024-04-11,1.1165121261e-03,1.1825624069e-03,1.2554981251e-03,1.0414687437e-03,9.8814950108e-04,1.1148818539e-03
2024-04-12,8.0840084423e-04,7.3954142767e-04,8.5666458877e-04,7.6514478575e-04,8.7506379720e-04,8.0558962174e-04
2024-04-13,5.6153745116e-04,6.4388448841e-04,5.7393517984e-04,4.8526738190e-04,5.4459541540e-04,5.6000479024e-04
2024-04-14,2.5417025039e-03,2.1075634883e-03,3.2010370910e-03,3.2030690008e-03,1.9210823597e-03,2.2757605798e-03
2024-04-15,2.3559759455e-03,2.1559007253e-03,2.1451551526e-03,2.5081356153e-03,2.5757251579e-03,2.3949630766e-03
2024-04-16,1.5666740402e-03,1.5915425937e-03,1.5406529871e-03,1.5866665250e-03,1.4962001936e-03,1.6183079016e-03
2024-04-17,1.8727957156e-03,1.7146507029e-03,1.9967224816e-03,1.8739634104e-03,1.7785791812e-03,2.0000628019e-03
2024-04-18,2.2747745312e-03,2.3511358030e-03,2.2605105402e-03,2.2074265933e-03,2.1904932500e-03,2.3643064696e-03
2024-04-19,1.3908558841e-03,1.6222218110e-03,1.4509661346e-03,1.2980171227e-03,1.2073481788e-03,1.3757261732e-03
2024-04-20,1.2234122490e-03,1.1363278250e-03,1.3098727705e-03,1.3279620750e-03,1.1338620215e-03,1.2090365528e-03
2024-04-21,8.6602426778e-04,8.2226557477e-04,9.1481674905e-04,8.6285086860e-04,7.4944577728e-04,9.8074236922e-04
2024-04-22,9.0757851502e-04,9.3798844717e-04,8.7520240572e-04,9.6014877444e-04,7.3733460462e-04,1.0272183431e-03
2024-04-23,1.1662086487e-03,1.1598205440e-03,1.0716844234e-03,1.1966625275e-03,1.1959527852e-03,1.2069229636e-03
2024-04-24,8.5302442473e-04,8.0011344274e-04,7.9170671641e-04,8.1020798269e-04,9.9114586277e-04,8.7194811905e-04
2024-04-25,9.9249512597e-04,1.1129014720e-03,1.0203211581e-03,9.1748507219e-04,7.7810190598e-04,1.1336660216e-03
2024-04-26,6.5915010005e-04,6.7340022241e-04,6.4790707363e-04,6.4151719809e-04,6.6767360815e-04,6.6525239798e-04
2024-04-27,3.1400394851e-04,3.5856006730e-04,3.0641329861e-04,2.7566549288e-04,3.2265258446e-04,3.0672829928e-04
2024-04-28,5.2926110098e-04,5.2713343392e-04,5.1207210020e-04,5.2469698111e-04,5.7435248288e-04,5.0805050679e-04
2024-04-29,5.9899396403e-04,6.4261051722e-04,6.1593307479e-04,5.9877019217e-04,5.4302077602e-04,5.9463525994e-04
2024-04-30,8.1042623026e-04,8.5810795367e-04,8.2847945024e-04,8.2386002491e-04,6.9143357872e-04,8.5025014378e-04
2024-05-01,1.3915396882e-03,1.6550254049e-03,1.3064926182e-03,1.4684792983e-03,1.0985339746e-03,1.4291671450e-03
2024-05-02,1.7537243710e-03,1.9833029764e-03,1.9896185963e-03,1.5819294503e-03,1.2985477138e-03,1.9152231180e-03
2024-05-03,9.7749866346e-04,1.0323515185e-03,1.0216865252e-03,9.8837488784e-04,9.2028071219e-04,9.2479967368e-04
2024-05-04,1.0325257493e-03,8.8798072074e-04,1.0742586387e-03,8.9970946332e-04,1.0728631162e-03,1.2278168078e-03
2024-05-05,8.1294132532e-04,7.4285360823e-04,8.3330160175e-04,7.9670744339e-04,8.1782935404e-04,8.7401461916e-04
2024-05-06,8.9216628882e-04,8.8325777795e-04,8.1258953289e-04,9.1575670043e-04,9.2689770708e-04,9.2232972572e-04
2024-05-07,9.7195513614e-04,9.5215736554e-04,9.6887885187e-04,9.9944702107e-04,9.9901007152e-04,9.4028237071e-04
2024-05-08,9.0604681723e-04,9.2710387599e-04,8.6394213190e-04,9.4062500690e-04,9.1691034694e-04,8.8165272440e-04
2024-05-09,9.4961283273e-04,9.6194235590e-04,9.3377940090e-04,9.7830784694e-04,9.2047575142e-04,9.5355880848e-04
2024-05-10,6.5791814533e-04,7.2076955690e-04,6.0077530007e-04,6.4102831491e-04,6.3731357920e-04,6.8970397556e-04
2024-05-11,4.1592744058e-04,4.5336561686e-04,3.9511677777e-04,4.8150417129e-04,3.9374402774e-04,3.5590660925e-04
2024-05-12,3.1429003356e-04,3.8733346004e-04,2.9354746958e-04,3.1833626514e-04,2.9602858776e-04,2.7620438529e-04
2024-05-13,5.7729582929e-04,5.7083819966e-04,5.6070112767e-04,6.3260274211e-04,5.5671000578e-04,5.6562707121e-04
2024-05-14,8.8427923705e-04,8.3140240325e-04,8.3594194952e-04,9.2729029366e-04,8.6536256030e-04,9.6139897851e-04
2024-05-15,8.3230731361e-04,8.9188877621e-04,7.8095776261e-04,8.1158977408e-04,8.0564458529e-04,8.7145566987e-04
2024-05-16,1.2947771200e-03,1.1672626701e-03,1.4316164105e-03,1.4830369484e-03,1.2507292733e-03,1.1412402979e-03
2024-05-17,6.3023124947e-04,5.9506828480e-04,6.6438621551e-04,6.0581448942e-04,6.1787474346e-04,6.6801251415e-04
2024-05-18,4.2936776422e-04,4.0122861259e-04,4.0336864047e-04,4.3377051564e-04,4.4626078321e-04,4.6221026919e-04
2024-05-19,3.1943361299e-04,3.9234685230e-04,2.9698941169e-04,3.2126330889e-04,3.0257215002e-04,2.8399634202e-04
2024-05-20,6.6917527357e-04,6.9997227104e-04,6.5192158376e-04,6.7047074267e-04,6.3379372682e-04,6.8971804356e-04
2024-05-21,1.2586887000e-03,1.1902575360e-03,1.2970982014e-03,1.3592082271e-03,1.1923405563e-03,1.2545389793e-03
2024-05-22,7.6142925312e-04,8.0072299567e-04,7.2413526048e-04,7.4120638508e-04,7.4205695822e-04,7.9902466615e-04
2024-05-23,7.9870535920e-04,7.7614888400e-04,7.7540966197e-04,8.2378917576e-04,7.9187881674e-04,8.2630025750e-04
2024-05-24,7.3962554933e-04,6.6558680336e-04,8.5004675835e-04,6.7813220331e-04,7.5567069253e-04,7.4869128910e-04
2024-05-25,3.3761351758e-04,3.4422580085e-04,3.2504100391e-04,3.7121693926e-04,3.3601983007e-04,3.1156401380e-04
2024-05-26,2.6627686751e-04,3.3777344182e-04,2.5178682412e-04,2.6797264587e-04,2.4384030637e-04,2.3001111938e-04
2024-05-27,5.4880181784e-04,5.5597466316e-04,5.1659385528e-04,5.4405763556e-04,5.6172465778e-04,5.6565827739e-04
2024-05-28,7.7114986786e-04,7.1797643519e-04,7.3757639066e-04,8.0602047716e-04,7.4239571816e-04,8.5178031815e-04
2024-05-29,6.7938095613e-04,7.7542821061e-04,6.8700749497e-04,7.1724322743e-04,5.0901792090e-04,7.0820792676e-04
2024-05-30,6.8658220192e-04,6.9501260002e-04,7.3498230219e-04,7.7258938403e-04,4.7476540473e-04,7.5556131863e-04
2024-05-31,5.2117857881e-04,5.1951700003e-04,5.2918697265e-04,5.0162685974e-04,4.7044228381e-04,5.8511977782e-04
2024-06-01,2.7054132999e-04,3.3215396929e-04,2.8126335339e-04,3.2988377949e-04,1.8111977412e-04,2.2828577364e-04
2024-06-02,2.0364078062e-04,2.7414203500e-04,1.8708660939e-04,2.0932312269e-04,1.8385855749e-04,1.6379357854e-04
2024-06-03,5.1233445287e-04,5.0549226853e-04,5.2109066764e-04,5.2367929769e-04,5.2501917067e-04,4.8639085980e-04
2024-06-04,7.4144820970e-04,7.2432054600e-04,7.4251059258e-04,8.2917830508e-04,5.7898958128e-04,8.3224202355e-04
2024-06-05,6.3044253433e-04,5.8887376246e-04,6.0598115866e-04,5.9907177590e-04,7.0679523530e-04,6.5149073932e-04
2024-06-06,5.9123125988e-04,6.3026659597e-04,6.9646270244e-04,7.3451347571e-04,3.1866136476e-04,5.7625216050e-04
2024-06-07,4.2604755327e-04,4.1396437915e-04,4.1796533685e-04,4.0908338887e-04,4.3805036798e-04,4.5117429352e-04
2024-06-08,3.2362305117e-04,4.0963131104e-04,3.9098270405e-04,3.8650574828e-04,1.6361543426e-04,2.6738005820e-04
2024-06-09,1.8529566239e-04,2.5382868509e-04,1.7179763797e-04,1.9235730955e-04,1.5841597242e-04,1.5007870693e-04
2024-06-10,3.9797227060e-04,3.6432670685e-04,3.5239314428e-04,4.1925810449e-04,4.7465652916e-04,3.7922686821e-04
2024-06-11,5.2556264488e-04,4.8134844440e-04,5.5082827124e-04,5.3367043481e-04,5.0196709012e-04,5.5999898384e-04
2024-06-12,7.9806571067e-04,9.2372181355e-04,7.1042308519e-04,7.0002821044e-04,7.6094023392e-04,8.9521521024e-04
2024-06-13,8.2145575611e-04,8.5105462951e-04,1.0524466961e-03,9.8128778234e-04,4.4686523823e-04,7.7562443438e-04
2024-06-14,5.8508325967e-04,5.4253042531e-04,6.5432714005e-04,5.5697912971e-04,5.6927057454e-04,6.0230902876e-04
2024-06-15,3.0811915243e-04,3.6723194416e-04,3.3356075371e-04,3.6119537419e-04,2.2066188901e-04,2.5794580111e-04
2024-06-16,2.2047855573e-04,2.6795202202e-04,2.1986264128e-04,2.0864409138e-04,2.1341103246e-04,1.9252299149e-04
2024-06-17,6.3357209241e-04,5.5673419532e-04,5.4803144730e-04,6.1797274996e-04,8.3985065560e-04,6.0527141387e-04
2024-06-18,7.5550938510e-04,7.7602788206e-04,7.1086808087e-04,8.8167250731e-04,6.3837771435e-04,7.7060074091e-04
2024-06-19,9.2703646352e-04,1.0127511053e-03,8.0630967747e-04,9.8503241631e-04,8.7564633263e-04,9.5544278588e-04
2024-06-20,6.2861047646e-04,6.1639950829e-04,6.3930537969e-04,6.5672567493e-04,5.7421181035e-04,6.5641000906e-04
2024-06-21,5.0778205970e-04,4.9059738728e-04,5.2592115285e-04,5.0220745516e-04,4.7492894283e-04,5.4525536038e-04
2024-06-22,2.6612557029e-04,3.0746255267e-04,3.0048554733e-04,2.7102635776e-04,2.1099420121e-04,2.4065919246e-04
2024-06-23,1.7386562130e-04,2.0939681074e-04,1.8114536213e-04,1.6811840916e-04,1.5615919446e-04,1.5450833000e-04
2024-06-24,4.8231786395e-04,5.0300663958e-04,5.1383958897e-04,4.6092878388e-04,4.1900350493e-04,5.1481080237e-04
2024-06-25,1.2148955904e-03,1.2542230774e-03,1.3607346123e-03,1.1626566697e-03,1.0785403055e-03,1.2183232870e-03
2024-06-26,8.5449525599e-04,7.9893609862e-04,8.0192494541e-04,9.0171165780e-04,9.5067987146e-04,8.1922370665e-04
2024-06-27,7.4415846880e-04,7.4257468126e-04,7.9003449155e-04,7.5787670886e-04,6.2331446663e-04,8.0699199569e-04
2024-06-28,5.6894004545e-04,5.4082258685e-04,5.2904906111e-04,5.3435250928e-04,5.9880952995e-04,6.4166654007e-04
2024-06-29,2.6755803511e-04,3.1520838324e-04,2.9316696286e-04,2.6273830381e-04,2.2640499861e-04,2.4027152706e-04
2024-06-30,2.2670804550e-04,2.7208435309e-04,2.3898281681e-04,2.0581238422e-04,2.1329729859e-04,2.0336337480e-04
2024-07-01,7.7985059706e-04,7.2793761446e-04,7.3723816053e-04,7.1555478683e-04,9.8761991419e-04,7.3090250927e-04
2024-07-02,6.6146651190e-04,6.5766984816e-04,6.3444876977e-04,7.1418511188e-04,5.9783295853e-04,7.0319587113e-04
2024-07-03,4.3696199720e-04,4.8471800359e-04,4.2630726646e-04,4.0633641414e-04,4.3177619985e-04,4.3567210196e-04
2024-07-04,7.9679237254e-04,7.6848036868e-04,8.4945229444e-04,8.2312273591e-04,6.7890034247e-04,8.6400612121e-04
2024-07-05,8.9844290646e-04,7.5679244185e-04,1.1018558694e-03,9.6862182859e-04,8.1756596883e-04,8.4737842360e-04
2024-07-06,7.4493365883e-04,7.8906335028e-04,7.9681596699e-04,8.2619844398e-04,5.9919409716e-04,7.1339643576e-04
2024-07-07,6.6885839470e-04,6.0907832259e-04,5.8816371123e-04,6.6160953496e-04,8.2313261669e-04,6.6230778804e-04
2024-07-08,1.5330123298e-03,1.7216092376e-03,1.3728955591e-03,1.4700636773e-03,1.6315619060e-03,1.4689312690e-03
2024-07-09,1.3099549884e-03,1.3587070179e-03,1.1895328012e-03,1.5415790561e-03,1.1200868900e-03,1.3398691767e-03
2024-07-10,1.2913929652e-03,1.2220710513e-03,1.2319507284e-03,1.3242299711e-03,1.3671155223e-03,1.3115975529e-03
2024-07-11,9.2924607548e-04,1.0232037816e-03,1.0299499253e-03,8.3868447590e-04,8.0250112233e-04,9.5189107219e-04
2024-07-12,8.6792798764e-04,8.3465511482e-04,9.8406319382e-04,8.2002777560e-04,8.8532432699e-04,8.1556952697e-04
2024-07-13,4.6201505622e-04,4.6642316955e-04,4.2999428781e-04,4.9623268513e-04,4.7190177427e-04,4.4552336434e-04
2024-07-14,5.0735604117e-04,4.8316283633e-04,4.7711394398e-04,5.0435552154e-04,5.6394996738e-04,5.0819793663e-04
2024-07-15,9.7346577351e-04,9.8982158021e-04,9.5997076391e-04,9.0840408110e-04,1.0473893121e-03,9.6174313020e-04
2024-07-16,1.3568615569e-03,1.3240553778e-03,1.2479383560e-03,1.3470739298e-03,1.5885821438e-03,1.2766579772e-03
2024-07-17,9.6577068982e-04,9.6528747743e-04,9.9694392829e-04,1.1136697756e-03,8.1797265832e-04,9.3497960947e-04
2024-07-18,9.1658516939e-04,1.0240616622e-03,1.0214687138e-03,8.1068274670e-04,7.5458581566e-04,9.7212690865e-04
2024-07-19,7.2027431960e-04,6.5619359841e-04,6.9951506673e-04,7.3345512238e-04,8.1250132197e-04,6.9970648853e-04
2024-07-20,6.3119425687e-04,5.4749119293e-04,5.5237261302e-04,6.4517902023e-04,7.2837173375e-04,6.8255672444e-04
2024-07-21,4.1074393777e-04,4.3056859198e-04,4.0024473210e-04,3.8856922284e-04,4.1953789314e-04,4.1479924877e-04
2024-07-22,8.2562415008e-04,8.7116239147e-04,8.6497754971e-04,7.4301181977e-04,8.0303862983e-04,8.4593035965e-04
2024-07-23,7.7683160385e-04,8.1409511606e-04,7.7946904904e-04,7.7451101816e-04,7.0613703136e-04,8.0994580463e-04
2024-07-24,8.8493840178e-04,9.1314882194e-04,7.9703106261e-04,8.4525602073e-04,9.5544860103e-04,9.1380750260e-04
2024-07-25,6.8237025139e-04,7.8248107669e-04,7.3715848415e-04,6.0533181437e-04,5.4426987448e-04,7.4261000724e-04
2024-07-26,6.7237974166e-04,6.7965209332e-04,7.2297300153e-04,6.0148096746e-04,6.4782633134e-04,7.0996631463e-04
2024-07-27,3.9850939624e-04,3.6235283694e-04,3.5999121194e-04,3.9650951188e-04,4.4464406429e-04,4.2904935613e-04
2024-07-28,9.2147972589e-04,7.9040828383e-04,8.8724809147e-04,1.0649379673e-03,9.8128884732e-04,8.8351543952e-04
2024-07-29,7.4610510873e-04,7.6430429674e-04,7.1601217062e-04,7.2035643903e-04,7.3044218702e-04,7.9941045025e-04
2024-07-30,1.0251225128e-03,1.0801694465e-03,1.0255285133e-03,9.6697771589e-04,1.0703588488e-03,9.8257803927e-04
2024-07-31,8.2483533417e-04,8.0242786132e-04,7.4542448603e-04,8.0999981910e-04,9.4456625775e-04,8.2175824667e-04
2024-08-01,9.2553871602e-04,9.6776509810e-04,9.7655339075e-04,9.4751897416e-04,7.5207085835e-04,9.8378525873e-04
2024-08-02,6.9119074578e-04,6.7706483589e-04,7.2440543873e-04,6.4916933813e-04,6.7180147244e-04,7.3351264369e-04
2024-08-03,6.8294690243e-04,8.1394947542e-04,6.8202072378e-04,6.8819817327e-04,5.9391257351e-04,6.3665356617e-04
2024-08-04,8.3228592623e-04,7.7607440322e-04,7.6370878979e-04,7.4935207084e-04,1.0249635525e-03,8.4733081482e-04
2024-08-05,1.7425175110e-03,2.0482626278e-03,1.7095719862e-03,1.4520396953e-03,1.8201543357e-03,1.6825589100e-03
2024-08-06,4.9708193435e-03,4.7146250750e-03,4.4381507094e-03,4.7388276889e-03,5.5299278741e-03,5.4325653703e-03
2024-08-07,3.4791308145e-03,3.2501160359e-03,3.5380351051e-03,3.1008329980e-03,3.5764011145e-03,3.9302688191e-03
2024-08-08,2.3643000737e-03,2.2729617760e-03,2.3438783580e-03,2.1492210583e-03,2.5940012388e-03,2.4614379372e-03
2024-08-09,4.1993839404e-03,5.3869032310e-03,3.5289415322e-03,3.3129169926e-03,4.3449381061e-03,4.4232198400e-03
2024-08-10,1.3054116832e-03,1.3968382762e-03,1.0948470537e-03,1.3775229022e-03,1.2536332820e-03,1.4042169019e-03
2024-08-11,6.4875740463e-04,6.7061323611e-04,6.4601511622e-04,6.3901432234e-04,5.8725838125e-04,7.0088596723e-04
2024-08-12,1.6437950269e-03,1.7836648315e-03,1.6186171986e-03,1.6292632346e-03,1.5109404235e-03,1.6764894462e-03
2024-08-13,1.3449537182e-03,1.4192481640e-03,1.3234126661e-03,1.5192964856e-03,1.1739034017e-03,1.2889078736e-03
2024-08-14,1.2411592338e-03,1.2983274766e-03,1.2886906167e-03,1.3635161471e-03,1.0953558009e-03,1.1599061276e-03
2024-08-15,1.3840930285e-03,1.4797730377e-03,1.2699598160e-03,1.4315394483e-03,1.2925384878e-03,1.4466543525e-03
2024-08-16,1.0921499944e-03,1.0672042260e-03,1.1500175845e-03,1.1254884586e-03,1.0727668307e-03,1.0452728723e-03
2024-08-17,7.6283816754e-04,7.1946916470e-04,7.5906462159e-04,7.2973926713e-04,7.9143245686e-04,8.1448532743e-04
2024-08-18,3.7552385791e-04,3.7172859013e-04,3.5614940966e-04,3.9233996700e-04,3.9866046275e-04,3.5874086001e-04
2024-08-19,8.6282272795e-04,8.7176198058e-04,8.4705454516e-04,9.2403320360e-04,7.6862309623e-04,9.0264081420e-04
2024-08-20,9.3839292262e-04,9.8386586922e-04,9.1382592386e-04,1.0258740117e-03,8.6284330566e-04,9.0555550265e-04
2024-08-21,8.6318684560e-04,9.1496862406e-04,8.8015225476e-04,8.9103177957e-04,8.6924898821e-04,7.6053258138e-04
2024-08-22,9.5977410438e-04,1.0518701907e-03,1.0428212246e-03,8.9415119118e-04,9.7257736501e-04,8.3745055041e-04
2024-08-23,7.3157914907e-04,6.4555676986e-04,6.7196329430e-04,7.1766130336e-04,8.4567670105e-04,7.7703767678e-04
2024-08-24,9.2743712954e-04,8.0333667760e-04,9.8645593014e-04,9.3836860990e-04,9.1702279832e-04,9.9200163172e-04
2024-08-25,4.3437424813e-04,4.4426503484e-04,4.4000137936e-04,4.3205617791e-04,4.3130599160e-04,4.2424265693e-04
2024-08-26,5.7444831946e-04,5.6226637570e-04,6.0283948149e-04,6.0576928843e-04,5.4264372538e-04,5.5872272628e-04
2024-08-27,7.6985325940e-04,8.0663341238e-04,8.9334856632e-04,6.6578289103e-04,7.0626479112e-04,7.7723663613e-04
2024-08-28,1.5578822112e-03,1.8759366923e-03,1.4115891228e-03,1.7217258008e-03,1.2928827258e-03,1.4872767143e-03
2024-08-29,1.2050438179e-03,1.2392340023e-03,1.3631572735e-03,1.0993913471e-03,1.1057685194e-03,1.2176679470e-03
2024-08-30,7.7009579500e-04,7.5664901527e-04,8.0088241239e-04,7.4994923720e-04,7.9487250243e-04,7.4812580773e-04
2024-08-31,4.1165294641e-04,4.2628130433e-04,4.0637152324e-04,4.1033817697e-04,4.3329647601e-04,3.8197725152e-04
2024-09-01,2.9262421367e-04,3.2565657241e-04,2.8568246592e-04,2.8104804580e-04,3.0177121630e-04,2.6896276793e-04
2024-09-02,1.1624604434e-03,1.3118539592e-03,1.1612143496e-03,1.0473214668e-03,1.1324771620e-03,1.1594352793e-03
2024-09-03,9.9625850688e-04,9.6708135841e-04,8.6681860903e-04,1.0246628772e-03,1.0827719599e-03,1.0399577299e-03
2024-09-04,7.7596786951e-04,8.0020637306e-04,6.9505873331e-04,7.2158331157e-04,7.9121304609e-04,8.7177788350e-04
2024-09-05,1.1233138345e-03,1.1808194754e-03,1.3670076481e-03,1.0267292590e-03,9.8779144449e-04,1.0542213453e-03
2024-09-06,9.6398851840e-04,8.1733111294e-04,1.0795430982e-03,9.2004724550e-04,1.0648398601e-03,9.3818127525e-04
2024-09-07,6.7462008768e-04,7.5990735039e-04,7.0253715445e-04,5.7467388057e-04,7.0280331822e-04,6.3317873478e-04
2024-09-08,4.4929531893e-04,4.7333768889e-04,4.2867092658e-04,4.2418210027e-04,4.6603605448e-04,4.5424982441e-04
2024-09-09,9.7278038066e-04,1.0205052288e-03,8.9919240276e-04,8.9897588459e-04,1.0466206409e-03,9.9860774631e-04
2024-09-10,1.1961929997e-03,1.1898118224e-03,1.0449458128e-03,1.2328362217e-03,1.2543899626e-03,1.2589811791e-03
2024-09-11,8.6373858897e-04,8.3301023960e-04,8.3496069103e-04,9.2345538280e-04,8.8427839176e-04,8.4298823964e-04
2024-09-12,9.2194171110e-04,1.0114271958e-03,1.0638664394e-03,8.1588267195e-04,7.6292954296e-04,9.5560270534e-04
2024-09-13,7.0510984408e-04,7.2258838216e-04,7.0077568940e-04,6.7541424220e-04,7.2774577808e-04,6.9902512855e-04
2024-09-14,5.1428542224e-04,4.4653987496e-04,4.4257591552e-04,5.2870959690e-04,6.5018759129e-04,5.0341413251e-04
2024-09-15,3.1120016513e-04,3.5764051493e-04,3.0751283002e-04,2.9274015822e-04,2.7245439208e-04,3.2565293042e-04
2024-09-16,7.3268375677e-04,8.0679515365e-04,7.1611803063e-04,6.8939436929e-04,7.0521487595e-04,7.4589635433e-04
2024-09-17,7.9854180329e-04,8.4327948969e-04,8.3764143179e-04,7.9258929085e-04,6.5634390883e-04,8.6285489529e-04
2024-09-18,9.0428837936e-04,8.8257855053e-04,9.2142771296e-04,9.7866208142e-04,8.7599496856e-04,8.6277858332e-04
2024-09-19,8.7923189264e-04,9.6508489267e-04,1.0669555395e-03,7.6634405368e-04,6.6342342909e-04,9.3435154829e-04
2024-09-20,6.7658348293e-04,7.0226757641e-04,6.6950350688e-04,6.3651846515e-04,6.9035142004e-04,6.8427644616e-04
2024-09-21,3.3206517626e-04,3.4897262348e-04,3.3802723292e-04,3.3522735111e-04,3.2686325001e-04,3.1123542381e-04
2024-09-22,2.6694086953e-04,3.2179803216e-04,2.6571008301e-04,2.3631181437e-04,2.4334829734e-04,2.6753612080e-04
2024-09-23,6.9240254245e-04,7.2039108787e-04,6.7639190885e-04,6.7857071141e-04,6.8606360248e-04,7.0059540163e-04
2024-09-24,7.3605858813e-04,7.7641861456e-04,7.2721632463e-04,7.9868146105e-04,5.7532206306e-04,8.0265447736e-04
2024-09-25,6.3023184987e-04,6.0823731191e-04,6.3673346459e-04,6.4827610480e-04,6.3656923013e-04,6.2134313791e-04
2024-09-26,6.7799345280e-04,7.0985603042e-04,7.0162744747e-04,6.0818007866e-04,5.9500338649e-04,7.7530032098e-04
2024-09-27,5.9302590577e-04,6.2892853416e-04,5.6215378810e-04,5.3026672063e-04,6.1588292069e-04,6.2789756528e-04
2024-09-28,2.4376100259e-04,2.6905539735e-04,2.5493687037e-04,2.2960512558e-04,2.3203571819e-04,2.3317190146e-04
2024-09-29,2.1374921135e-04,2.7494358079e-04,2.3015483207e-04,1.8191320827e-04,1.7154230272e-04,2.1019213290e-04
2024-09-30,4.6658198307e-04,4.6978352328e-04,4.6371072053e-04,5.0704375225e-04,4.2661965802e-04,4.6575226128e-04
2024-10-01,8.4925792873e-04,8.5013695653e-04,9.0469964259e-04,7.3782263682e-04,8.4594614106e-04,9.0768426668e-04
2024-10-02,9.2373539509e-04,1.0915472693e-03,8.1245270131e-04,9.4080012568e-04,7.9027384973e-04,9.8360302946e-04
2024-10-03,8.3749842676e-04,9.0450257889e-04,1.0276643096e-03,7.8150172520e-04,6.1202611259e-04,8.6179740749e-04
2024-10-04,6.2454048369e-04,6.0256427497e-04,6.7358040611e-04,6.0526896023e-04,6.0871199541e-04,6.3257678172e-04
2024-10-05,3.7204473877e-04,3.5864872783e-04,3.5286588928e-04,3.9685989441e-04,4.0905409770e-04,3.4279508462e-04
2024-10-06,2.4055612035e-04,2.9181647235e-04,2.3450587057e-04,2.2040456282e-04,2.2213303422e-04,2.3392066176e-04
2024-10-07,6.7854201320e-04,6.4006036704e-04,5.9910313208e-04,7.5994272541e-04,7.9096015165e-04,6.0264368983e-04
2024-10-08,8.0214977179e-04,8.1685800203e-04,7.6329140429e-04,9.1045757468e-04,7.2425321883e-04,7.9588865914e-04
2024-10-09,5.6583372657e-04,5.6422267000e-04,5.5102962936e-04,5.8861855056e-04,5.7328044421e-04,5.5201733869e-04
2024-10-10,7.2236400505e-04,6.9357440431e-04,7.2836632922e-04,6.9855180022e-04,6.9334745459e-04,7.9798003690e-04
2024-10-11,5.1092606123e-04,4.9806891265e-04,5.4904525668e-04,4.8448414572e-04,4.5815544731e-04,5.6487654379e-04
2024-10-12,3.6377856579e-04,3.3609796163e-04,3.5124172306e-04,3.7585441109e-04,4.1194478356e-04,3.4375394961e-04
2024-10-13,2.5785466773e-04,3.0442369905e-04,2.7458626895e-04,2.2427380363e-04,2.3759325533e-04,2.4839631168e-04
2024-10-14,6.1990149892e-04,6.3183545149e-04,6.1283095123e-04,6.5212127563e-04,6.1864119434e-04,5.8407862192e-04
2024-10-15,9.7916223745e-04,8.8353268356e-04,8.8562983154e-04,1.1298274535e-03,1.1036103214e-03,8.9321089730e-04
2024-10-16,9.2887633653e-04,8.6745089305e-04,8.8843435455e-04,1.0250199254e-03,9.9166241660e-04,8.7181409311e-04
2024-10-17,6.9161443767e-04,7.3066303767e-04,8.1318748467e-04,6.0922799789e-04,5.6073121132e-04,7.4426245681e-04
2024-10-18,5.4412480982e-04,5.0942783760e-04,5.3385567231e-04,5.7184732198e-04,5.4477564105e-04,5.6071757615e-04
2024-10-19,3.0405293319e-04,3.1162914381e-04,3.0548330491e-04,3.1530447683e-04,3.0877975140e-04,2.7906798902e-04
2024-10-20,1.9505467001e-04,2.3679552079e-04,1.9696341181e-04,1.8084147990e-04,1.7128842102e-04,1.8938451652e-04
2024-10-21,5.4421546679e-04,5.2210359275e-04,5.2213006379e-04,5.9915855889e-04,5.8295175361e-04,4.9473336491e-04
2024-10-22,7.3820479042e-04,7.5384185406e-04,7.8347174704e-04,7.1658115562e-04,6.7516497654e-04,7.6196421885e-04
2024-10-23,5.0633448112e-04,5.1625359168e-04,5.0318748156e-04,5.2473637213e-04,4.8449289384e-04,5.0300206642e-04
2024-10-24,6.4743111255e-04,6.3708880238e-04,6.7693898060e-04,6.4344640109e-04,5.8527159234e-04,6.9440978633e-04
2024-10-25,4.5902703330e-04,4.7801662340e-04,4.4874891151e-04,4.2986749186e-04,4.1048877225e-04,5.2801336749e-04
2024-10-26,3.3961299535e-04,4.1028521125e-04,4.1924776575e-04,2.7541164397e-04,2.6853179084e-04,3.2458856495e-04
2024-10-27,2.4849163335e-04,2.8107719168e-04,2.6257392015e-04,2.2335324710e-04,2.3266305824e-04,2.4279074957e-04
2024-10-28,6.2195698900e-04,5.7233521481e-04,5.4590595434e-04,7.3392731914e-04,7.2565412556e-04,5.3196233115e-04
2024-10-29,8.3557338747e-04,8.0761647080e-04,7.3954156030e-04,9.4360481377e-04,8.7049461688e-04,8.1660947562e-04
2024-10-30,8.8625451020e-04,8.6530098250e-04,8.1747120164e-04,9.1890173068e-04,1.0105773463e-03,8.1902128993e-04
2024-10-31,6.8955199205e-04,7.1229864513e-04,7.6696817195e-04,6.5805457458e-04,6.0690939055e-04,7.0352917802e-04
2024-11-01,5.7694261709e-04,5.2842277366e-04,6.1445411015e-04,5.7338237517e-04,5.7018977899e-04,5.9826404750e-04
2024-11-02,3.4941032829e-04,3.8925725720e-04,3.9919821721e-04,3.3080891117e-04,2.9976758649e-04,3.2801966937e-04
2024-11-03,2.7178567365e-04,3.0443414369e-04,2.7853245656e-04,2.4960283867e-04,2.5385376814e-04,2.7250516120e-04
2024-11-04,8.0380489104e-04,8.4842470365e-04,7.6307050912e-04,7.6653910413e-04,8.7350678478e-04,7.6748335350e-04
2024-11-05,8.7158797189e-04,8.9622884777e-04,7.9672532660e-04,9.2680584655e-04,9.0605918166e-04,8.3212065688e-04
2024-11-06,8.8048873141e-04,8.5572603140e-04,8.2655555819e-04,9.2826939609e-04,9.6767951700e-04,8.2421315436e-04
2024-11-07,1.6812665546e-03,1.6281994843e-03,1.9586809614e-03,1.5094577940e-03,1.5016457549e-03,1.8083487782e-03
2024-11-08,6.9220944937e-04,6.7257760994e-04,7.0940925906e-04,7.2081879119e-04,7.1116907855e-04,6.4707250810e-04
2024-11-09,3.2546085989e-04,3.2141589953e-04,3.1858029165e-04,3.5268154330e-04,3.3944396304e-04,2.9518260193e-04
2024-11-10,2.8622126714e-04,3.1750052094e-04,2.8458907670e-04,2.5678894303e-04,2.8365854137e-04,2.8856925369e-04
2024-11-11,1.4284114682e-03,1.2935341437e-03,1.3005582900e-03,1.5501234055e-03,1.7398674331e-03,1.2579740688e-03
2024-11-12,1.7662666328e-03,1.7268673747e-03,1.7278805487e-03,2.0595423817e-03,1.8124184002e-03,1.5046244589e-03
2024-11-13,1.8116762556e-03,1.6237760345e-03,1.8189767242e-03,1.9715940002e-03,1.8660535516e-03,1.7779809672e-03
2024-11-14,2.1461948915e-03,1.8851502240e-03,2.3672059353e-03,2.2251134103e-03,1.9319054639e-03,2.3215994239e-03
2024-11-15,1.5222855098e-03,1.6231325515e-03,1.5335291095e-03,1.5145731885e-03,1.4994140107e-03,1.4407786888e-03
2024-11-16,1.2255081931e-03,1.2418181298e-03,1.0714569152e-03,1.3580542189e-03,1.2090067955e-03,1.2472049061e-03
2024-11-17,7.0848453979e-04,7.4997263251e-04,6.6030771140e-04,7.1928559770e-04,6.8159714767e-04,7.3125960965e-04
2024-11-18,1.0819068095e-03,1.1302257598e-03,9.7557619427e-04,1.0658742749e-03,1.0687823524e-03,1.1690754664e-03
2024-11-19,1.0798578513e-03,1.1714483617e-03,9.8617317896e-04,1.1463395401e-03,9.9721732398e-04,1.0981108518e-03
2024-11-20,1.0874881233e-03,1.1183346242e-03,1.1113819945e-03,1.1642505755e-03,9.8344788715e-04,1.0600255351e-03
2024-11-21,8.9940514931e-04,9.6370420495e-04,9.8804250004e-04,8.1072477860e-04,8.2157250444e-04,9.1298175851e-04
2024-11-22,9.4049898556e-04,1.0551929024e-03,9.7056398621e-04,8.6722039198e-04,8.5025105379e-04,9.5926659345e-04
2024-11-23,3.7491826620e-04,3.7097984960e-04,3.6690620097e-04,3.7272108103e-04,4.0640336936e-04,3.5758083005e-04
2024-11-24,3.9312973257e-04,3.9881725846e-04,3.7329359694e-04,3.9480822323e-04,3.7344327144e-04,4.2528631278e-04
2024-11-25,7.2323278574e-04,7.6409219307e-04,7.4754153507e-04,6.6987041265e-04,6.5195291413e-04,7.8270687378e-04
2024-11-26,1.2746072169e-03,1.3295019314e-03,1.5994903962e-03,1.1898567662e-03,9.1742155195e-04,1.3367654388e-03
2024-11-27,1.1822939964e-03,1.2577722096e-03,1.1746287635e-03,1.2886921675e-03,1.1285023239e-03,1.0618745174e-03
2024-11-28,9.7751440226e-04,1.0133322065e-03,1.0834292129e-03,8.9150985274e-04,8.8405965191e-04,1.0152410873e-03
2024-11-29,7.0189439924e-04,6.4009973401e-04,6.3881352962e-04,7.4143872128e-04,8.2457351603e-04,6.6454649526e-04
2024-11-30,3.8884270211e-04,3.6964292727e-04,3.6624400107e-04,3.8402257822e-04,4.4318330562e-04,3.8112069835e-04
2024-12-01,3.0149255700e-04,3.2133627860e-04,3.0040503977e-04,2.8924894342e-04,2.6678434416e-04,3.2968817904e-04
2024-12-02,5.7518205814e-04,5.6544343144e-04,6.0192943169e-04,5.6642692862e-04,5.4300443210e-04,5.9910606686e-04
2024-12-03,7.8512144774e-04,9.0708398696e-04,8.6188759666e-04,7.5412919527e-04,5.5600329812e-04,8.4650316169e-04
2024-12-04,6.6941497498e-04,6.6254120234e-04,6.6301775565e-04,7.3508049789e-04,6.4596608808e-04,6.4046933093e-04
2024-12-05,7.5583234475e-04,8.4736114962e-04,8.9744186396e-04,6.4221520962e-04,5.9951560911e-04,7.9262789143e-04
2024-12-06,1.4691183892e-03,1.6574214446e-03,1.7724180499e-03,1.1343836576e-03,1.1951118168e-03,1.5862569773e-03
2024-12-07,7.6713600059e-04,7.5433144860e-04,6.7505028920e-04,8.5088091528e-04,7.9429286696e-04,7.6112448293e-04
2024-12-08,5.0138022527e-04,5.2974081563e-04,4.7067202992e-04,4.8673175677e-04,4.9337013162e-04,5.2638639238e-04
2024-12-09,9.4757288426e-04,9.8127599620e-04,8.2595754647e-04,9.2188369576e-04,1.0456180718e-03,9.6312911109e-04
2024-12-10,1.5558376156e-03,1.6619580267e-03,1.5359516418e-03,1.5315807046e-03,1.5387486096e-03,1.5109490953e-03
2024-12-11,1.2418710386e-03,1.2402126777e-03,1.2245871992e-03,1.3274180943e-03,1.2483381883e-03,1.1687990338e-03
2024-12-12,1.0803154044e-03,1.0666107002e-03,1.1726557703e-03,1.0752693404e-03,9.5026847377e-04,1.1367727371e-03
2024-12-13,8.0709691955e-04,7.5358189358e-04,8.3285444647e-04,8.0885184537e-04,8.9521801450e-04,7.4497839783e-04
2024-12-14,3.9085809280e-04,3.8240552851e-04,3.6992661852e-04,3.9255226887e-04,4.3690952040e-04,3.7249652768e-04
2024-12-15,3.7050520678e-04,3.9259305683e-04,3.6613495326e-04,3.5628878056e-04,3.4347263395e-04,3.9403660928e-04
2024-12-16,7.9456570256e-04,8.2629590441e-04,7.9481307944e-04,7.8701850691e-04,8.1706061935e-04,7.4764040270e-04
2024-12-17,9.2372429789e-04,9.9960773016e-04,8.5405988652e-04,1.0255975337e-03,8.0463609871e-04,9.3472024035e-04
2024-12-18,7.2756089726e-04,6.9854097411e-04,6.9479754686e-04,8.0462254121e-04,7.3643969045e-04,7.0340373366e-04
2024-12-19,1.4957262919e-03,1.7591731335e-03,1.6148966982e-03,1.4802830980e-03,1.0185295975e-03,1.6057489323e-03
2024-12-20,1.2175815454e-03,1.2291912042e-03,1.3458714847e-03,1.1892963448e-03,1.1663859574e-03,1.1571627358e-03
2024-12-21,8.7061774558e-04,8.7638810244e-04,8.3216428728e-04,9.7322941114e-04,8.1031401687e-04,8.6099291018e-04
2024-12-22,7.9902856288e-04,8.1080494564e-04,7.7433014818e-04,7.8266491664e-04,8.6627900964e-04,7.6106379432e-04
2024-12-23,1.3922324542e-03,1.4741774136e-03,1.2823377225e-03,1.3552272528e-03,1.4493846055e-03,1.4000352765e-03
2024-12-24,1.1184146371e-03,1.1881647270e-03,1.0239718199e-03,1.1933316924e-03,1.0702460569e-03,1.1163588893e-03
2024-12-25,1.2158700115e-03,1.3082980909e-03,1.2061785684e-03,1.1562064583e-03,1.2004406902e-03,1.2082262499e-03
2024-12-26,7.9188952135e-04,8.3851938652e-04,7.9438577915e-04,8.0216338974e-04,7.4265496334e-04,7.8172408798e-04
2024-12-27,9.3258265290e-04,7.8161672606e-04,9.8357584698e-04,9.3153544004e-04,1.0315499882e-03,9.3463526326e-04
2024-12-28,4.0791753777e-04,4.1704767612e-04,4.3611925725e-04,3.9924525018e-04,3.8216744746e-04,4.0500805782e-04
2024-12-29,3.3107765721e-04,3.4527752622e-04,3.3032343766e-04,3.1370140755e-04,3.1498166435e-04,3.5110425026e-04
2024-12-30,7.1502845484e-04,7.5466225573e-04,7.0238822884e-04,7.0961693694e-04,6.6262729688e-04,7.4584755582e-04
2024-12-31,8.5875870262e-04,9.2960721141e-04,8.5140246622e-04,8.6123441303e-04,7.5812822875e-04,8.9342119370e-04
2025-01-01,8.2676789463e-04,8.1445556483e-04,8.2012552312e-04,8.9597903771e-04,8.0250099251e-04,8.0077835499e-04
2025-01-02,5.8572171824e-04,6.2396836429e-04,6.1285398029e-04,5.2647705225e-04,5.3856229120e-04,6.2674690315e-04
2025-01-03,6.4005233569e-04,6.9431126883e-04,6.2473474926e-04,5.9772052415e-04,6.2100236733e-04,6.6249276887e-04
2025-01-04,2.6110171844e-04,2.5908397076e-04,2.6913201026e-04,2.4702606480e-04,2.6041460698e-04,2.6985193940e-04
2025-01-05,2.1648036672e-04,2.3266590297e-04,2.2403369534e-04,1.9737142149e-04,1.9459606872e-04,2.3373474506e-04
2025-01-06,5.0550982690e-04,4.8485404643e-04,5.2831954258e-04,5.3498582080e-04,4.6689550257e-04,5.1249422214e-04
2025-01-07,9.3128813156e-04,9.8670376802e-04,8.9046105506e-04,9.5842515804e-04,9.1404545934e-04,9.0680521732e-04
2025-01-08,9.2519211325e-04,1.0627217224e-03,8.4813899526e-04,9.1260658919e-04,7.3389746371e-04,1.0685957956e-03
2025-01-09,9.3606173412e-04,1.0173741610e-03,1.0484051302e-03,8.7492553799e-04,7.6886032211e-04,9.7074351930e-04
2025-01-10,8.7486847054e-04,7.6512327934e-04,9.8196930283e-04,8.4652349928e-04,9.3136272753e-04,8.4936354370e-04
2025-01-11,6.6084004560e-04,6.6124764324e-04,6.5851794694e-04,7.0869160165e-04,6.3599371780e-04,6.3974931839e-04
2025-01-12,2.9214433198e-04,3.1849338439e-04,2.7881029972e-04,2.7058990651e-04,2.8641948945e-04,3.0640857981e-04
2025-01-13,6.7810723863e-04,6.6691446554e-04,6.0149582981e-04,7.4936294485e-04,7.4831862739e-04,6.2444432556e-04
2025-01-14,1.0055215692e-03,1.1243044653e-03,9.1692894946e-04,1.1547843610e-03,8.3703773671e-04,9.9455233383e-04
2025-01-15,1.0042678068e-03,9.8582967908e-04,9.5829381642e-04,1.0569811171e-03,1.0578843910e-03,9.6235003031e-04
2025-01-16,9.0434171842e-04,9.3227034196e-04,1.0430420551e-03,8.1548285595e-04,7.7021428354e-04,9.6069905550e-04
2025-01-17,7.0885775850e-04,6.7561559285e-04,7.4762925797e-04,7.0875826701e-04,7.4010588936e-04,6.7217978532e-04
2025-01-18,5.3346714827e-04,4.9456335555e-04,4.7301529915e-04,5.6489409296e-04,6.2953627247e-04,5.0532672121e-04
2025-01-19,5.5819437940e-04,5.4643356289e-04,5.3031031323e-04,6.2229611138e-04,5.7033662090e-04,5.2159528860e-04
2025-01-20,1.9269707424e-03,2.0495226321e-03,1.8611700121e-03,1.5591899102e-03,2.5066668038e-03,1.6583043536e-03
2025-01-21,1.9106621463e-03,1.8446251686e-03,1.8699141782e-03,2.0297010981e-03,1.9550019066e-03,1.8540683798e-03
2025-01-22,2.5139631973e-03,2.4298387772e-03,2.4445134888e-03,2.3409269966e-03,2.5365123364e-03,2.8180243873e-03
2025-01-23,1.3801138000e-03,1.5268237666e-03,1.3207318825e-03,1.3212303119e-03,1.3682616280e-03,1.3635214109e-03
2025-01-24,1.7310216093e-03,1.9745910260e-03,1.8825137111e-03,1.6974173456e-03,1.5217959405e-03,1.5787900233e-03
2025-01-25,7.0390709881e-04,7.3397861608e-04,6.1043928335e-04,7.6661861429e-04,6.8993299931e-04,7.1856598103e-04
2025-01-26,3.8605321106e-04,3.9057868226e-04,3.7518295483e-04,3.7590301712e-04,4.1436138836e-04,3.7424001272e-04
2025-01-27,8.0923658648e-04,8.4179486012e-04,7.3082393772e-04,8.3858547674e-04,7.7693483246e-04,8.5804382539e-04
2025-01-28,1.0729930845e-03,1.1691198626e-03,1.0702162955e-03,1.1583909649e-03,9.8507794715e-04,9.8216035232e-04
2025-01-29,9.0715331741e-04,9.2684661974e-04,8.8304005852e-04,9.4103701007e-04,9.3038382549e-04,8.5445907324e-04
2025-01-30,8.8704824465e-04,9.5252063830e-04,9.4262059977e-04,8.7166928647e-04,8.5937433109e-04,8.0905636762e-04
2025-01-31,6.5539259855e-04,6.6592676605e-04,5.7778015744e-04,6.7242986096e-04,7.0204646881e-04,6.5877973950e-04
2025-02-01,3.4948853534e-04,3.5238168833e-04,3.6009064191e-04,3.2312698055e-04,3.6173396815e-04,3.5010939775e-04
2025-02-02,3.8087478437e-04,3.6568273941e-04,3.6192085563e-04,3.9251332428e-04,3.6106395292e-04,4.2319304961e-04
2025-02-03,1.1715896952e-03,1.3538812704e-03,1.3113458686e-03,1.0283898142e-03,1.1077051355e-03,1.0566263871e-03
2025-02-04,1.5424234270e-03,1.5017493884e-03,1.6866960640e-03,1.6448228565e-03,1.4094263065e-03,1.4694225196e-03
2025-02-05,1.7859959852e-03,1.8755748638e-03,1.6506114900e-03,1.8327491681e-03,1.8306481086e-03,1.7403962952e-03
2025-02-06,1.2687663176e-03,1.3246940435e-03,1.2303751600e-03,1.2147707318e-03,1.2571199188e-03,1.3168717340e-03
2025-02-07,8.9892977841e-04,8.7008003127e-04,8.9006797005e-04,9.2828231339e-04,9.5658330953e-04,8.4963526779e-04
2025-02-08,5.7128150726e-04,5.6781394084e-04,5.6230269858e-04,5.8907254310e-04,5.7254854343e-04,5.6466981037e-04
2025-02-09,3.2340601581e-04,3.1931897720e-04,3.2792885177e-04,3.2477464947e-04,3.3606106170e-04,3.0894653890e-04
2025-02-10,6.4919762076e-04,6.7933158639e-04,6.9042711605e-04,6.6458146323e-04,6.0912091049e-04,6.0252702765e-04
2025-02-11,7.8310748381e-04,8.2388208839e-04,7.5443273254e-04,8.1274331570e-04,7.6610633931e-04,7.5837294310e-04
2025-02-12,6.1985231109e-04,6.2517865770e-04,5.8318092986e-04,5.6725495493e-04,6.5280856696e-04,6.7083844602e-04
2025-02-13,8.0536575799e-04,9.1003091559e-04,9.5264263746e-04,7.6845468840e-04,6.9257411296e-04,7.0312643555e-04
2025-02-14,5.8522520848e-04,5.4019665359e-04,5.6451878520e-04,6.0345554867e-04,6.0559174692e-04,6.1236330804e-04
2025-02-15,2.9673833909e-04,2.9779019534e-04,3.2287176812e-04,3.0096816713e-04,2.7359056734e-04,2.8847099753e-04
2025-02-16,2.0526938617e-04,2.1350607453e-04,2.2655675444e-04,1.9892273414e-04,1.9839926642e-04,1.8896210130e-04
2025-02-17,5.2717381624e-04,5.1661062352e-04,4.7930998831e-04,5.6627462750e-04,4.6293314799e-04,6.1074069388e-04
2025-02-18,5.5025151002e-04,5.5466993087e-04,5.8035036159e-04,5.5712749709e-04,5.1354100192e-04,5.4556875861e-04
2025-02-19,5.0100659809e-04,5.1305234538e-04,5.2225094453e-04,5.3188645252e-04,4.7160254135e-04,4.6624070668e-04
2025-02-20,5.1657868928e-04,5.8274349686e-04,5.7127407487e-04,5.1803598844e-04,4.7593387995e-04,4.3490600627e-04
2025-02-21,3.8505128779e-04,4.2880523122e-04,3.6594916940e-04,3.8035145617e-04,3.5081106714e-04,3.9933951501e-04
2025-02-22,2.5309613611e-04,2.9076538153e-04,3.2319890468e-04,2.2572046024e-04,1.9635768271e-04,2.2943825139e-04
2025-02-23,1.8559580957e-04,1.9794473363e-04,2.1380987169e-04,1.7346732168e-04,1.7041605036e-04,1.7234107049e-04
2025-02-24,4.3155296740e-04,4.1150029211e-04,4.3652619082e-04,4.7813498033e-04,3.8866736711e-04,4.4293600663e-04
2025-02-25,1.0177237491e-03,1.0033316693e-03,1.1864493443e-03,8.7015183256e-04,8.5838627044e-04,1.1702996291e-03
2025-02-26,1.4689572716e-03,1.6388855108e-03,1.3751133466e-03,1.5942961521e-03,1.4056817088e-03,1.3308096397e-03
2025-02-27,1.6597803558e-03,2.0375075482e-03,1.9159464653e-03,1.4707840574e-03,1.3068715348e-03,1.5677921732e-03
2025-02-28,9.2754918727e-04,9.7320305173e-04,1.0510768218e-03,8.7155310040e-04,9.4588993457e-04,7.9602302788e-04
2025-03-01,1.3265409226e-03,1.4578392243e-03,1.2171144736e-03,1.6233678590e-03,1.1595915178e-03,1.1747915385e-03
2025-03-02,9.6798608579e-04,9.9537116854e-04,8.5963341623e-04,9.3987914330e-04,1.0071793886e-03,1.0378673122e-03
2025-03-03,3.3274749692e-03,2.9380878460e-03,2.6614467610e-03,3.5875062937e-03,4.0876643734e-03,3.3626695718e-03
2025-03-04,3.4671208553e-03,3.2337420296e-03,3.2218901483e-03,3.8731458450e-03,3.5168200213e-03,3.4900062322e-03
2025-03-05,2.7788740542e-03,2.4480003102e-03,2.8676146856e-03,2.8679601079e-03,2.7466978745e-03,2.9640972927e-03
2025-03-06,2.0057128493e-03,1.8967718933e-03,2.2282959023e-03,2.0925152880e-03,1.7111099776e-03,2.0998711852e-03
2025-03-07,1.4762580973e-03,1.6153701349e-03,1.5480192715e-03,1.4315203254e-03,1.3953570750e-03,1.3910236796e-03
2025-03-08,1.7396116398e-03,1.9694601801e-03,1.5483171939e-03,1.9322339559e-03,1.6535030574e-03,1.5945438117e-03
2025-03-09,8.4636251439e-04,8.9627578001e-04,8.1352341983e-04,8.2183465158e-04,7.9513688218e-04,9.0504183835e-04
2025-03-10,2.4412468311e-03,2.6098845763e-03,2.3294034828e-03,2.3258907095e-03,2.1112327609e-03,2.8298226258e-03
2025-03-11,1.7790542527e-03,1.8701533336e-03,1.7814865812e-03,1.6745793177e-03,1.7225178555e-03,1.8465341757e-03
2025-03-12,2.9152810483e-03,2.9643941796e-03,2.9140463797e-03,2.9161591484e-03,2.6873997956e-03,3.0944057383e-03
2025-03-13,1.6183883450e-03,1.5206504081e-03,1.6283768135e-03,1.6295936380e-03,1.6235004958e-03,1.6898203695e-03
2025-03-14,1.2474625033e-03,1.1540588564e-03,1.1876916258e-03,1.3333997290e-03,1.3005779399e-03,1.2615843652e-03
2025-03-15,7.3819288120e-04,6.8682124284e-04,6.5860931350e-04,7.8358606951e-04,7.4594887254e-04,8.1599890759e-04
2025-03-16,3.5248251277e-04,3.3653690627e-04,3.6421569177e-04,3.4841315856e-04,3.7044078075e-04,3.4280602651e-04
2025-03-17,1.0826287017e-03,1.1705689323e-03,1.1579402578e-03,1.0065103586e-03,1.1001790312e-03,9.7794492871e-04
2025-03-18,8.3131447779e-04,8.6874774951e-04,8.3163384208e-04,7.9891493372e-04,8.8527281846e-04,7.7200304516e-04
2025-03-19,7.8838884483e-04,8.0141644776e-04,7.6644921018e-04,7.6437379127e-04,8.4496841121e-04,7.6473636372e-04
2025-03-20,8.3525010867e-04,9.0362173134e-04,9.4033909903e-04,7.8069490807e-04,8.2703097939e-04,7.2456382553e-04
2025-03-21,8.5716467293e-04,7.2409895122e-04,8.3696876955e-04,8.7109022379e-04,9.1490295294e-04,9.3876246717e-04
2025-03-22,2.5754751654e-04,2.4961908050e-04,2.7500033013e-04,2.3798200956e-04,2.6744390854e-04,2.5769225398e-04
2025-03-23,1.8035690278e-04,1.6378691030e-04,2.1094711566e-04,1.7982337375e-04,1.7540285464e-04,1.7182425957e-04
2025-03-24,5.3846540778e-04,5.2540625846e-04,5.8015697559e-04,5.7339166390e-04,5.3881574242e-04,4.7455639851e-04
2025-03-25,7.0877682071e-04,7.7248637587e-04,7.3213084112e-04,6.8110613456e-04,6.6908446505e-04,6.8907628693e-04
2025-03-26,5.0339478078e-04,4.6660796608e-04,5.2443369200e-04,5.2484708996e-04,4.9571072955e-04,5.0537442630e-04
2025-03-27,5.5679173372e-04,6.5645838158e-04,5.7587944354e-04,5.1470006933e-04,5.0282226511e-04,5.3409850906e-04
2025-03-28,4.4220911138e-04,4.5547247009e-04,4.1534770789e-04,4.5805209432e-04,4.3898008525e-04,4.4319319935e-04
2025-03-29,2.3603969712e-04,2.6651251555e-04,2.9163309893e-04,1.9741802210e-04,1.8522734139e-04,2.3940750765e-04
2025-03-30,4.1331748290e-04,4.1575982473e-04,3.7269174358e-04,4.2829881673e-04,3.9224675399e-04,4.5759027546e-04
2025-03-31,6.0912412899e-04,6.3965762675e-04,6.4729131715e-04,5.6734991021e-04,5.7312414947e-04,6.1819764139e-04
2025-04-01,7.5873714515e-04,8.5615303755e-04,7.3429330784e-04,8.1084828685e-04,6.4927364247e-04,7.4311745104e-04
2025-04-02,7.4458407755e-04,6.9655061501e-04,6.8637029434e-04,7.5349686899e-04,8.0156608538e-04,7.8493652404e-04
2025-04-03,1.1158063938e-03,1.2936782484e-03,1.3394815889e-03,1.0172522042e-03,8.8034889229e-04,1.0482710355e-03
2025-04-04,6.8069711029e-04,7.0772618196e-04,7.4590762323e-04,6.3456686956e-04,6.6300790274e-04,6.5227697397e-04
2025-04-05,5.7454537844e-04,5.9510040176e-04,5.4239508838e-04,6.3282959244e-04,5.5571947471e-04,5.4668233490e-04
2025-04-06,3.2915511877e-04,3.6114215205e-04,3.1611630414e-04,3.1639018242e-04,3.3949278782e-04,3.1263416743e-04
2025-04-07,1.9804618953e-03,2.3204444791e-03,1.8394400858e-03,1.6649214508e-03,1.8563728735e-03,2.2211305874e-03
2025-04-08,1.4589457728e-03,1.4984596434e-03,1.4148947997e-03,1.6121679210e-03,1.3447863852e-03,1.4244201147e-03
2025-04-09,1.6745867233e-03,1.7189188127e-03,1.3448870853e-03,1.5813317677e-03,1.9858170345e-03,1.7419789163e-03
2025-04-10,2.4657597789e-03,2.4991463328e-03,2.5285535003e-03,2.6579378776e-03,2.1672019921e-03,2.4759591916e-03
2025-04-11,1.3796463879e-03,1.2800124211e-03,1.3314250809e-03,1.4893347115e-03,1.4895128931e-03,1.3079468328e-03
2025-04-12,1.0677526995e-03,1.0668043861e-03,8.7128266650e-04,1.1823431561e-03,1.1154390156e-03,1.1028942732e-03
2025-04-13,6.9662045711e-04,6.8517045248e-04,6.4316701679e-04,6.9303288740e-04,7.2663237610e-04,7.3509955277e-04
2025-04-14,1.2997798583e-03,1.3796462375e-03,1.2073188037e-03,1.2032894681e-03,1.4250046268e-03,1.2836401554e-03
2025-04-15,9.5939210728e-04,1.0335277196e-03,8.7877187958e-04,1.0128522403e-03,9.2991992630e-04,9.4188877067e-04
2025-04-16,7.8961717530e-04,7.7770557807e-04,7.1806996406e-04,7.5999236186e-04,8.7479235359e-04,8.1752561893e-04
2025-04-17,7.3833869042e-04,8.4206760391e-04,7.9994548166e-04,6.8723973370e-04,7.1026131229e-04,6.5217932054e-04
2025-04-18,5.7342951332e-04,5.6144206571e-04,4.7823659269e-04,6.2767876547e-04,6.1371083319e-04,5.8607930956e-04
2025-04-19,1.4331246696e-04,1.3095831499e-04,1.5596914302e-04,1.2242490630e-04,1.5940442811e-04,1.4780554239e-04
2025-04-20,1.8630146032e-04,1.9159274900e-04,1.9852985339e-04,1.7749642131e-04,1.7794567843e-04,1.8594259948e-04
2025-04-21,4.0642624289e-04,3.8335729447e-04,4.6663017151e-04,4.6363624287e-04,3.7487024002e-04,3.4363726558e-04
2025-04-22,6.9863155175e-04,7.9998046136e-04,7.5212836328e-04,6.5776915461e-04,5.9408816122e-04,6.8919161826e-04
2025-04-23,1.1313953005e-03,1.2139229303e-03,1.0921650890e-03,1.1590581121e-03,1.0512074405e-03,1.1406229303e-03
2025-04-24,6.8197811448e-04,8.0254555240e-04,7.2249177162e-04,6.4992813514e-04,6.4138393135e-04,5.9354118187e-04
2025-04-25,5.7232580266e-04,5.5812866241e-04,5.2564426873e-04,6.0362442294e-04,5.9470641704e-04,5.7952524217e-04
2025-04-26,2.8905216158e-04,2.8811711457e-04,2.8145465147e-04,2.8221631025e-04,3.0004042011e-04,2.9343231148e-04
2025-04-27,2.3979879914e-04,2.4983969454e-04,2.3810154325e-04,2.4132172395e-04,2.3776247837e-04,2.3196855560e-04
2025-04-28,5.6177686084e-04,5.7845642127e-04,6.0125293295e-04,5.6140142710e-04,5.0726837430e-04,5.6050514858e-04
2025-04-29,6.4940444584e-04,6.7645447624e-04,6.6365286605e-04,6.4882919650e-04,5.9339823628e-04,6.6468745415e-04
2025-04-30,4.6580014617e-04,4.8047807354e-04,4.8588618828e-04,4.6646123942e-04,4.5298741464e-04,4.4318781496e-04
2025-05-01,5.4724422630e-04,6.0685772771e-04,5.6860274537e-04,5.3533935482e-04,5.3317480824e-04,4.9224649534e-04
2025-05-02,4.4285060530e-04,4.9793342181e-04,4.1153766976e-04,4.1204947026e-04,3.9530971713e-04,4.9742274757e-04
2025-05-03,1.6679103549e-04,1.7840530377e-04,1.8130682590e-04,1.6479694618e-04,1.4852715486e-04,1.6091894672e-04
2025-05-04,1.6925840585e-04,1.7876347392e-04,1.7870403184e-04,1.6550120952e-04,1.4942315860e-04,1.7390015539e-04
2025-05-05,5.4562487207e-04,5.8106691829e-04,5.9815101430e-04,4.8636598818e-04,4.5478193086e-04,6.0775850870e-04
2025-05-06,5.7332630866e-04,5.8279270615e-04,5.5928739424e-04,5.9745764886e-04,5.3342468300e-04,5.9366911106e-04
2025-05-07,4.6386617714e-04,4.7193489977e-04,4.4228286274e-04,4.4180048427e-04,4.7806762365e-04,4.8524501529e-04
2025-05-08,5.7703925090e-04,5.8793012401e-04,6.3823339633e-04,5.9374441250e-04,5.5849211115e-04,5.0679621052e-04
2025-05-09,6.2760608171e-04,6.9259976712e-04,5.9931603930e-04,5.7986692788e-04,5.9623075665e-04,6.7001691759e-04
2025-05-10,2.0882965034e-04,2.3788204438e-04,2.4086458313e-04,2.0974078634e-04,1.7435549864e-04,1.8130533922e-04
2025-05-11,2.8453292790e-04,3.0270578432e-04,2.9035532175e-04,2.7629880563e-04,2.9349630479e-04,2.5980842301e-04
2025-05-12,7.7945184836e-04,7.2501978199e-04,8.2954694090e-04,7.4588164441e-04,8.1498891006e-04,7.8182196445e-04
2025-05-13,9.1052910710e-04,9.8865554635e-04,8.2924210027e-04,1.0023180368e-03,8.6297411313e-04,8.6945573897e-04
2025-05-14,6.0980912132e-04,5.8414426081e-04,5.7601727235e-04,6.0556972457e-04,6.6258181667e-04,6.2073253221e-04
2025-05-15,6.3357819885e-04,6.1297552093e-04,6.4207848269e-04,6.1172004286e-04,6.4886454657e-04,6.5225240118e-04
2025-05-16,4.8246920243e-04,4.3989852701e-04,5.2565851027e-04,4.8076654427e-04,4.6409717419e-04,5.0192525638e-04
2025-05-17,1.6820559999e-04,1.5539699096e-04,1.7521581007e-04,1.8553736430e-04,1.6039057228e-04,1.6448726235e-04
2025-05-18,1.9524639160e-04,1.9973111653e-04,1.9924977245e-04,2.0029872855e-04,1.8538531591e-04,1.9156702456e-04
2025-05-19,8.9954190078e-04,1.0343347299e-03,8.8481312991e-04,7.7975934318e-04,1.0125710484e-03,7.8623125248e-04
2025-05-20,7.7347740675e-04,8.2926555022e-04,7.2435574716e-04,8.6057637136e-04,7.1077648654e-04,7.4241287846e-04
2025-05-21,6.7064780802e-04,6.1536240747e-04,6.2246645082e-04,7.0607986647e-04,7.3106801411e-04,6.7826230123e-04
2025-05-22,8.3850786732e-04,8.3027056447e-04,9.9251895227e-04,8.2654794369e-04,6.6787218083e-04,8.7532969536e-04
2025-05-23,6.3387505312e-04,6.5195799503e-04,6.4743179219e-04,5.8773101014e-04,6.2962827698e-04,6.5262619127e-04
2025-05-24,3.4070509305e-04,4.0257334882e-04,3.6699329043e-04,3.2846940128e-04,2.8526742394e-04,3.2022200079e-04
2025-05-25,3.6418609003e-04,3.7858216694e-04,3.5618866113e-04,3.6671376921e-04,3.7362610890e-04,3.4581974398e-04
2025-05-26,8.5397534680e-04,9.0174343516e-04,8.0852685341e-04,7.8403854837e-04,9.4762122326e-04,8.2794667380e-04
2025-05-27,6.7281031828e-04,6.8032242164e-04,6.5307439574e-04,7.0827745693e-04,6.3585263811e-04,6.8652467897e-04
2025-05-28,5.0486015305e-04,4.9872860507e-04,4.9988858361e-04,5.1877431369e-04,5.0620613288e-04,5.0070312999e-04
2025-05-29,6.1219732819e-04,6.1404131732e-04,5.8947048664e-04,5.9388428359e-04,6.1104789401e-04,6.5254265942e-04
2025-05-30,4.5550050768e-04,3.9400971219e-04,4.7963732391e-04,4.8652733269e-04,3.9657431560e-04,5.2075385402e-04
2025-05-31,1.8465242196e-04,1.8597159551e-04,2.1522340041e-04,1.7805724455e-04,1.5313800770e-04,1.9087186166e-04
2025-06-01,2.4777093534e-04,2.4482632045e-04,2.5498993301e-04,2.4749531980e-04,2.4371619457e-04,2.4782690885e-04
2025-06-02,6.2223687567e-04,6.2526717620e-04,6.4867044161e-04,6.2594576184e-04,6.2593436427e-04,5.8536663441e-04
2025-06-03,6.1577208756e-04,6.1557764122e-04,5.9677388917e-04,6.5806194724e-04,5.6113440011e-04,6.4731256003e-04
2025-06-04,3.9099646688e-04,3.9744408926e-04,3.9167725077e-04,4.1149806912e-04,3.7977083276e-04,3.7459209251e-04
2025-06-05,5.5345343160e-04,5.3653853260e-04,5.2535276655e-04,5.4169696270e-04,6.1718907363e-04,5.4648982255e-04
2025-06-06,5.0544719037e-04,4.3407556336e-04,5.1055378020e-04,5.5207527353e-04,4.2884601865e-04,6.0168531612e-04
2025-06-07,1.9231514461e-04,1.8920476518e-04,1.8188984240e-04,2.0045236495e-04,1.8586497146e-04,2.0416377907e-04
2025-06-08,1.8605539049e-04,2.0127841544e-04,1.9711336682e-04,1.7299049633e-04,1.8424805754e-04,1.7464661634e-04
2025-06-09,4.4621945831e-04,4.2798756432e-04,4.6045845502e-04,4.7642876001e-04,4.3220416376e-04,4.3401834845e-04
2025-06-10,8.2868542121e-04,9.7171859552e-04,8.6700972864e-04,7.4796037870e-04,7.1237336996e-04,8.4436503322e-04
2025-06-11,3.5552983001e-04,3.3797746229e-04,3.4685825995e-04,4.0068993460e-04,3.4671501074e-04,3.4540848246e-04
2025-06-12,6.5329051656e-04,6.6041859734e-04,6.2362404781e-04,6.4081877730e-04,6.4608957746e-04,6.9550158291e-04
2025-06-13,4.4174577596e-04,3.8476660870e-04,4.4414450425e-04,4.8545308533e-04,3.8742073388e-04,5.0694394765e-04
2025-06-14,2.3728734414e-04,2.2162933282e-04,2.6339596080e-04,2.6586547308e-04,2.0290460135e-04,2.3264135264e-04
2025-06-15,2.0304860953e-04,2.1088845527e-04,2.0446487716e-04,2.0349487169e-04,2.0077052127e-04,1.9562432226e-04
2025-06-16,6.1595650505e-04,6.1374861157e-04,5.8476861635e-04,6.1435283020e-04,6.6905725052e-04,5.9785521660e-04
2025-06-17,7.0134160477e-04,7.3952487452e-04,6.6109082965e-04,7.4017793931e-04,6.6231020124e-04,7.0360417914e-04
2025-06-18,6.0440329285e-04,6.2620492607e-04,5.2051219764e-04,5.7266746664e-04,6.9063935630e-04,6.1199251760e-04
2025-06-19,5.9306435376e-04,5.7585551826e-04,6.5275607654e-04,6.1846993702e-04,5.7856450279e-04,5.3967573422e-04
2025-06-20,3.4760712782e-04,3.2845223408e-04,3.5440061049e-04,3.5404060720e-04,3.3521138238e-04,3.6593080496e-04
2025-06-21,1.6337978337e-04,1.5395726918e-04,1.9438811022e-04,1.6793066056e-04,1.3610250600e-04,1.6452037087e-04
2025-06-22,3.4828190990e-04,3.6627191344e-04,3.3330819705e-04,3.7509105699e-04,3.3586737328e-04,3.3087100872e-04
2025-06-23,1.0726591878e-03,1.0795915176e-03,1.1090814984e-03,9.5614469133e-04,1.2158127522e-03,1.0026654792e-03
2025-06-24,1.1525121924e-03,1.4218268897e-03,1.0802450414e-03,1.1478611991e-03,1.0326791102e-03,1.0799487217e-03
2025-06-25,5.7517983294e-04,5.6305754640e-04,5.6261508808e-04,5.8142189139e-04,5.9607593972e-04,5.7272869911e-04
2025-06-26,6.5561310905e-04,6.2475824103e-04,7.0965970263e-04,5.9172716420e-04,7.1442997351e-04,6.3749046388e-04
2025-06-27,4.6932290358e-04,4.6408397887e-04,4.9163201753e-04,4.8281193471e-04,4.3935298506e-04,4.6873360173e-04
2025-06-28,1.5021056213e-04,1.6122135387e-04,1.3940760727e-04,1.5736267466e-04,1.4528082117e-04,1.4778035366e-04
2025-06-29,1.0162398907e-04,1.0667788669e-04,9.5167163349e-05,1.0152817658e-04,1.0793369952e-04,9.6813019216e-05
2025-06-30,4.1486457863e-04,3.9411393995e-04,4.5655831407e-04,4.3022114581e-04,3.9896575517e-04,3.9446373815e-04
2025-07-01,4.8157196935e-04,4.8256782636e-04,5.2237640440e-04,4.6370187955e-04,4.5827222330e-04,4.8094151314e-04
2025-07-02,2.9774072720e-04,3.4786659274e-04,2.9058096971e-04,2.8863734786e-04,2.6853448752e-04,2.9308423816e-04
2025-07-03,5.0860661132e-04,4.6627230179e-04,6.0804759562e-04,4.8019821257e-04,5.6197427972e-04,4.2654066688e-04
2025-07-04,3.2508061941e-04,3.4955097120e-04,3.0708512455e-04,3.1216605693e-04,3.0197752152e-04,3.5462342283e-04
2025-07-05,1.1651265913e-04,1.3533547259e-04,1.1195749528e-04,9.8691965547e-05,1.0685882724e-04,1.2971953497e-04
2025-07-06,1.1603277545e-04,1.2747254130e-04,1.1455269606e-04,1.1405945890e-04,1.1390384635e-04,1.1017533462e-04
2025-07-07,4.0259819458e-04,3.8542666855e-04,4.3465085118e-04,4.1584782788e-04,3.8945585921e-04,3.8760976606e-04
2025-07-08,4.6197019660e-04,4.5834034952e-04,5.0525696270e-04,4.4891462308e-04,4.4242246379e-04,4.5491658392e-04
2025-07-09,2.3201828755e-04,2.7074597882e-04,2.1652288909e-04,2.3851821647e-04,2.1604792574e-04,2.1825642765e-04
2025-07-10,5.1732952718e-04,4.5991481223e-04,6.0391490697e-04,5.0600946481e-04,5.8045031373e-04,4.3635813815e-04
2025-07-11,5.2506335481e-04,5.5348324018e-04,5.0139127342e-04,4.8354317988e-04,4.8097201686e-04,6.0592706371e-04
2025-07-12,2.0720629352e-04,2.2084751545e-04,2.1158059555e-04,2.1437634433e-04,1.9223655429e-04,1.9699045796e-04
2025-07-13,1.7570217909e-04,1.9532044603e-04,1.7258162970e-04,1.7494031999e-04,1.7454588841e-04,1.6112261132e-04
2025-07-14,6.8256759713e-04,6.4001332920e-04,7.0813372373e-04,6.7705160113e-04,7.3839312295e-04,6.4924620865e-04
2025-07-15,7.6620093520e-04,7.5766320985e-04,6.9916601516e-04,8.8418359865e-04,7.4734841217e-04,7.4264344015e-04
2025-07-16,7.2202860949e-04,7.9209935553e-04,5.7668594826e-04,7.3630851243e-04,7.8489709001e-04,7.2015214122e-04
2025-07-17,6.5639900815e-04,6.2238474486e-04,7.2875258667e-04,6.3249111843e-04,7.1315421607e-04,5.8521237472e-04
2025-07-18,4.7145331338e-04,4.7000121552e-04,5.1910510317e-04,4.7526933796e-04,4.5523939167e-04,4.3765151861e-04
2025-07-19,2.0036506653e-04,2.0172828244e-04,2.2548221578e-04,2.0736629544e-04,1.9726321850e-04,1.6998532046e-04
2025-07-20,1.9873333951e-04,2.1019115865e-04,2.0090736038e-04,1.9845072233e-04,2.0397044606e-04,1.8014701013e-04
2025-07-21,6.1535214905e-04,6.0292753483e-04,6.0508750529e-04,5.9394776919e-04,6.2173102536e-04,6.5306691056e-04
2025-07-22,6.2539793659e-04,6.2994187779e-04,5.8892446680e-04,6.9485674837e-04,6.0414206852e-04,6.0912452145e-04
2025-07-23,5.4365178053e-04,5.5289494513e-04,5.0184240014e-04,5.4325905186e-04,5.5232373486e-04,5.6793877067e-04
2025-07-24,6.5501393355e-04,6.3299867624e-04,6.6253623544e-04,6.6154840730e-04,6.5584408580e-04,6.6214226297e-04
2025-07-25,3.7198384210e-04,3.6363029497e-04,3.8949663659e-04,3.8466826563e-04,3.5447921304e-04,3.6764480024e-04
2025-07-26,1.9797176545e-04,2.0086123397e-04,2.3723767435e-04,2.0425158608e-04,1.8292827609e-04,1.6458005677e-04
2025-07-27,1.5867723201e-04,1.6149748012e-04,1.6399150331e-04,1.5962770574e-04,1.6193072527e-04,1.4633874559e-04
2025-07-28,5.8316610440e-04,5.6581425580e-04,5.7331751791e-04,5.7663199479e-04,5.8230835623e-04,6.1775839728e-04
2025-07-29,6.0289568024e-04,6.0518846347e-04,6.2053577870e-04,5.9855504390e-04,6.2005943363e-04,5.7013968151e-04
2025-07-30,3.6413470513e-04,3.7991343885e-04,3.6193626047e-04,3.9371750704e-04,3.6505133978e-04,3.2005497950e-04
2025-07-31,5.2668938137e-04,5.1516915467e-04,5.2305071981e-04,5.4088191352e-04,5.9241834918e-04,4.6192676966e-04
2025-08-01,3.4944650319e-04,3.3985810002e-04,3.5770204730e-04,3.4864068470e-04,3.3159388463e-04,3.6943779929e-04
2025-08-02,1.9514687881e-04,2.1408775051e-04,2.4911597501e-04,1.7968700352e-04,1.7029994587e-04,1.6254371916e-04
2025-08-03,2.3390056003e-04,2.4302355193e-04,2.4407213324e-04,2.3420899038e-04,2.2582326620e-04,2.2237485842e-04
2025-08-04,5.8819122808e-04,5.7171202860e-04,5.7473983353e-04,5.7939132123e-04,5.8810334750e-04,6.2700960953e-04
2025-08-05,5.7358948871e-04,5.5785194811e-04,5.5188566665e-04,5.8996464594e-04,5.6944738024e-04,5.9879780259e-04
2025-08-06,3.8684248437e-04,4.1958660193e-04,3.8011205938e-04,3.9370320047e-04,3.9599638585e-04,3.4481417420e-04
2025-08-07,5.2352110870e-04,4.9409141831e-04,5.4857346049e-04,5.1576879189e-04,6.1251328827e-04,4.4665858455e-04
2025-08-08,3.3138412855e-04,3.5708691164e-04,3.2448632157e-04,3.1149441018e-04,3.0461365108e-04,3.5923934829e-04
2025-08-09,1.0793287787e-04,1.0054595578e-04,1.1203174743e-04,1.0498838338e-04,1.0781342340e-04,1.1428487937e-04
2025-08-10,1.4499787602e-04,1.4696925257e-04,1.5268691668e-04,1.4725252738e-04,1.4032730941e-04,1.3775337404e-04
2025-08-11,6.1988531489e-04,6.4614235246e-04,6.3127791834e-04,5.7536447959e-04,6.1651423493e-04,6.3012758914e-04
2025-08-12,6.0845219815e-04,6.2263020169e-04,5.8043876913e-04,6.7672068378e-04,5.8654442814e-04,5.7592690800e-04
2025-08-13,3.6989074805e-04,3.9928244227e-04,3.5104076779e-04,3.7398166643e-04,3.7034493156e-04,3.5480393219e-04
2025-08-14,6.1759870533e-04,5.6748119382e-04,7.3784421369e-04,5.7548039670e-04,6.6736065136e-04,5.3982707108e-04
2025-08-15,7.6172152162e-04,6.4104908177e-04,7.8176552324e-04,8.5865749559e-04,8.0435971704e-04,7.2277579047e-04
2025-08-16,1.6463612529e-04,1.5193664598e-04,1.6663961355e-04,1.7179088224e-04,1.7553672456e-04,1.5727676013e-04
2025-08-17,1.5852864408e-04,1.6328884344e-04,1.5613012511e-04,1.6164597289e-04,1.6426992962e-04,1.4730834932e-04
2025-08-18,5.2662765472e-04,5.3639323324e-04,4.7627256730e-04,5.3717432734e-04,5.4737357768e-04,5.3592456802e-04
2025-08-19,6.8330718790e-04,7.0287851358e-04,6.5546645941e-04,7.1996853471e-04,7.0785154545e-04,6.3037088635e-04
2025-08-20,4.6457826319e-04,4.9615754863e-04,4.4965308969e-04,4.4238814082e-04,4.5643991264e-04,4.7825262413e-04
2025-08-21,5.5507928396e-04,5.1772756407e-04,6.1925164457e-04,5.4629550440e-04,6.1503803772e-04,4.7708366905e-04
2025-08-22,3.7925654393e-04,3.5042541258e-04,3.9487158030e-04,3.8714234217e-04,3.6386604797e-04,3.9997733662e-04
2025-08-23,3.3958775772e-04,3.3438290967e-04,3.3781999413e-04,3.2766675798e-04,3.4460017443e-04,3.5346895241e-04
2025-08-24,2.1317896783e-04,2.2928674541e-04,2.0720018670e-04,2.1252390389e-04,2.1050415330e-04,2.0637984986e-04
2025-08-25,8.5735267237e-04,8.8534689872e-04,9.2930377873e-04,7.8344426379e-04,8.6325655741e-04,8.2541186320e-04
2025-08-26,1.0325522148e-03,1.0744136402e-03,1.0108375663e-03,1.0143615789e-03,1.0627344048e-03,1.0004138841e-03
2025-08-27,6.8554842338e-04,6.6226833849e-04,6.2492715968e-04,7.0933806809e-04,7.3443021219e-04,6.9677833847e-04
2025-08-28,6.5046196460e-04,6.4359446955e-04,6.6387282122e-04,6.2113309083e-04,6.8519601847e-04,6.3851342293e-04
2025-08-29,4.5429392406e-04,4.8010556059e-04,4.4600556273e-04,4.4964376782e-04,4.1923245436e-04,4.7648227481e-04
2025-08-30,2.1819131732e-04,2.5050443794e-04,2.1442863047e-04,1.9524804729e-04,2.1175270204e-04,2.1902276885e-04
2025-08-31,1.8212425351e-04,1.9359493908e-04,1.8588343393e-04,1.7780930885e-04,1.8268533064e-04,1.7064825505e-04
2025-09-01,4.6167614153e-04,4.4907161653e-04,4.7497803876e-04,4.6743890040e-04,4.4026177380e-04,4.7663037816e-04
2025-09-02,6.0479923432e-04,6.2719111039e-04,5.7339238236e-04,6.3602154216e-04,5.5892416658e-04,6.2846697013e-04
2025-09-03,4.9100557202e-04,5.0469788143e-04,4.6322311268e-04,4.9022105901e-04,4.9454074641e-04,5.0234506058e-04
2025-09-04,5.6341273654e-04,5.5601135770e-04,5.7739383088e-04,5.5788529955e-04,6.1909713244e-04,5.0667606214e-04
2025-09-05,3.7871546476e-04,3.6514330985e-04,3.7912799705e-04,3.8129294211e-04,3.6350395967e-04,4.0450911513e-04
2025-09-06,1.5776637500e-04,1.5723158195e-04,1.5961780574e-04,1.6673355387e-04,1.5333207828e-04,1.5191685516e-04
2025-09-07,1.4320766832e-04,1.4459524691e-04,1.4379422168e-04,1.4677856838e-04,1.4082481398e-04,1.4004549067e-04
2025-09-08,4.1315091516e-04,4.0475989531e-04,4.1472075943e-04,4.3357458672e-04,4.0287404245e-04,4.0982529187e-04
2025-09-09,5.0760054089e-04,4.8335955979e-04,5.2869877729e-04,5.1924811972e-04,4.9832591000e-04,5.0837033763e-04
2025-09-10,3.0751784935e-04,3.3607733348e-04,2.8601431653e-04,3.2867119682e-04,3.0397148942e-04,2.8285491049e-04
2025-09-11,5.1949183024e-04,4.8858753423e-04,5.8628715822e-04,5.0293086443e-04,5.7546511310e-04,4.4418848121e-04
2025-09-12,3.2122713716e-04,3.4005595401e-04,3.0597097880e-04,3.0666128836e-04,3.0524714210e-04,3.4820032255e-04
2025-09-13,1.1745443048e-04,1.1516333402e-04,1.1201360210e-04,1.1884586346e-04,1.1253412864e-04,1.2871522416e-04
2025-09-14,1.2338436439e-04,1.2542566196e-04,1.2568175579e-04,1.2599249329e-04,1.2052398569e-04,1.1929792523e-04
2025-09-15,3.6562374716e-04,3.5747385969e-04,3.7261037370e-04,3.6635043902e-04,3.4565581723e-04,3.8602824618e-04
2025-09-16,4.7525494425e-04,4.6112438078e-04,4.8831258007e-04,5.0954689519e-04,4.5785538005e-04,4.5943548514e-04
2025-09-17,2.5587532047e-04,2.9159255065e-04,2.3472689757e-04,2.5656046660e-04,2.5290246108e-04,2.4359422646e-04
2025-09-18,5.7067980027e-04,5.3052402416e-04,5.7609728012e-04,6.0961723643e-04,6.2088867681e-04,5.1627178382e-04
2025-09-19,2.9217328178e-04,2.9204497405e-04,2.9365621326e-04,2.9027460422e-04,2.8079154198e-04,3.0409907541e-04
2025-09-20,9.4885297843e-05,8.9814022925e-05,9.1982701819e-05,8.4184538862e-05,9.6603120090e-05,1.1184210552e-04
2025-09-21,8.9211733784e-05,9.3692913081e-05,8.8372311491e-05,9.0766747229e-05,9.0857733142e-05,8.2368963977e-05
2025-09-22,2.8456864651e-04,2.7937925872e-04,2.5561062726e-04,2.9057917807e-04,2.5761073373e-04,3.3966343479e-04
2025-09-23,5.5656147555e-04,5.9497472823e-04,5.9161307975e-04,5.6052243316e-04,5.5232812513e-04,4.8336901147e-04
2025-09-24,2.4626829524e-04,2.7070463854e-04,2.1249328554e-04,2.5710600863e-04,2.9185928671e-04,1.9917825678e-04
2025-09-25,5.4116583729e-04,4.5087571987e-04,6.2540816412e-04,5.2894576006e-04,6.2953290936e-04,4.7106663305e-04
2025-09-26,4.6327897050e-04,4.3025430064e-04,4.7069980895e-04,5.7399430987e-04,4.1004236783e-04,4.3140406522e-04
2025-09-27,1.3576624096e-04,1.2725577053e-04,1.3603744555e-04,1.5601793863e-04,1.2370792302e-04,1.3581212705e-04
2025-09-28,1.1588631454e-04,1.1974821308e-04,1.1742916081e-04,1.1776323902e-04,1.2051150051e-04,1.0397945928e-04
2025-09-29,6.5169844032e-04,6.2346047803e-04,5.7462001758e-04,5.3591216933e-04,8.2797168291e-04,6.9652785378e-04
2025-09-30,6.8971182622e-04,6.3386747949e-04,7.0410326781e-04,6.8072997035e-04,7.1592875291e-04,7.1392966053e-04
2025-10-01,2.5395616628e-04,2.7322495545e-04,2.1314136560e-04,2.6829673194e-04,3.0907221648e-04,2.0604556192e-04
2025-10-02,5.5488842734e-04,5.0540716860e-04,7.4867463383e-04,5.1953617098e-04,5.3225569169e-04,4.6856847160e-04
2025-10-03,3.1547159777e-04,3.2607980912e-04,3.3765292500e-04,3.1167071728e-04,2.6896950404e-04,3.3298503339e-04
2025-10-04,1.6478413391e-04,1.5968121546e-04,1.7679425335e-04,1.8420588843e-04,1.4175926386e-04,1.6148004845e-04
2025-10-05,1.5785793503e-04,1.7070947430e-04,1.6352038824e-04,1.5493098772e-04,1.5852790776e-04,1.4160091713e-04
2025-10-06,9.0400025261e-04,8.8406546231e-04,8.9823925669e-04,8.3383890542e-04,9.7346498967e-04,9.3039264896e-04
2025-10-07,7.1552052996e-04,7.0011175027e-04,6.6036776784e-04,7.5875391162e-04,7.2341691929e-04,7.3495230080e-04
2025-10-08,6.5063246530e-04,6.4197735975e-04,5.3007584619e-04,5.9187710615e-04,9.0051385313e-04,5.8871816129e-04
2025-10-09,6.0004362862e-04,5.7676056749e-04,7.3328595265e-04,5.9012814790e-04,5.5549970374e-04,5.4454377133e-04
2025-10-10,4.1527285156e-04,3.9461846803e-04,4.6582812131e-04,4.4897216015e-04,3.8714735290e-04,3.7979815540e-04
2025-10-11,3.0529426972e-03,2.9656881430e-03,4.5762525101e-03,2.5638271462e-03,2.7594555024e-03,2.3994901843e-03
2025-10-12,1.6237513527e-03,1.5547378476e-03,1.6741940347e-03,1.6178008552e-03,1.7421947466e-03,1.5298292795e-03
2025-10-13,1.8790860940e-03,2.1341509663e-03,1.5894698831e-03,1.8643670047e-03,1.9973660069e-03,1.8100766093e-03
2025-10-14,1.1376168791e-03,1.1397233960e-03,9.7378851287e-04,1.1983494474e-03,1.1992692763e-03,1.1769537632e-03
2025-10-15,1.4785924457e-03,1.5194351563e-03,1.3906921824e-03,1.3163389358e-03,1.5506866639e-03,1.6158092900e-03
2025-10-16,8.6346825937e-04,9.5197907982e-04,8.5947572233e-04,7.3068585716e-04,8.2996643133e-04,9.4523420621e-04
2025-10-17,9.1598481064e-04,8.6074791958e-04,9.9862512891e-04,8.9261685228e-04,9.3388891122e-04,8.9404524122e-04
2025-10-18,3.9921425360e-04,4.0249927534e-04,4.2370217946e-04,3.5552599279e-04,4.0571039647e-04,4.0863342394e-04
2025-10-19,3.3068120833e-04,3.2924988900e-04,3.1434513980e-04,3.2593670231e-04,3.4001464512e-04,3.4385966540e-04
2025-10-20,7.5454372044e-04,7.7944534443e-04,7.7835051482e-04,6.5756737445e-04,7.8452059969e-04,7.7283476882e-04
2025-10-21,8.7819985995e-04,8.8281724507e-04,8.2662270929e-04,8.9568313496e-04,9.0258369413e-04,8.8329251628e-04
2025-10-22,1.1225431278e-03,1.2193919742e-03,1.0780277207e-03,1.1024116972e-03,1.1607725994e-03,1.0521116472e-03
2025-10-23,8.1404558587e-04,8.9319080780e-04,7.8393012458e-04,7.1783039750e-04,8.6004526756e-04,8.1523133192e-04
2025-10-24,6.7445697528e-04,7.5077953285e-04,6.4207444431e-04,6.4115663006e-04,6.7645115606e-04,6.6182311310e-04
2025-10-25,2.6580831781e-04,2.6701473021e-04,2.5340181950e-04,2.6099380097e-04,2.8066313664e-04,2.6696810172e-04
2025-10-26,2.2887810256e-04,2.1145627394e-04,2.1389172852e-04,2.3609252232e-04,2.4205031904e-04,2.4089966898e-04
2025-10-27,6.7074402669e-04,6.8152760860e-04,7.2682830048e-04,5.9154605575e-04,6.8712396530e-04,6.6669420331e-04
2025-10-28,6.0023335873e-04,5.4478406062e-04,5.8688098086e-04,5.6903047933e-04,6.1876986734e-04,6.8170140552e-04
2025-10-29,5.4735047703e-04,5.5143136192e-04,5.5837219040e-04,5.3609430018e-04,5.4749929536e-04,5.4335523728e-04
2025-10-30,8.8852550355e-04,1.0078661621e-03,8.7263117079e-04,7.6619462094e-04,8.2357859419e-04,9.7235696972e-04
2025-10-31,7.5855708899e-04,7.3383591500e-04,7.9138850146e-04,7.0516533645e-04,7.8210797997e-04,7.8028771208e-04
2025-11-01,3.7630826491e-04,3.6881006582e-04,3.8183137673e-04,3.6348097804e-04,3.7796809214e-04,3.8945081181e-04
2025-11-02,2.5014905833e-04,2.5697021848e-04,2.3730977598e-04,2.4376165518e-04,2.6046025365e-04,2.5224338835e-04
2025-11-03,6.8120620056e-04,6.8719340191e-04,6.6191944201e-04,7.1191346712e-04,7.0369040023e-04,6.4131429151e-04
2025-11-04,1.0590157072e-03,1.0635498188e-03,1.1147880104e-03,1.0110832716e-03,1.0482960126e-03,1.0573614226e-03
2025-11-05,1.4274691711e-03,1.6593746747e-03,1.2512148328e-03,1.4991127666e-03,1.3921283803e-03,1.3355152012e-03
2025-11-06,9.1965679523e-04,9.1923971383e-04,1.0120506658e-03,7.3706195009e-04,9.8332883451e-04,9.4660281192e-04
2025-11-07,8.8374348660e-04,7.8765382815e-04,9.7001384280e-04,9.7057965936e-04,8.9120430166e-04,7.9926580103e-04
2025-11-08,5.1489034758e-04,5.1797242074e-04,4.8909127442e-04,5.5120335907e-04,5.2365452815e-04,4.9253015554e-04
2025-11-09,4.6326517122e-04,4.7965442176e-04,4.3853926036e-04,4.7320311172e-04,4.7471659375e-04,4.5021246850e-04
2025-11-10,8.7779193821e-04,9.0161520321e-04,8.6215468258e-04,8.3850963739e-04,9.5087120801e-04,8.3580895985e-04
2025-11-11,8.2491718532e-04,8.2609205757e-04,7.6461594324e-04,9.1710051482e-04,8.0736406903e-04,8.0941334196e-04
2025-11-12,8.7618884732e-04,9.9106164701e-04,7.8918436035e-04,9.1722316984e-04,8.1648234629e-04,8.6699271309e-04
2025-11-13,7.4384375568e-04,7.8979452252e-04,7.7084935677e-04,6.4293326220e-04,7.4021569228e-04,7.7542594462e-04
2025-11-14,7.6655158371e-04,7.0321988596e-04,8.5863311875e-04,7.1811323887e-04,8.0801518478e-04,7.4477649018e-04
2025-11-15,8.0242575823e-04,8.8651119561e-04,8.1772951221e-04,8.1057080698e-04,7.4831437549e-04,7.4900290087e-04
2025-11-16,5.8305381315e-04,5.6489746656e-04,5.7231931455e-04,6.3373742699e-04,5.9120531144e-04,5.5310954623e-04
2025-11-17,1.2257514464e-03,1.3271981275e-03,1.1883475575e-03,1.0619489921e-03,1.3389273969e-03,1.2123351578e-03
2025-11-18,1.0973333753e-03,1.1498957791e-03,1.0799121927e-03,1.1233925924e-03,1.0806976337e-03,1.0527686788e-03
2025-11-19,1.1974816245e-03,1.1388500401e-03,1.1708705451e-03,1.2418534130e-03,1.2659275852e-03,1.1699065394e-03
2025-11-20,1.1022011508e-03,1.1606902304e-03,1.1545984291e-03,9.4569182211e-04,1.0852417264e-03,1.1647835459e-03
2025-11-21,1.3270103821e-03,1.1872942301e-03,1.4425012500e-03,1.2910381311e-03,1.2567091906e-03,1.4575091088e-03
2025-11-22,1.0537431333e-03,1.1299613934e-03,1.0959075298e-03,9.7761972936e-04,9.9810801556e-04,1.0671189984e-03
2025-11-23,7.7608438954e-04,7.9877060681e-04,7.6260141884e-04,7.9071324218e-04,7.8777923855e-04,7.4055744134e-04
2025-11-24,1.1396133737e-03,1.1740689117e-03,1.0807687510e-03,1.0835859105e-03,1.1619634567e-03,1.1976798389e-03
2025-11-25,1.1336431061e-03,1.1639305311e-03,1.0710845952e-03,1.1393349888e-03,1.1588632122e-03,1.1350022033e-03
2025-11-26,1.0998663073e-03,1.1382428993e-03,1.0664211192e-03,1.0550273170e-03,1.1367253419e-03,1.1029148594e-03
2025-11-27,9.4273464246e-04,9.0503716522e-04,9.7432939862e-04,8.5595867545e-04,1.0233423935e-03,9.5500557945e-04
2025-11-28,6.0875516672e-04,6.2217939245e-04,5.7238411877e-04,6.3446395208e-04,6.1456119369e-04,6.0018717659e-04
2025-11-29,2.7194451174e-04,2.7424653301e-04,2.7059209794e-04,2.6315226693e-04,2.8352039681e-04,2.6821126401e-04
2025-11-30,2.6076576281e-04,2.6469235293e-04,2.5269490733e-04,2.5248805942e-04,2.5470956562e-04,2.7924392874e-04
2025-12-01,5.9333828658e-04,5.8987021672e-04,6.1198252180e-04,5.7326377012e-04,5.7973538863e-04,6.1183953561e-04
2025-12-02,1.2748657858e-03,1.2869899581e-03,1.4528799800e-03,1.1947833638e-03,1.1956352610e-03,1.2440403661e-03
2025-12-03,1.1413931465e-03,1.1913242380e-03,1.1166176251e-03,1.1570882861e-03,1.1308762921e-03,1.1110592912e-03
2025-12-04,1.1198111032e-03,1.0855872373e-03,1.1794300373e-03,1.0433490015e-03,1.1525277609e-03,1.1381614788e-03
2025-12-05,8.0668824741e-04,7.7258637220e-04,8.6192446949e-04,8.3116757697e-04,8.1014961729e-04,7.5761320110e-04
2025-12-06,4.1211997237e-04,4.2983635252e-04,3.9624393530e-04,3.9074560495e-04,4.1708700447e-04,4.2668696459e-04
2025-12-07,3.0888753048e-04,3.1454927555e-04,2.9283361079e-04,2.9573965299e-04,3.1558394787e-04,3.2573116519e-04
2025-12-08,9.1160003389e-04,9.4317775130e-04,9.2858006077e-04,7.9522840022e-04,9.4523590608e-04,9.4577805108e-04
2025-12-09,8.1188469018e-04,8.3506857050e-04,7.5833305196e-04,8.5401318655e-04,7.8838716359e-04,8.2362147832e-04
2025-12-10,8.8274667096e-04,8.7731949814e-04,8.6256861802e-04,8.9487053489e-04,9.1280588436e-04,8.6616881937e-04
2025-12-11,8.8940642356e-04,9.4186471322e-04,8.8146001002e-04,8.1600477957e-04,9.1625061779e-04,8.9145199721e-04
2025-12-12,6.7591926977e-04,6.9206999689e-04,6.9430916936e-04,6.4972561632e-04,6.8112104149e-04,6.6237052478e-04
2025-12-13,3.0829019597e-04,3.2206748991e-04,3.0792331365e-04,2.7826801029e-04,3.1635291003e-04,3.1683925597e-04
2025-12-14,1.9876371297e-04,1.9355096107e-04,1.9270479411e-04,1.9296324697e-04,2.0576767882e-04,2.0883188389e-04
2025-12-15,8.3582440099e-04,9.3426553822e-04,8.4019227168e-04,7.9466626926e-04,7.9198360539e-04,8.1801432039e-04
2025-12-16,8.8036204070e-04,9.2144815670e-04,8.8194937180e-04,8.8886261230e-04,8.6427197579e-04,8.4527808690e-04
2025-12-17,6.4645121945e-04,6.2349515571e-04,6.4047849129e-04,6.8151193151e-04,6.4962029833e-04,6.3715022042e-04
2025-12-18,1.0101751448e-03,1.0657531214e-03,1.0688669901e-03,8.8168864707e-04,9.9810715762e-04,1.0364598076e-03
2025-12-19,8.3962240680e-04,8.3821688095e-04,9.1985295277e-04,7.1499463793e-04,9.3353772870e-04,7.9150983365e-04
2025-12-20,5.8467240113e-04,5.7620681229e-04,5.6461622671e-04,6.2624755636e-04,5.8461899908e-04,5.7167241118e-04
2025-12-21,2.2929255862e-04,2.2846700259e-04,2.0932206147e-04,2.1670532991e-04,2.5057242549e-04,2.4139597364e-04
2025-12-22,7.2557867949e-04,7.1225262414e-04,6.7078869829e-04,7.6801099612e-04,7.5725982272e-04,7.1958125621e-04
2025-12-23,7.9329750424e-04,8.0998566301e-04,7.2553631926e-04,8.4586810547e-04,7.8634608437e-04,7.9875134906e-04
2025-12-24,6.8098838292e-04,7.1634375852e-04,6.6518769018e-04,6.8805413050e-04,6.6358181548e-04,6.7177451994e-04
2025-12-25,5.4687467938e-04,5.6916392975e-04,5.4262897965e-04,4.4494714600e-04,6.2320089742e-04,5.5443244411e-04
2025-12-26,4.0511126139e-04,3.9493745674e-04,3.8335764179e-04,4.2061971125e-04,3.8718990586e-04,4.3945159130e-04
2025-12-27,1.9886237279e-04,2.0814453164e-04,1.9611782986e-04,1.8840665699e-04,1.9539028613e-04,2.0625255932e-04
2025-12-28,1.3211046632e-04,1.3109094440e-04,1.3139040786e-04,1.1741065666e-04,1.3448855409e-04,1.4617176859e-04
2025-12-29,3.2294915619e-04,2.8738690423e-04,3.4716157999e-04,3.5901349574e-04,2.9287881543e-04,3.2830498556e-04
2025-12-30,6.1795060597e-04,6.6070509406e-04,6.1925617563e-04,5.4662541532e-04,6.0520638438e-04,6.5795996045e-04
2025-12-31,4.5675476650e-04,4.7105340374e-04,4.7094829108e-04,4.5632922760e-04,4.3120801769e-04,4.5423489241e-04
2026-01-01,5.2948951520e-04,5.0634738916e-04,5.0484402557e-04,5.0707233899e-04,5.7269399542e-04,5.5648982686e-04
2026-01-02,2.8201538391e-04,2.8181706923e-04,2.8241602398e-04,2.8242571192e-04,2.6713669042e-04,2.9628142398e-04
2026-01-03,2.0590053781e-04,2.1658152508e-04,2.0869276973e-04,1.8829947607e-04,1.9875045097e-04,2.1717846719e-04
2026-01-04,1.6710870371e-04,1.8043020947e-04,1.7481198325e-04,1.5028216053e-04,1.5925370815e-04,1.7076545718e-04
2026-01-05,5.0063121097e-04,4.9624595104e-04,5.5178578792e-04,5.0172269966e-04,4.9471902204e-04,4.5868259421e-04
2026-01-06,6.4488042427e-04,6.6032794313e-04,6.5178146982e-04,6.3589003698e-04,6.1380150797e-04,6.6260116344e-04
2026-01-07,5.1738977193e-04,5.3096720566e-04,5.0544647725e-04,5.3593387131e-04,5.1399692335e-04,5.0060438211e-04
2026-01-08,7.0812942906e-04,6.8350848865e-04,7.1973062968e-04,7.5564516703e-04,6.5033394056e-04,7.3142891940e-04
2026-01-09,4.4185227921e-04,4.2482549706e-04,4.5532224961e-04,4.1179845780e-04,4.3605721096e-04,4.8125798061e-04
2026-01-10,2.1027688422e-04,2.1717957082e-04,2.3055847074e-04,1.8835803456e-04,2.1046507895e-04,2.0482326606e-04
2026-01-11,1.3259207398e-04,1.2828089468e-04,1.3410625136e-04,1.2729592538e-04,1.3735149733e-04,1.3592580114e-04
2026-01-12,4.9130396389e-04,4.9770832699e-04,4.8192085615e-04,5.5720028819e-04,4.8907696920e-04,4.3061337893e-04
2026-01-13,6.4462436553e-04,6.7235391022e-04,5.9132219514e-04,6.8462265329e-04,6.3682897203e-04,6.3799409698e-04
2026-01-14,6.6534337186e-04,6.9161357914e-04,6.5043912199e-04,6.7615322487e-04,6.6974072712e-04,6.3877020616e-04
2026-01-15,6.5227792463e-04,6.3381724461e-04,7.5289757768e-04,5.5017257666e-04,7.0634028966e-04,6.1816193455e-04
2026-01-16,5.3483620309e-04,5.0480703322e-04,5.7810549195e-04,4.9247231047e-04,5.5788706329e-04,5.4090911651e-04
2026-01-17,1.7692409637e-04,1.6980877550e-04,1.8539564322e-04,1.7626601591e-04,1.8068002874e-04,1.7247001851e-04
2026-01-18,1.5344714594e-04,1.5313229006e-04,1.5385399908e-04,1.4953985248e-04,1.5499175185e-04,1.5571783622e-04
2026-01-19,5.7578955677e-04,6.4921733905e-04,6.0567018879e-04,5.2986509291e-04,5.6284889433e-04,5.3134626876e-04
2026-01-20,6.0898881444e-04,6.2323855448e-04,6.0160720774e-04,6.1642941342e-04,6.0892419979e-04,5.9474469676e-04
2026-01-21,9.6055326673e-04,1.1426603877e-03,7.7345291879e-04,1.0505478384e-03,8.9199015158e-04,9.4411503722e-04
2026-01-22,8.0646406990e-04,7.9070405315e-04,9.2528873232e-04,6.6314157537e-04,8.6455635780e-04,7.8862963089e-04
2026-01-23,5.1656836544e-04,5.1182664958e-04,5.2205710335e-04,5.2937067256e-04,4.9857411860e-04,5.2101328310e-04
2026-01-24,2.3902646495e-04,2.4028080034e-04,2.4295880358e-04,2.3850368034e-04,2.5041715499e-04,2.2297188550e-04
2026-01-25,1.5923138648e-04,1.5355380597e-04,1.5614261325e-04,1.5008476133e-04,1.6862677071e-04,1.6774898113e-04
2026-01-26,9.0964230084e-04,1.1306500336e-03,9.5144671433e-04,8.0077708665e-04,8.5529124745e-04,8.1004642213e-04
2026-01-27,7.2636484017e-04,7.6193675039e-04,7.0205042083e-04,7.5176733966e-04,6.9402487952e-04,7.2204481045e-04
2026-01-28,4.8865218027e-04,4.9424316511e-04,4.9664317863e-04,5.0320229484e-04,4.7044013525e-04,4.7873212751e-04
2026-01-29,6.0632245176e-04,6.2483167765e-04,6.3728035791e-04,5.2847352979e-04,6.6482578862e-04,5.7620090484e-04
2026-01-30,8.5578101131e-04,6.8830337403e-04,9.1103486043e-04,1.0194495455e-03,8.0504391218e-04,8.5507336444e-04
2026-01-31,3.7199348878e-04,3.9668286110e-04,4.0976501858e-04,2.8474279111e-04,4.0878678834e-04,3.5998998480e-04
2026-02-01,1.6230169223e-03,1.6825727595e-03,1.9536038016e-03,1.5041803721e-03,1.6452818952e-03,1.3294457831e-03
2026-02-02,1.9079603854e-03,2.1407987846e-03,1.7853226901e-03,1.8354548752e-03,2.0768487745e-03,1.7013768024e-03
2026-02-03,1.3240520298e-03,1.3553762349e-03,1.2849130577e-03,1.2910423186e-03,1.3145537354e-03,1.3743748025e-03
2026-02-04,1.9633345340e-03,2.0114116316e-03,1.8734561132e-03,1.9825123225e-03,2.0808850917e-03,1.8684075112e-03
2026-02-05,1.8348933630e-03,1.9275398336e-03,1.9635043995e-03,1.5621757643e-03,1.7535085901e-03,1.9677382273e-03
2026-02-06,4.7278205667e-03,4.5523203461e-03,5.0211333048e-03,3.8819212851e-03,5.0246662494e-03,5.1590616480e-03
2026-02-07,4.5046933862e-03,4.7674952145e-03,4.3790700405e-03,4.3246913621e-03,4.3508349024e-03,4.7013754117e-03
2026-02-08,2.3632140549e-03,2.1855109319e-03,2.1773618461e-03,2.5833447057e-03,2.4228755138e-03,2.4469772768e-03
2026-02-09,2.0816113001e-03,2.3605589718e-03,1.9016536231e-03,1.9933484773e-03,2.0336315111e-03,2.1188639171e-03
2026-02-10,1.4026347448e-03,1.3707502793e-03,1.3552396848e-03,1.4272040423e-03,1.4186092642e-03,1.4413704534e-03
2026-02-11,1.6927788950e-03,1.7046191536e-03,1.6602181539e-03,1.5173296118e-03,1.7864893353e-03,1.7952382206e-03
2026-02-12,1.7055120542e-03,1.7196115709e-03,1.7630633712e-03,1.7857881493e-03,1.5239628934e-03,1.7351342861e-03
2026-02-13,1.0773965088e-03,1.1215618680e-03,1.1141881808e-03,1.0201397821e-03,1.0738702337e-03,1.0572224794e-03
2026-02-14,7.1631385052e-04,6.6098576254e-04,7.0948820594e-04,7.6468377405e-04,7.1748311770e-04,7.2892839238e-04
2026-02-15,5.8290219458e-04,5.6142423553e-04,5.9235523145e-04,5.5497377939e-04,5.8671575422e-04,6.1904197231e-04
2026-02-16,1.2072528864e-03,1.1962694137e-03,1.2220330756e-03,1.1066764477e-03,1.2125446980e-03,1.2987407970e-03
2026-02-17,8.7881894669e-04,8.8164861509e-04,8.6519872443e-04,8.2402989232e-04,9.0594281803e-04,9.1727468361e-04
2026-02-18,1.0931263679e-03,1.1670132434e-03,1.0879494216e-03,1.0086672332e-03,1.1302306130e-03,1.0717713282e-03
2026-02-19,1.0541268174e-03,1.1304287059e-03,9.2926159773e-04,1.0895386856e-03,1.0149705555e-03,1.1064345425e-03
2026-02-20,7.3758910715e-04,7.6877286795e-04,7.1659197664e-04,7.1712589065e-04,7.6402619696e-04,7.2142860355e-04
2026-02-21,4.9689943488e-04,4.5636709230e-04,5.0009401052e-04,5.3685203754e-04,4.7654438915e-04,5.1463964490e-04
2026-02-22,3.1924129685e-04,2.9842941004e-04,3.0864104194e-04,3.0557061529e-04,3.1773559229e-04,3.6582982471e-04
2026-02-23,5.5627148602e-04,4.9542060244e-04,5.3930743641e-04,5.7529877482e-04,5.4022393933e-04,6.3110667711e-04
2026-02-24,1.2275723964e-03,1.1827416611e-03,1.3578053736e-03,1.0965865950e-03,1.1991573153e-03,1.3015710370e-03
2026-02-25,1.0311829969e-03,1.0668693633e-03,1.0610976403e-03,9.6092871205e-04,1.1181111620e-03,9.4890810675e-04
2026-02-26,1.3859673067e-03,1.4589017771e-03,1.4974759117e-03,1.2383676903e-03,1.3986155852e-03,1.3364755691e-03
2026-02-27,8.6755796040e-04,8.6163264514e-04,9.0199478823e-04,8.4816401253e-04,8.8090159237e-04,8.4509676372e-04
2026-02-28,4.5108519211e-04,4.5243988188e-04,4.4883902903e-04,4.2206487886e-04,4.6942564966e-04,4.6265652113e-04
2026-03-01,1.1850695151e-03,1.0761445181e-03,1.2483369213e-03,1.3537663850e-03,1.0951756779e-03,1.1519240730e-03
2026-03-02,1.7133959944e-03,1.8436625053e-03,1.6769203343e-03,1.6358474493e-03,1.7565620094e-03,1.6539876734e-03
2026-03-03,1.4126510029e-03,1.4291364898e-03,1.4450749044e-03,1.3947934926e-03,1.4271873358e-03,1.3670627921e-03
2026-03-04,1.3344028743e-03,1.2892593706e-03,1.3244255113e-03,1.3079615477e-03,1.4150456685e-03,1.3353222731e-03
2026-03-05,1.8689847128e-03,1.8637432956e-03,2.0203065020e-03,1.8356233656e-03,1.7486422057e-03,1.8766081951e-03
2026-03-06,1.1202670653e-03,1.1250996442e-03,1.1489402106e-03,1.1987865072e-03,1.1179213206e-03,1.0105876440e-03
2026-03-07,6.1529733609e-04,6.3403574243e-04,5.7882907084e-04,6.4359595962e-04,6.1081393926e-04,6.0921196831e-04
2026-03-08,4.8426172816e-04,4.7102291915e-04,4.6023312541e-04,4.7699494132e-04,5.0976961083e-04,5.0328804409e-04
2026-03-09,1.4063960764e-03,1.5049037765e-03,1.3506713294e-03,1.3143712072e-03,1.4741333929e-03,1.3879006763e-03
2026-03-10,1.1471419043e-03,1.2020259950e-03,1.1259763901e-03,1.1137691658e-03,1.1410193474e-03,1.1529186233e-03
2026-03-11,1.1941391043e-03,1.1802916505e-03,1.2005168985e-03,1.2086596774e-03,1.2174303493e-03,1.1637969460e-03
2026-03-12,9.4388587248e-04,9.5435423428e-04,9.2278951146e-04,9.1245901171e-04,1.0074905441e-03,9.2233606079e-04
2026-03-13,7.6170441832e-04,7.7544505378e-04,7.7146225504e-04,7.8602155039e-04,7.5815824307e-04,7.1743498932e-04
2026-03-14,4.3444289612e-04,4.3404900172e-04,4.4852206968e-04,4.2541891013e-04,4.4331358315e-04,4.2091091594e-04
2026-03-15,3.2596117668e-04,3.2783280839e-04,3.1042599610e-04,3.0199122957e-04,3.4049973150e-04,3.4905611784e-04
2026-03-16,7.4715940819e-04,7.6680784619e-04,7.5362137514e-04,6.9187492444e-04,7.6644906916e-04,7.5704382602e-04
2026-03-17,9.9265083972e-04,1.0476374119e-03,9.7527509911e-04,9.6871741692e-04,9.5831574443e-04,1.0133085263e-03
2026-03-18,8.9682589736e-04,9.4741371428e-04,8.7536774946e-04,8.8994112757e-04,9.3143688158e-04,8.3997001393e-04
2026-03-19,9.5455283259e-04,1.0610615110e-03,9.2152120110e-04,8.7663348054e-04,8.2295467495e-04,1.0905932954e-03
2026-03-20,7.7550183325e-04,7.2194553434e-04,8.3395270899e-04,7.7250781493e-04,7.8396676909e-04,7.6513633890e-04
2026-03-21,3.4516954072e-04,3.4025369176e-04,3.4782560149e-04,3.4366279965e-04,3.5465260831e-04,3.3945300238e-04
2026-03-22,4.3385851957e-04,4.1692954223e-04,4.2688601736e-04,4.5555239551e-04,4.1228027901e-04,4.5764436375e-04
2026-03-23,9.3111208492e-04,1.0057454334e-03,9.1984927054e-04,7.8182635934e-04,9.7854916681e-04,9.6959019452e-04
2026-03-24,1.4334483242e-03,1.4268022646e-03,1.4311525987e-03,1.4976871784e-03,1.3761527553e-03,1.4354468239e-03
2026-03-25,9.0788504791e-04,9.2190226005e-04,8.8509136945e-04,9.0642554542e-04,9.3548926129e-04,8.9051680337e-04
2026-03-26,8.2390053790e-04,8.1966923580e-04,8.1916865316e-04,7.5911591628e-04,9.0206871310e-04,8.1948017117e-04
2026-03-27,9.2662017024e-04,8.0658783284e-04,1.0014418881e-03,1.0942287523e-03,8.5974567745e-04,8.7109670052e-04
2026-03-28,4.2882066756e-04,4.6188966513e-04,4.1173024468e-04,4.1093931383e-04,4.2440323533e-04,4.3514087883e-04
2026-03-29,2.8774995985e-04,3.0217482034e-04,2.7718531757e-04,2.7307187884e-04,2.8533775733e-04,3.0098002518e-04
2026-03-30,7.7264571827e-04,8.1681939993e-04,7.7070435561e-04,6.4930236638e-04,8.1107385666e-04,8.1532861278e-04
2026-03-31,8.4023116912e-04,8.8244987720e-04,8.0546073838e-04,8.7688141214e-04,7.9584564297e-04,8.4051817493e-04
2026-04-01,1.0167357155e-03,1.0001970640e-03,9.8684354534e-04,1.0346368557e-03,1.0765057456e-03,9.8549536677e-04
2026-04-02,7.0928570622e-04,7.4830128651e-04,7.1331401554e-04,6.2034926196e-04,7.5380749333e-04,7.1065647376e-04
2026-04-03,7.2888071245e-04,6.6697049229e-04,7.9126357946e-04,7.4877960530e-04,7.3576231652e-04,7.0162756869e-04
2026-04-04,1.9802722706e-04,1.9518996075e-04,1.9032809871e-04,1.9348135234e-04,2.1630931865e-04,1.9482740484e-04
2026-04-05,1.8545973022e-04,1.8517849983e-04,1.7348192748e-04,1.7543148494e-04,1.9278343183e-04,2.0042330703e-04
2026-04-06,6.7663310194e-04,6.7672133425e-04,7.1894695931e-04,6.4004876265e-04,6.9818466023e-04,6.4926379324e-04
2026-04-07,6.1191712713e-04,6.7196607362e-04,5.0036981603e-04,5.6120981762e-04,6.4382197843e-04,6.8221794993e-04
2026-04-08,9.0295723967e-04,8.7897924404e-04,9.8459209871e-04,9.1689268145e-04,9.0566061411e-04,8.2866156005e-04
2026-04-09,6.7467640853e-04,7.4466331894e-04,6.2860923051e-04,5.8402531184e-04,6.9652343830e-04,7.1956074306e-04
2026-04-10,6.0427273931e-04,6.2645456147e-04,5.7084103188e-04,5.7638479745e-04,6.2658464576e-04,6.2109866000e-04
2026-04-11,2.5338770890e-04,2.5059567838e-04,2.4089277704e-04,2.5705943126e-04,2.6556741060e-04,2.5282324724e-04
2026-04-12,2.7078455054e-04,2.9234447853e-04,2.4985139891e-04,2.5194187336e-04,2.7622940707e-04,2.8355559481e-04
2026-04-13,1.0380102872e-03,1.2554826969e-03,1.0095691659e-03,9.2211154434e-04,9.7882353418e-04,1.0240644946e-03
2026-04-14,1.0264792932e-03,1.0285899239e-03,1.2510980281e-03,1.0504169343e-03,9.1314587619e-04,8.8914570375e-04
2026-04-15,6.2072259165e-04,6.4117906444e-04,5.5628969876e-04,6.4111773823e-04,6.4885042804e-04,6.1617602879e-04
2026-04-16,6.1426052383e-04,6.5193609539e-04,5.9132947028e-04,4.8935679514e-04,6.9854994322e-04,6.4013031511e-04
2026-04-17,5.8811256671e-04,5.9565631253e-04,5.7167816640e-04,5.6034066044e-04,6.1207253251e-04,6.0081516169e-04
2026-04-18,3.4371513814e-04,3.3318491558e-04,3.4744089170e-04,3.5119741435e-04,3.5533824050e-04,3.3141422858e-04
2026-04-19,3.6042840670e-04,3.6245196976e-04,3.5862780826e-04,3.9116421220e-04,3.4671764179e-04,3.4318040149e-04
2026-04-20,9.0551432783e-04,1.0674017813e-03,9.0171256634e-04,8.0271633428e-04,8.9048011876e-04,8.6526083850e-04
2026-04-21,8.3276860622e-04,8.3316869456e-04,9.1626100808e-04,8.6844988397e-04,7.6330007901e-04,7.8266336549e-04
2026-04-22,6.7241017634e-04,6.7394215636e-04,6.1256966591e-04,7.2063342844e-04,7.0147659441e-04,6.5342903659e-04
2026-04-23,6.0414177030e-04,6.1587622236e-04,6.3269924114e-04,4.5178376681e-04,6.8860815579e-04,6.3174146539e-04
2026-04-24,5.0519257982e-04,5.0167231031e-04,4.7516302208e-04,4.9476325038e-04,5.1449004651e-04,5.3987426981e-04
2026-04-25,1.7807867370e-04,1.9746638853e-04,1.4981220685e-04,1.6490683322e-04,1.8630383891e-04,1.9190410100e-04
2026-04-26,1.5315574251e-04,1.6001613118e-04,1.3884223973e-04,1.4446703868e-04,1.5621140250e-04,1.6624190047e-04
2026-04-27,6.2707205800e-04,6.2003087469e-04,6.8358654697e-04,6.1606338250e-04,6.4362361836e-04,5.7205586748e-04
2026-04-28,6.7416134452e-04,7.0040280562e-04,6.5744853185e-04,6.5873605616e-04,6.6876612609e-04,6.8545320287e-04
2026-04-29,3.7953964034e-04,3.8899240783e-04,3.8070551162e-04,3.6714781717e-04,3.4257292245e-04,4.1827954263e-04
2026-04-30,6.2102393210e-04,6.4062951660e-04,6.0150922003e-04,6.2165813146e-04,6.3657873200e-04,6.0474406039e-04
2026-05-01,3.8596836295e-04,4.0062132372e-04,3.6338422541e-04,3.7657037709e-04,3.7375382214e-04,4.1551206642e-04
2026-05-02,1.8787986706e-04,1.8321644421e-04,1.7867980112e-04,1.8987028530e-04,1.8332797151e-04,2.0430483314e-04
2026-05-03,1.5821654788e-04,1.6398955405e-04,1.5256453671e-04,1.4906569516e-04,1.5811732848e-04,1.6734562497e-04
2026-05-04,5.1148422831e-04,5.0829988868e-04,5.4963337732e-04,5.2678436422e-04,5.1275693882e-04,4.5994657249e-04
2026-05-05,6.9583331269e-04,7.4424298588e-04,6.5371194304e-04,7.3810023747e-04,6.5202135919e-04,6.9109003788e-04
2026-05-06,4.2741518461e-04,4.3108207604e-04,4.3116467222e-04,4.3561280666e-04,4.0198055651e-04,4.3723581160e-04
2026-05-07,5.6341918389e-04,5.3825134062e-04,5.9010476827e-04,5.2165815822e-04,6.2752260829e-04,5.3955904403e-04
2026-05-08,4.4217700549e-04,4.2210972877e-04,4.3923671774e-04,4.3965978706e-04,4.2982607545e-04,4.8005271842e-04
2026-05-09,1.5274046251e-04,1.4429625649e-04,1.4121345888e-04,1.5878068971e-04,1.5658979095e-04,1.6282211651e-04
2026-05-10,1.4577974500e-04,1.5155667272e-04,1.4303212847e-04,1.3891241170e-04,1.4459396465e-04,1.5080354745e-04
2026-05-11,6.0759636264e-04,6.3573668959e-04,6.5447685882e-04,6.0509468111e-04,6.2201530090e-04,5.2065828277e-04
2026-05-12,5.6332398530e-04,5.7183157079e-04,5.4679485399e-04,5.8548164542e-04,5.4995232270e-04,5.6255953363e-04
2026-05-13,3.8273908338e-04,4.0963759354e-04,3.6436807709e-04,3.7297619523e-04,3.5414754174e-04,4.1256600930e-04
2026-05-14,5.7708904302e-04,5.6654272379e-04,5.7693623401e-04,6.0421404868e-04,5.7913060105e-04,5.5862160758e-04
2026-05-15,4.3409730651e-04,4.5090641022e-04,4.1700358938e-04,3.9980056033e-04,4.2952900038e-04,4.7324697223e-04
2026-05-16,1.7062976515e-04,1.7301045132e-04,1.7309206124e-04,1.5563940073e-04,1.6103883081e-04,1.9036808166e-04
2026-05-17,2.0867324015e-04,2.2733979087e-04,2.0044189173e-04,2.1531806839e-04,2.0187317332e-04,1.9839327641e-04
2026-05-18,5.1170122615e-04,5.4589396571e-04,5.4679635215e-04,5.0785027055e-04,4.9982783391e-04,4.5813770843e-04
2026-05-19,6.0546537421e-04,6.2580039454e-04,5.7807168862e-04,6.5169351655e-04,5.9104820110e-04,5.8071307023e-04
2026-05-20,3.4879996493e-04,3.5819837042e-04,3.2486081108e-04,3.5712628427e-04,3.4039057558e-04,3.6342378332e-04
2026-05-21,5.1250691674e-04,4.6759603920e-04,5.6652626619e-04,4.8380000756e-04,5.7501122542e-04,4.6960104531e-04
2026-05-22,3.5319478745e-04,3.4605415000e-04,3.1786697045e-04,3.5115322780e-04,3.6224740628e-04,3.8865218270e-04
2026-05-23,1.5025959648e-04,1.5693021440e-04,1.2620299125e-04,1.4076580218e-04,1.4770290182e-04,1.7969607274e-04
2026-05-24,3.0689715514e-04,3.1897660607e-04,3.4675262069e-04,3.2074345921e-04,2.9955068731e-04,2.4846240244e-04
2026-05-25,5.7090577039e-04,5.8155212339e-04,6.0686644384e-04,5.7459883787e-04,5.9501963858e-04,4.9649180827e-04
2026-05-26,4.9577397235e-04,4.6391964350e-04,5.5628833763e-04,5.0896554277e-04,4.8010858143e-04,4.6958775639e-04
2026-05-27,4.7563234342e-04,5.1702568043e-04,4.0554787895e-04,4.8654026032e-04,4.6609722406e-04,5.0295067332e-04
2026-05-28,6.4727505464e-04,6.3233377689e-04,6.7253057112e-04,6.7716326952e-04,6.2655684930e-04,6.2779080636e-04
2026-05-29,4.1315853612e-04,3.9560301445e-04,3.7893518125e-04,4.1099184664e-04,4.2732000547e-04,4.5294263277e-04
2026-05-30,1.5274075206e-04,1.5386859844e-04,1.2156519298e-04,1.6101126298e-04,1.6177865857e-04,1.6548004733e-04
2026-05-31,1.7162120769e-04,1.8063368255e-04,1.8477239601e-04,1.5968760899e-04,1.7191156275e-04,1.6110078814e-04
2026-06-01,4.8579859759e-04,5.0504439259e-04,4.9111087276e-04,5.0554590809e-04,4.9567125559e-04,4.3162055894e-04
2026-06-02,7.9610661633e-04,8.6501045985e-04,8.7467247684e-04,7.9526224339e-04,7.3653135359e-04,7.0905654798e-04
2026-06-03,1.1978726152e-03,1.3176531219e-03,1.0394322789e-03,1.4022509054e-03,1.0510864296e-03,1.1789403402e-03
2026-06-04,9.9240720061e-04,1.1115786611e-03,8.5972687868e-04,1.0270069715e-03,9.3035726416e-04,1.0333662276e-03
2026-06-05,1.0065327442e-03,1.0124434179e-03,8.9639951828e-04,8.3678390321e-04,1.2834479793e-03,1.0035889022e-03
2026-06-06,1.1992824163e-03,1.2834141686e-03,1.4141628121e-03,1.2022458007e-03,1.1247336736e-03,9.7185562660e-04
2026-06-07,1.1585755040e-03,1.2056185669e-03,1.1856841796e-03,1.2047621658e-03,1.1583056682e-03,1.0385069396e-03
2026-06-08,2.0891599332e-03,2.2825544076e-03,2.0242144608e-03,2.1376218137e-03,2.0259214374e-03,1.9754875466e-03
2026-06-09,1.1047616764e-03,1.1076870617e-03,1.1278913446e-03,1.1296924357e-03,1.0746468504e-03,1.0838906894e-03
2026-06-10,1.2466480048e-03,1.3223267812e-03,1.2369330482e-03,1.1741175625e-03,1.2808688433e-03,1.2189937889e-03
2026-06-11,1.0531338819e-03,1.0223083288e-03,9.9557162866e-04,1.0512322864e-03,1.0991598900e-03,1.0973972756e-03
2026-06-12,7.9716994006e-04,8.9446005724e-04,7.6779998593e-04,7.8935468589e-04,7.6613000259e-04,7.6810496866e-04
2026-06-13,2.5995619176e-04,2.5893989064e-04,2.5833010862e-04,2.6076450935e-04,2.6999146863e-04,2.5175498154e-04
2026-06-14,2.7279873719e-04,2.8447870093e-04,2.5608376373e-04,2.5158113890e-04,2.8517385313e-04,2.8667622924e-04
2026-06-15,7.1138893850e-04,7.1578570934e-04,7.2474146125e-04,6.8240759244e-04,7.3117049227e-04,7.0283943722e-04
2026-06-16,6.6989229321e-04,6.8397759511e-04,6.3811617647e-04,6.6580335877e-04,6.5331453967e-04,7.0824979604e-04
2026-06-17,5.3734541157e-04,5.3584035627e-04,5.5393853833e-04,5.3085066901e-04,5.2836341365e-04,5.3773408060e-04
2026-06-18,8.1452050823e-04,8.9338956504e-04,7.8221474950e-04,7.7128038116e-04,7.8371514539e-04,8.4200270003e-04
2026-06-19,6.8052925214e-04,6.0567199939e-04,6.9685167863e-04,6.9540862780e-04,6.7434667484e-04,7.3036728006e-04
2026-06-20,2.3885265836e-04,2.3879241311e-04,2.2817653385e-04,2.3540431982e-04,2.4552111826e-04,2.4636890674e-04
2026-06-21,3.3284390571e-04,3.3491007317e-04,3.2402803515e-04,3.3101078201e-04,3.2844828591e-04,3.4582235230e-04
2026-06-22,7.0247510242e-04,7.2580299805e-04,7.0083499984e-04,6.8595740423e-04,6.6639807304e-04,7.3338203695e-04
2026-06-23,6.8910749725e-04,7.1227199221e-04,6.6280992466e-04,6.7514778659e-04,6.6857517179e-04,7.2673261099e-04
2026-06-24,6.3381218726e-04,6.4815826680e-04,6.7380757305e-04,6.0486083571e-04,5.9886994090e-04,6.4336431981e-04
2026-06-25,8.2951247240e-04,9.1233472728e-04,8.1208941442e-04,7.8124970002e-04,7.5306179739e-04,8.8882672290e-04
2026-06-26,9.4765573656e-04,9.1673033137e-04,9.9998955182e-04,8.3407033842e-04,1.0407169697e-03,9.4677149147e-04
2026-06-27,4.8635551077e-04,4.8649872925e-04,4.9175389486e-04,5.0306244026e-04,4.8778578264e-04,4.6267670684e-04
2026-06-28,3.7826443676e-04,3.8130110230e-04,3.6461370853e-04,3.7352110626e-04,3.9606411801e-04,3.7582214869e-04
2026-06-29,9.1870390119e-04,9.5413794216e-04,8.5065097246e-04,8.8997554354e-04,9.7125972080e-04,9.2749532699e-04
2026-06-30,9.2518039022e-04,9.8164829512e-04,8.7162831587e-04,9.6969953488e-04,9.0992815957e-04,8.9299764566e-04
2026-07-01,8.6035594533e-04,9.6029688204e-04,8.5975464716e-04,8.2786514414e-04,8.1351990032e-04,8.4034315298e-04
2026-07-02,7.7592058727e-04,7.6480551461e-04,8.2496891935e-04,6.8370855364e-04,8.1482287778e-04,7.9129707098e-04
2026-07-03,6.2927660496e-04,6.7816232591e-04,6.0746194363e-04,6.1268418131e-04,6.3223761407e-04,6.1583695988e-04
2026-07-04,2.2650525626e-04,2.2349578281e-04,2.1598523059e-04,2.2787838989e-04,2.3677478634e-04,2.2839209168e-04
2026-07-05,2.8138253949e-04,2.9206215949e-04,2.7530159122e-04,2.7818183904e-04,2.7841699505e-04,2.8295011265e-04
2026-07-06,6.0770946351e-04,5.9038352611e-04,6.3706929924e-04,6.2602322120e-04,6.2069020682e-04,5.6438106417e-04
2026-07-07,7.3879633822e-04,7.8168671647e-04,6.7805841310e-04,8.0125089049e-04,6.9718406606e-04,7.3580160500e-04
2026-07-08,6.0420921283e-04,6.2994110061e-04,5.9636849377e-04,6.0874126878e-04,5.9651355773e-04,5.8948164326e-04
2026-07-09,7.1703237828e-04,7.4165581865e-04,7.2326375804e-04,6.8350347729e-04,6.9300783981e-04,7.4373099763e-04
2026-07-10,5.4336904383e-04,5.6323873527e-04,5.1594704104e-04,5.3877734015e-04,5.3991639241e-04,5.5896571031e-04
2026-07-11,2.0038899875e-04,2.0049050309e-04,1.8923694909e-04,1.9947718428e-04,2.0479426186e-04,2.0794609542e-04
2026-07-12,2.1399258761e-04,2.2983994392e-04,2.0475950142e-04,2.0207629973e-04,2.0687719809e-04,2.2640999489e-04
2026-07-13,4.7378309043e-04,4.5454325250e-04,4.9715730994e-04,5.0796530364e-04,4.6573521058e-04,4.4351437551e-04
2026-07-14,6.9217996384e-04,6.8319519230e-04,7.2434671168e-04,6.8417775766e-04,6.6013049309e-04,7.0904966448e-04
2026-07-15,5.9233246376e-04,6.0359708884e-04,6.2574063689e-04,5.7240732267e-04,5.8252073027e-04,5.7739654012e-04
2026-07-16,5.5300988653e-04,5.5126109084e-04,5.3096114670e-04,5.3811082881e-04,5.9176932108e-04,5.5294704522e-04
2026-07-17,4.3484708237e-04,4.0599816615e-04,4.1767617019e-04,4.2294514376e-04,4.2392503444e-04,5.0369089732e-04
2026-07-18,1.7275312022e-04,1.8150893673e-04,1.6354704963e-04,1.6892995596e-04,1.6943076620e-04,1.8034889256e-04
2026-07-19,1.5608517518e-04,1.6809914943e-04,1.5859319344e-04,1.3779509190e-04,1.5452980488e-04,1.6140863624e-04
2026-07-20,3.9960499203e-04,3.9189104616e-04,4.2868565082e-04,4.1038639098e-04,3.9104815581e-04,3.7601371639e-04
2026-07-21,6.1069009120e-04,6.4346327982e-04,5.6547857237e-04,6.4631339312e-04,5.7532813348e-04,6.2286707723e-04
2026-07-22,3.8328980018e-04,3.9880033403e-04,4.0048590195e-04,3.6953252032e-04,3.4817540107e-04,3.9945484352e-04
2026-07-23,5.1834345940e-04,4.7299173811e-04,5.1189337455e-04,5.3349768427e-04,5.6416849656e-04,5.0916600352e-04
2026-07-24,3.7512741446e-04,3.6421530472e-04,3.6425532223e-04,3.6452817066e-04,3.6356878729e-04,4.1906948738e-04
2026-07-25,1.5430885295e-04,1.6965374091e-04,1.4934454785e-04,1.4023732069e-04,1.4230701758e-04,1.7000163770e-04
2026-07-26,1.1563660266e-04,1.1852978946e-04,1.1559219929e-04,1.0893703891e-04,1.1235963842e-04,1.2276434721e-04
2026-07-27,3.5861651658e-04,3.6453476306e-04,3.9016081517e-04,3.6199015161e-04,3.5001308831e-04,3.2638376477e-04
2026-07-28,5.7922789251e-04,5.8264593346e-04,6.3705405644e-04,5.9088517045e-04,5.2331259218e-04,5.6224171000e-04
2026-07-29,3.5259090314e-04,3.7494627344e-04,3.3673218443e-04,3.5996733471e-04,3.3637052469e-04,3.5493819841e-04
2026-07-30,5.5650663109e-04,5.1854192473e-04,5.8973682588e-04,5.6866664507e-04,6.0552034807e-04,5.0006741169e-04
2026-07-31,3.6374326461e-04,3.7444342518e-04,3.5884443486e-04,3.4731385160e-04,3.5102483812e-04,3.8708977329e-04
2026-08-01,1.7763460700e-04,2.1159247857e-04,1.6390352824e-04,1.6244605044e-04,1.6372302490e-04,1.8650795285e-04
2026-08-02,1.4212275360e-04,1.4894875759e-04,1.4225068117e-04,1.3934370099e-04,1.4012538800e-04,1.3994524025e-04
2026-08-03,5.1089006508e-04,5.2479673660e-04,5.3510442680e-04,4.9906394358e-04,5.5357030356e-04,4.4191491485e-04
2026-08-04,4.7140431970e-04,4.7034096936e-04,4.5929500977e-04,4.9949425508e-04,4.5759870158e-04,4.7029266269e-04
2026-08-05,3.1951008117e-04,3.4193145189e-04,3.1388718045e-04,3.1109674654e-04,3.0173897016e-04,3.2889605679e-04
2026-08-06,4.7758905462e-04,4.2724294984e-04,5.1664559590e-04,4.7374784064e-04,5.3593307960e-04,4.3437580711e-04
2026-08-07,2.9137562915e-04,2.8599037009e-04,2.9453598769e-04,2.8809952416e-04,2.8253396896e-04,3.0571829486e-04
2026-08-08,1.0856937205e-04,1.0976295377e-04,1.0532738468e-04,1.0230179499e-04,1.0292041356e-04,1.2253431325e-04
2026-08-09,8.2356243141e-05,8.1625719475e-05,7.9369315844e-05,7.8030133320e-05,8.4986245000e-05,8.7769802065e-05
2026-08-10,2.4341193347e-04,2.4828393935e-04,2.5884992466e-04,2.4981434926e-04,2.1780175373e-04,2.4230970037e-04
2026-08-11,4.0201073417e-04,4.1282423604e-04,4.2328421586e-04,4.0833954981e-04,3.5837503239e-04,4.0723063676e-04
2026-08-12,2.2316478909e-04,2.4640516304e-04,2.0676528135e-04,2.2346605410e-04,1.9377349605e-04,2.4541395093e-04
2026-08-13,3.8656274619e-04,3.3712766742e-04,3.8900668629e-04,4.1617288687e-04,4.4467728654e-04,3.4582920381e-04
2026-08-14,2.6890446520e-04,2.6156212363e-04,2.6392758659e-04,2.5724238106e-04,2.6890078321e-04,2.9288945154e-04
2026-08-15,9.0479399733e-05,9.3469406544e-05,8.7123271037e-05,8.0090639976e-05,8.2454696324e-05,1.0925898478e-04
2026-08-16,8.0638694901e-05,8.2039104249e-05,8.0038272382e-05,7.7231283430e-05,7.9228632399e-05,8.4656182045e-05
2026-08-17,2.1354773941e-04,2.2598836411e-04,1.9606212366e-04,2.1777900672e-04,1.8913050687e-04,2.3877869568e-04
2026-08-18,4.2115706873e-04,4.6573990159e-04,4.4378414485e-04,4.0945279875e-04,3.8234225142e-04,4.0446624704e-04
2026-08-19,1.8616896253e-04,1.7724223004e-04,1.5948464945e-04,2.0968305486e-04,1.8620968608e-04,1.9822519218e-04
2026-08-20,7.4200580689e-04,7.2144908477e-04,8.5630973985e-04,7.3545879420e-04,6.5199204433e-04,7.4481937130e-04
2026-08-21,6.8997906209e-04,5.6877067121e-04,8.2325260754e-04,6.5963977895e-04,6.6121356365e-04,7.3701868912e-04
2026-08-22,1.2789654023e-03,1.5943453641e-03,1.3117496614e-03,1.1049035526e-03,1.2242642171e-03,1.1595642161e-03
2026-08-23,7.4369878501e-04,7.0118707749e-04,7.8984292920e-04,7.5416149983e-04,8.4633454437e-04,6.2696787414e-04
2026-08-24,1.1223204834e-03,1.4597078450e-03,1.0175596544e-03,9.2939200182e-04,1.2865464264e-03,9.1839648920e-04
2026-08-25,9.6926644980e-04,1.0342425505e-03,8.8904494004e-04,1.0125930006e-03,9.9989849682e-04,9.1055326096e-04
2026-08-26,9.6272518996e-04,9.1186239012e-04,8.4436558504e-04,9.7849782839e-04,1.0903734275e-03,9.8852671877e-04
2026-08-27,5.9887966662e-04,4.8721478413e-04,6.2779530732e-04,6.0056159353e-04,6.2490151237e-04,6.5392513577e-04
2026-08-28,6.2438446414e-04,6.3268159275e-04,6.5967902802e-04,6.1068159838e-04,6.1966256259e-04,5.9921753898e-04
2026-08-29,2.7175632909e-04,2.7604466767e-04,2.7636694795e-04,2.7951906598e-04,2.6882121410e-04,2.5802974977e-04
2026-08-30,1.9257712201e-04,1.9607104017e-04,1.8835063055e-04,1.8493058716e-04,2.0139779580e-04,1.9213555636e-04
2026-08-31,6.3389275520e-04,5.7545188681e-04,6.9572649906e-04,6.1578304398e-04,6.5128366153e-04,6.3121868463e-04
