date,HAR-log-OLS,HAR-log-QLIKE,Linear-QLIKE-GLM,Linear-QLIKE-GLM-22
2020-01-01,4.2399381356e-04,5.4585151874e-04,5.6678444174e-04,5.6678444174e-04
2020-01-02,3.3927186383e-04,4.4536020359e-04,4.6475171988e-04,4.6540463707e-04
2020-01-03,4.6438640479e-04,5.7078588188e-04,6.1807152907e-04,6.1915005030e-04
2020-01-04,1.1493149660e-03,1.3144997333e-03,8.7607920040e-04,8.7085795440e-04
2020-01-05,6.2002268835e-04,8.1397806765e-04,5.6770988601e-04,5.6794734740e-04
2020-01-06,5.5920569589e-04,7.5172683532e-04,7.5786431183e-04,7.5844678336e-04
2020-01-07,6.9753279704e-04,9.0861175420e-04,1.4082632368e-03,1.4112611417e-03
2020-01-08,1.1015967442e-03,1.3484349496e-03,1.6134072724e-03,1.6293995014e-03
2020-01-09,1.4468418682e-03,1.6636079964e-03,1.1814542455e-03,1.1845569326e-03
2020-01-10,1.0748463902e-03,1.3930484477e-03,1.3434927142e-03,1.3174241909e-03
2020-01-11,1.3425333720e-03,1.7135252196e-03,1.2385298143e-03,1.2476330906e-03
2020-01-12,1.3344594404e-03,1.7196856607e-03,1.1993691625e-03,1.2061849471e-03
2020-01-13,8.7602201101e-04,1.2047781720e-03,1.4184752789e-03,1.4287511599e-03
2020-01-14,5.9703145449e-04,8.3589805035e-04,1.0151460248e-03,1.0236849084e-03
2020-01-15,1.4587095415e-03,1.7242580157e-03,2.6725065183e-03,2.6948025602e-03
2020-01-16,1.3064078666e-03,1.5662397985e-03,1.1403288248e-03,1.1528388202e-03
2020-01-17,1.0382092019e-03,1.2813868287e-03,1.0791347167e-03,1.0614995453e-03
2020-01-18,1.0845007737e-03,1.3381067322e-03,8.4403213462e-04,8.5180242509e-04
2020-01-19,8.4244343036e-04,1.1082869179e-03,7.8404592874e-04,7.9497800871e-04
2020-01-20,1.7899535424e-03,1.9749532726e-03,1.5936678134e-03,1.6281926059e-03
2020-01-21,8.6184785919e-04,1.0836491270e-03,1.1507582433e-03,1.1338432291e-03
2020-01-22,8.9715167900e-04,1.0995965957e-03,1.1400939765e-03,1.1471474317e-03
2020-01-23,5.8968988351e-04,7.7167737744e-04,9.3237788807e-04,9.3237788807e-04
2020-01-24,9.2371246481e-04,1.0945853185e-03,1.2180469466e-03,1.2186162604e-03
2020-01-25,6.9933884330e-04,7.7897632508e-04,4.3523733681e-04,4.3483709049e-04
2020-01-26,5.9726129115e-04,6.9361712339e-04,5.4296511167e-04,5.4296475582e-04
2020-01-27,6.1087683424e-04,6.9684585655e-04,8.5381697315e-04,8.5289010048e-04
2020-01-28,7.3908328533e-04,8.3091044680e-04,1.0025088353e-03,1.0022407759e-03
2020-01-29,1.1161585470e-03,1.1897065004e-03,1.3978253470e-03,1.3948495426e-03
2020-01-30,8.5237103828e-04,9.7885000842e-04,8.8461780750e-04,8.8705822415e-04
2020-01-31,8.5115752491e-04,1.0100989994e-03,9.8666758065e-04,9.9235018423e-04
2020-02-01,7.8208134649e-04,9.5666078287e-04,6.3495804706e-04,6.3565095208e-04
2020-02-02,5.8122290312e-04,7.5754823108e-04,6.1375950157e-04,6.1560052760e-04
2020-02-03,5.7776994591e-04,7.1308995242e-04,6.9888514480e-04,7.0111642223e-04
2020-02-04,7.5805347640e-04,8.8000020367e-04,7.5863905483e-04,7.5530207534e-04
2020-02-05,6.1076260690e-04,7.2865790715e-04,7.2032145299e-04,7.2527145557e-04
2020-02-06,6.7304907493e-04,8.0349480428e-04,1.0286795779e-03,1.0351063479e-03
2020-02-07,7.7528081798e-04,9.3840768479e-04,8.0602524053e-04,8.1548923105e-04
2020-02-08,5.8339398262e-04,7.5868244408e-04,4.6417708994e-04,4.6821377068e-04
2020-02-09,5.3058403841e-04,6.9027374701e-04,5.3459235474e-04,5.3927903172e-04
2020-02-10,5.3718618643e-04,6.9256516283e-04,8.2486422755e-04,8.2891968178e-04
2020-02-11,8.1531529433e-04,1.0131597366e-03,1.0401955155e-03,1.0428764443e-03
2020-02-12,7.9476728036e-04,9.9368802953e-04,1.0962856974e-03,1.1086096460e-03
2020-02-13,7.2683242077e-04,9.4274586037e-04,8.5799513511e-04,8.6896128907e-04
2020-02-14,1.2104764038e-03,1.4646925771e-03,1.0014303125e-03,1.0014303125e-03
2020-02-15,7.3078022338e-04,1.0013138411e-03,6.5201964296e-04,6.5201079536e-04
2020-02-16,1.1700258433e-03,1.4432124038e-03,1.2029239053e-03,1.2047392681e-03
2020-02-17,9.0459477586e-04,1.1705524359e-03,9.9632831366e-04,9.9866300420e-04
2020-02-18,1.0481271640e-03,1.3176909343e-03,1.3442675976e-03,1.3458235633e-03
2020-02-19,1.0069260811e-03,1.2345359500e-03,1.5345441521e-03,1.5343747775e-03
2020-02-20,2.3008141493e-03,2.5533468818e-03,2.6363168913e-03,2.6566429731e-03
2020-02-21,1.2320417631e-03,1.5590808969e-03,1.2084533682e-03,1.2158691172e-03
2020-02-22,9.4898445753e-04,1.2701159476e-03,8.6079147246e-04,8.4890811722e-04
2020-02-23,6.3636591985e-04,9.1841762689e-04,8.6553770646e-04,8.6713163170e-04
2020-02-24,8.6658433953e-04,1.1389101866e-03,1.4993044143e-03,1.5011303733e-03
2020-02-25,8.5981088243e-04,9.6468428178e-04,1.0378834710e-03,1.0408472975e-03
2020-02-26,7.9518071933e-04,8.9422849308e-04,1.0286628380e-03,1.0297530487e-03
2020-02-27,1.2285568775e-03,1.3226304854e-03,1.6179797398e-03,1.6331936354e-03
2020-02-28,1.3040784297e-03,1.4514224514e-03,9.9463963144e-04,1.0099245338e-03
2020-02-29,1.4616018906e-03,1.6359954339e-03,8.5684843895e-04,8.5752416906e-04
2020-03-01,1.0093934913e-03,1.2186911775e-03,9.9990380666e-04,1.0133273959e-03
2020-03-02,1.2029639290e-03,1.3974006587e-03,1.1583780074e-03,1.1671663956e-03
2020-03-03,9.4995858628e-04,1.1225798700e-03,1.6444633591e-03,1.6504184460e-03
2020-03-04,1.1080359879e-03,1.2401297346e-03,1.1981309980e-03,1.1948932774e-03
2020-03-05,6.8560624462e-04,8.1005429020e-04,8.0852656962e-04,8.1527675862e-04
2020-03-06,7.7455943927e-04,8.8412237841e-04,1.0257083841e-03,1.0265551134e-03
2020-03-07,5.8001868928e-04,6.8588474193e-04,4.6769794116e-04,4.6769794116e-04
2020-03-08,7.2397593954e-04,8.0956487032e-04,6.8577834311e-04,6.8571866175e-04
2020-03-09,1.0981637853e-03,1.1493352901e-03,2.1703649554e-03,2.1564576662e-03
2020-03-10,1.7154822335e-03,1.7773158310e-03,1.3090527762e-03,1.3100682870e-03
2020-03-11,1.5257719198e-03,1.6725427787e-03,1.2795997490e-03,1.2797036654e-03
2020-03-12,1.4935142537e-03,1.6886765257e-03,1.3653170193e-03,1.3679313357e-03
2020-03-13,1.5190375194e-02,1.3632427974e-02,3.6165185834e-01,6.4332905397e-01
2020-03-14,3.7841828501e-02,3.1106166374e-02,2.5536210225e-02,2.5278807988e-02
2020-03-15,1.1909091383e-02,1.1447297034e-02,1.2375445520e-02,1.2468826944e-02
2020-03-16,1.3219284879e-02,1.2405178578e-02,1.2726919625e-02,1.1563085382e-02
2020-03-17,1.9836452185e-02,1.7558402295e-02,1.9111406271e-02,1.7651720202e-02
2020-03-18,1.1095264114e-02,9.9954568720e-03,1.3442139296e-02,1.2842444196e-02
2020-03-19,7.7160487875e-03,5.7156819077e-03,6.1668535008e-03,4.5120885265e-03
2020-03-20,7.5627862093e-03,5.5511594781e-03,1.0689477542e-02,1.3018168059e-02
2020-03-21,1.0321413255e-02,7.2900570111e-03,2.9845403798e-03,2.7447567129e-03
2020-03-22,7.1360195294e-03,4.9112895094e-03,2.7181755667e-03,2.5165128509e-03
2020-03-23,6.1136587978e-03,4.2300217923e-03,5.1468577243e-03,5.6695179562e-03
2020-03-24,6.9334068446e-03,4.6945695746e-03,8.0472498302e-03,9.2777258683e-03
2020-03-25,6.1376833433e-03,4.1719271521e-03,4.5228512067e-03,4.6320669684e-03
2020-03-26,5.2709567247e-03,3.4500045098e-03,3.7203958818e-03,2.8315230103e-03
2020-03-27,3.3311775655e-03,2.2247972868e-03,2.0792601388e-03,2.1565411853e-03
2020-03-28,4.0127732985e-03,2.5662650497e-03,2.0150165462e-03,2.3503569892e-03
2020-03-29,3.7406936207e-03,2.3167644747e-03,1.6447784139e-03,1.6447784139e-03
2020-03-30,2.6526103518e-03,1.6425328638e-03,2.3304523473e-03,2.3351609427e-03
2020-03-31,3.0001237490e-03,1.7749231496e-03,2.8527358782e-03,2.8632788899e-03
2020-04-01,2.1591943448e-03,1.3291100141e-03,1.3421082140e-03,1.3612358842e-03
2020-04-02,2.6318246060e-03,1.5580653462e-03,2.1810731462e-03,2.2118106611e-03
2020-04-03,4.2178874088e-03,2.4789722505e-03,1.8008999871e-03,1.7879849570e-03
2020-04-04,2.8437791710e-03,1.8791530111e-03,1.0445231272e-03,1.0361864069e-03
2020-04-05,2.3443436719e-03,1.8944061126e-03,1.3814799067e-03,1.3726373602e-03
2020-04-06,1.6185225298e-03,1.3887317190e-03,1.5632958110e-03,1.5542304963e-03
2020-04-07,1.8961412563e-03,1.6078094767e-03,2.7451432970e-03,2.7613847069e-03
2020-04-08,1.7448566917e-03,1.4722539701e-03,1.4200217530e-03,1.4082337222e-03
2020-04-09,1.4370791894e-03,1.2321130106e-03,1.6483434582e-03,1.6344154955e-03
2020-04-10,1.2222253683e-03,1.0596263033e-03,9.5180337705e-04,9.4983845031e-04
2020-04-11,1.8182324504e-03,1.5822721105e-03,1.1541795619e-03,1.1439194656e-03
2020-04-12,1.0441299006e-03,1.0069716987e-03,7.6317982371e-04,7.6564082150e-04
2020-04-13,1.2624909767e-03,1.2042285935e-03,1.0518743444e-03,1.0499472681e-03
2020-04-14,1.8424732304e-03,1.7631026839e-03,1.4077424040e-03,1.4061755898e-03
2020-04-15,1.2125855427e-03,1.2641214365e-03,1.2146557079e-03,1.2094768985e-03
2020-04-16,1.0353617865e-03,1.0897628888e-03,1.6822879988e-03,1.6792595067e-03
2020-04-17,1.9857755883e-03,2.0704873805e-03,2.2189316593e-03,2.2159516329e-03
2020-04-18,1.1439306165e-03,1.2778690133e-03,8.1360667753e-04,8.0983188841e-04
2020-04-19,8.0063743213e-04,9.0133767480e-04,8.9704098723e-04,9.0507303385e-04
2020-04-20,8.2114923232e-04,9.2525133755e-04,1.0602133097e-03,1.0602133097e-03
2020-04-21,1.3233255602e-03,1.4391459821e-03,1.5748086210e-03,1.5747255721e-03
2020-04-22,8.6635915485e-04,9.2764050832e-04,8.4603083108e-04,8.4609590917e-04
2020-04-23,6.7630561365e-04,7.3834162823e-04,1.2684509598e-03,1.2658841009e-03
2020-04-24,1.3561957506e-03,1.4489195915e-03,1.3791054618e-03,1.3782607498e-03
2020-04-25,8.5480500261e-04,1.0134367970e-03,6.0576723460e-04,6.0526851827e-04
2020-04-26,7.0700870110e-04,8.3942246124e-04,6.3341655201e-04,6.3313740800e-04
2020-04-27,7.4830663606e-04,8.8771344348e-04,9.5559742064e-04,9.5479699160e-04
2020-04-28,7.7553951621e-04,9.2526418618e-04,9.3732499906e-04,9.4229816934e-04
2020-04-29,4.9878287754e-04,5.8257129784e-04,6.2777608725e-04,6.3072316511e-04
2020-04-30,1.8116809534e-03,2.0351147002e-03,4.0097131201e-03,4.0707200718e-03
2020-05-01,2.6703123864e-03,3.0804343159e-03,1.9180276898e-03,1.9580396951e-03
2020-05-02,1.5671209086e-03,1.9523832818e-03,1.2294867847e-03,1.2291609520e-03
2020-05-03,1.1739950558e-03,1.5376332264e-03,1.3036069588e-03,1.3016240085e-03
2020-05-04,1.7832190124e-03,2.2372874952e-03,1.9384292024e-03,1.9602576038e-03
2020-05-05,1.5051752517e-03,1.8529775708e-03,1.6281599410e-03,1.6558058597e-03
2020-05-06,1.3123708176e-03,1.5220776395e-03,1.4301127947e-03,1.3953706020e-03
2020-05-07,1.2887528891e-03,1.4898458025e-03,1.7056185935e-03,1.7066336587e-03
2020-05-08,1.6177920732e-03,1.8576788626e-03,2.3963387751e-03,2.4285859878e-03
2020-05-09,1.3316877713e-03,1.5719587488e-03,9.1495048114e-04,9.1878582832e-04
2020-05-10,1.2212284651e-03,1.4440015938e-03,1.1199806819e-03,1.1208091850e-03
2020-05-11,5.3575174739e-03,5.7696152212e-03,5.7097585588e-03,5.7078902654e-03
2020-05-12,4.4416050352e-03,4.9362789765e-03,3.6318569271e-03,3.6318569271e-03
2020-05-13,2.4645411080e-03,2.9504856214e-03,3.4198044778e-03,3.4260219837e-03
2020-05-14,2.0390923513e-03,2.4902101704e-03,4.8035766925e-03,4.8368529294e-03
2020-05-15,2.9086721957e-03,3.3793060081e-03,3.5994969505e-03,3.6517069152e-03
2020-05-16,2.5169471316e-03,2.6635693718e-03,1.8246588542e-03,1.8280135709e-03
2020-05-17,1.4727871463e-03,1.5159132962e-03,1.1531891318e-03,1.1546747889e-03
2020-05-18,1.3548023644e-03,1.3829398399e-03,1.5627102466e-03,1.5649759787e-03
2020-05-19,1.5603280820e-03,1.5661542897e-03,1.3829867886e-03,1.3929704611e-03
2020-05-20,1.4714562927e-03,1.4431327741e-03,1.2993370822e-03,1.3065732051e-03
2020-05-21,1.3076694707e-03,1.2413782177e-03,1.6478161515e-03,1.6489907464e-03
2020-05-22,1.5389137537e-03,1.4685386554e-03,1.4669127770e-03,1.4630756741e-03
2020-05-23,1.2103108481e-03,1.2153983805e-03,7.2134657325e-04,7.2334558162e-04
2020-05-24,8.9063933333e-04,9.0995162636e-04,7.5521347481e-04,7.5739827873e-04
2020-05-25,1.3368403906e-03,1.2969059730e-03,1.5134255821e-03,1.5060455506e-03
2020-05-26,1.1528800016e-03,1.1359828495e-03,1.1348555888e-03,1.1413424846e-03
2020-05-27,9.4777209003e-04,9.2731932688e-04,9.2734819935e-04,9.3272152138e-04
2020-05-28,9.9048261988e-04,9.6119278352e-04,1.4469961038e-03,1.4533077580e-03
2020-05-29,9.4447542448e-04,9.3240683532e-04,1.0091434946e-03,1.0177801416e-03
2020-05-30,9.2837701028e-04,9.0166342102e-04,5.5368043344e-04,5.5544180777e-04
2020-05-31,9.8907294028e-04,9.5205751300e-04,7.9883931741e-04,7.9432900497e-04
2020-06-01,8.6084584618e-04,8.4278272079e-04,9.2494453314e-04,9.2665442686e-04
2020-06-02,1.1798883100e-03,1.2530708181e-03,1.6137908888e-03,1.6388090591e-03
2020-06-03,2.5307507500e-03,2.8437435785e-03,2.9297759754e-03,2.9297759754e-03
2020-06-04,8.7187164079e-04,1.1104194567e-03,1.7673354500e-03,1.7576485482e-03
2020-06-05,1.0853576003e-03,1.3479219423e-03,1.2665371402e-03,1.2664853707e-03
2020-06-06,9.9387887507e-04,1.2670540174e-03,8.9421904202e-04,8.9759394539e-04
2020-06-07,7.0499693542e-04,9.3343131005e-04,9.1198696767e-04,9.1851167089e-04
2020-06-08,6.5418526350e-04,7.3858302202e-04,6.8709873790e-04,6.8205154725e-04
2020-06-09,4.9639684532e-04,5.7649200678e-04,6.1265378345e-04,6.1236123181e-04
2020-06-10,7.4483812107e-04,8.3959828133e-04,7.0223411258e-04,7.0439419266e-04
2020-06-11,6.9714701196e-04,8.0007461783e-04,9.3496837180e-04,9.3759166580e-04
2020-06-12,1.2684656126e-03,1.4716550058e-03,1.4373783447e-03,1.4425420634e-03
2020-06-13,7.1584637521e-04,8.8960436800e-04,6.0594764600e-04,6.1007702546e-04
2020-06-14,5.4240165719e-04,6.9813630196e-04,6.4178305465e-04,6.4684135633e-04
2020-06-15,6.1132429621e-04,7.6452225700e-04,8.4907759267e-04,8.5555733632e-04
2020-06-16,9.2952536413e-04,1.1355705967e-03,9.8858481625e-04,9.8479747830e-04
2020-06-17,6.6386134602e-04,7.8818553483e-04,7.5998692487e-04,7.6539868827e-04
2020-06-18,5.0214962137e-04,6.0896016415e-04,8.2493612217e-04,8.2577910760e-04
2020-06-19,4.7281052110e-04,5.8166018311e-04,5.7057465148e-04,5.7841379711e-04
2020-06-20,5.2003068261e-04,6.3576913442e-04,4.0465921820e-04,4.1085630977e-04
2020-06-21,3.3857049560e-04,4.0828649194e-04,3.8318619006e-04,3.8755608400e-04
2020-06-22,2.4822851711e-04,2.9572306339e-04,3.7141795847e-04,3.7561078137e-04
2020-06-23,3.8172644914e-04,4.3692087974e-04,5.5040689346e-04,5.5088785158e-04
2020-06-24,3.1183953603e-04,3.6723495255e-04,3.9955399116e-04,4.0858181341e-04
2020-06-25,5.0105748794e-04,6.3978460766e-04,8.2400523047e-04,8.2400523047e-04
2020-06-26,6.0813040257e-04,7.9862138700e-04,5.6896337258e-04,5.6940382974e-04
2020-06-27,5.9969476466e-04,8.2028842192e-04,4.5079575719e-04,4.5116621095e-04
2020-06-28,6.2688264278e-04,8.6943168439e-04,6.7231499912e-04,6.7239946229e-04
2020-06-29,5.0787588846e-04,7.2582611476e-04,7.6480746084e-04,7.6474521371e-04
2020-06-30,4.2598809718e-04,6.1026884609e-04,6.8011920899e-04,6.8044418454e-04
2020-07-01,3.3829495520e-04,4.7700442692e-04,5.6632974909e-04,5.6796609093e-04
2020-07-02,3.4475041648e-04,4.7410214881e-04,6.6239344638e-04,6.6632176899e-04
2020-07-03,4.4433188036e-04,5.8694883491e-04,4.9458989460e-04,4.9562154083e-04
2020-07-04,2.4934123606e-04,3.5775713824e-04,2.4742805791e-04,2.4902589286e-04
2020-07-05,2.6375059313e-04,3.7493014875e-04,3.3397380547e-04,3.3687365265e-04
2020-07-06,3.2301436761e-04,4.5415942082e-04,4.4615414837e-04,4.5193496804e-04
2020-07-07,3.1552965915e-04,4.4713052551e-04,5.3356960919e-04,5.4135894901e-04
2020-07-08,2.4896372511e-04,3.5580643163e-04,3.9422684031e-04,4.0193228206e-04
2020-07-09,2.9926550641e-04,4.3234750656e-04,5.8849714940e-04,6.0054160153e-04
2020-07-10,2.9651499576e-04,4.3385915329e-04,4.2733850392e-04,4.3771556509e-04
2020-07-11,2.5883363366e-04,3.8037727265e-04,2.4414684496e-04,2.4990712756e-04
2020-07-12,2.1197544452e-04,3.1431829473e-04,2.8738179425e-04,2.9530929215e-04
2020-07-13,2.9856596495e-04,4.3087550644e-04,4.1079420674e-04,4.2362845968e-04
2020-07-14,2.2203221486e-04,3.2340390150e-04,3.5938668982e-04,3.7176391373e-04
2020-07-15,2.4442536512e-04,3.4984422591e-04,3.5404216338e-04,3.6769481907e-04
2020-07-16,1.8041331601e-04,2.6312187689e-04,3.9660694826e-04,4.1398153476e-04
2020-07-17,2.2441539317e-04,3.2794207443e-04,3.0299905298e-04,3.0299905298e-04
2020-07-18,1.5006854612e-04,2.2591397965e-04,1.6106712000e-04,1.6168720901e-04
2020-07-19,1.3109686114e-04,2.0141571688e-04,1.9452689534e-04,1.9618531994e-04
2020-07-20,1.2361823856e-04,1.8933616353e-04,2.1653595095e-04,2.1929036673e-04
2020-07-21,1.1495077901e-04,1.7813230249e-04,2.1199330258e-04,2.1566363892e-04
2020-07-22,1.9304111010e-04,2.8753001242e-04,3.0349974410e-04,3.0900875167e-04
2020-07-23,1.9486809393e-04,2.9887372705e-04,3.8238915648e-04,3.9075247551e-04
2020-07-24,1.8974750095e-04,2.9996219874e-04,2.7147169824e-04,2.7977262915e-04
2020-07-25,2.0858353581e-04,3.4030363240e-04,2.0597196868e-04,2.1292276434e-04
2020-07-26,2.6447318842e-04,4.3184781874e-04,3.4952897370e-04,3.6029303542e-04
2020-07-27,4.9839590792e-04,7.8890460973e-04,6.7053229331e-04,6.8100959600e-04
2020-07-28,1.6019278652e-03,2.4229791358e-03,3.0542564223e-03,2.9101337990e-03
2020-07-29,1.6341414131e-03,2.4544042562e-03,1.8608338270e-03,1.7876296810e-03
2020-07-30,1.2597296464e-03,1.9386523221e-03,2.2869902509e-03,2.2667461976e-03
2020-07-31,1.0121588881e-03,1.5913765828e-03,1.3182513393e-03,1.3305996998e-03
2020-08-01,1.0041622635e-03,1.5558168038e-03,1.0404226308e-03,1.0570525539e-03
2020-08-02,1.1423202394e-03,1.6033178663e-03,1.4157336131e-03,1.3960774781e-03
2020-08-03,2.7095522934e-03,3.4049391343e-03,3.2655262004e-03,3.0404145289e-03
2020-08-04,1.1277696267e-03,1.5318853372e-03,1.5998838564e-03,1.6072955354e-03
2020-08-05,1.0657972137e-03,1.4426716874e-03,1.4561869528e-03,1.4790302609e-03
2020-08-06,1.1254512767e-03,1.5027035322e-03,2.5408230034e-03,2.5864929689e-03
2020-08-07,1.0085193925e-03,1.3364011898e-03,1.1705352781e-03,1.2037454401e-03
2020-08-08,8.3057683671e-04,9.5745138455e-04,5.5532124057e-04,5.5532124057e-04
2020-08-09,6.9411116362e-04,7.9974910899e-04,6.8773886929e-04,6.8776741884e-04
2020-08-10,6.4606597811e-04,7.3744972771e-04,7.4812206591e-04,7.4832397979e-04
2020-08-11,1.5034649252e-03,1.6544757409e-03,1.2897169717e-03,1.2878552261e-03
2020-08-12,1.3334845753e-03,1.5071536033e-03,1.6013777842e-03,1.6007627170e-03
2020-08-13,9.7770114885e-04,1.1340261949e-03,1.4380714938e-03,1.4386445190e-03
2020-08-14,1.0635162902e-03,1.2276684350e-03,1.0873677623e-03,1.0874139563e-03
2020-08-15,8.6106296195e-04,1.0135714436e-03,6.2234669673e-04,6.2348206545e-04
2020-08-16,8.4365819188e-04,9.3482755787e-04,7.5762865134e-04,7.5921631753e-04
2020-08-17,5.9087750118e-04,6.4121179119e-04,6.9892400289e-04,6.8809611194e-04
2020-08-18,1.2035846609e-03,1.2579009014e-03,1.1681374075e-03,1.1649022328e-03
2020-08-19,1.0323689048e-03,1.1333327405e-03,1.1301706618e-03,1.1346375132e-03
2020-08-20,9.8837746416e-04,1.1269238336e-03,1.3284950097e-03,1.3334943476e-03
2020-08-21,6.1742555425e-04,7.3689924991e-04,7.2176198092e-04,7.2466104882e-04
2020-08-22,7.1498113081e-04,8.4659768717e-04,6.1686961158e-04,6.1839484267e-04
2020-08-23,5.7868426496e-04,6.6508379795e-04,6.0381767396e-04,6.0800721708e-04
2020-08-24,4.3654037113e-04,4.9466666508e-04,5.5758293005e-04,5.4486279203e-04
2020-08-25,3.4544997329e-04,4.0440685937e-04,4.5516687623e-04,4.5586614129e-04
2020-08-26,6.3584895117e-04,7.2761611057e-04,7.7562831522e-04,7.8011034166e-04
2020-08-27,5.5465967508e-04,6.4747312873e-04,7.7062599508e-04,7.7797206659e-04
2020-08-28,6.7566162780e-04,7.9566909954e-04,6.1973507467e-04,6.2427878196e-04
2020-08-29,4.6665250715e-04,5.7611911662e-04,3.9963398311e-04,4.0240235672e-04
2020-08-30,3.9153422737e-04,4.9651031710e-04,4.7045145427e-04,4.7045145427e-04
2020-08-31,4.0657306935e-04,4.9740250468e-04,6.1456571610e-04,6.1487626290e-04
2020-09-01,4.0365695910e-04,4.8497076283e-04,5.0181622659e-04,5.0230556986e-04
2020-09-02,4.8839279648e-04,5.8152649400e-04,5.8858116353e-04,5.8907124351e-04
2020-09-03,6.8898751147e-04,8.4894274713e-04,1.1201216611e-03,1.1196269171e-03
2020-09-04,1.7206738991e-03,2.1746069625e-03,2.6930967920e-03,2.6432156233e-03
2020-09-05,1.8176160351e-03,2.3591286111e-03,1.2110104725e-03,1.2055779311e-03
2020-09-06,2.3609814736e-03,3.0339845406e-03,2.0638136813e-03,2.0352070552e-03
2020-09-07,1.4334130356e-03,1.9409111741e-03,1.9187586571e-03,1.9253669436e-03
2020-09-08,1.4439324007e-03,1.9381308029e-03,1.9018530361e-03,1.9142436600e-03
2020-09-09,1.8404651285e-03,2.3454476135e-03,2.1711145744e-03,2.1554895651e-03
2020-09-10,9.9939308136e-04,1.3078996606e-03,1.7438729771e-03,1.7369243200e-03
2020-09-11,9.1553432169e-04,1.1280511682e-03,9.8142156499e-04,9.8637302034e-04
2020-09-12,6.4422310727e-04,8.0015811275e-04,5.4173402509e-04,5.4062734777e-04
2020-09-13,4.4640708140e-04,5.5609452528e-04,5.7546551026e-04,5.8980807309e-04
2020-09-14,5.4523148044e-04,6.0637824271e-04,6.3609349210e-04,6.3595196745e-04
2020-09-15,6.0311153028e-04,6.5713186784e-04,7.3503610423e-04,7.3147523863e-04
2020-09-16,6.6777179258e-04,7.1489674372e-04,6.4875484348e-04,6.4361025192e-04
2020-09-17,6.5118469076e-04,7.1161678270e-04,8.6601620472e-04,8.5383327278e-04
2020-09-18,5.5827058898e-04,6.2860461216e-04,5.2727335106e-04,5.3094469717e-04
2020-09-19,4.6136596065e-04,5.2669697523e-04,3.3726960828e-04,3.3694238609e-04
2020-09-20,4.6039238973e-04,5.1661103993e-04,4.7585626496e-04,4.8160274336e-04
2020-09-21,5.0269662047e-04,5.4537554392e-04,5.8799320299e-04,5.8799320299e-04
2020-09-22,6.9885034363e-04,7.4076092490e-04,8.4494446601e-04,8.4456527248e-04
2020-09-23,5.4368299000e-04,5.9030012310e-04,5.9487311686e-04,5.9511177587e-04
2020-09-24,5.7267545494e-04,6.2750882100e-04,8.7854583274e-04,8.7973329884e-04
2020-09-25,6.3782402865e-04,7.0663867387e-04,7.6454049713e-04,7.6500498153e-04
2020-09-26,5.4063439894e-04,6.3257347905e-04,3.8307298862e-04,3.8354403145e-04
2020-09-27,3.7288979736e-04,4.5102055381e-04,4.0914458654e-04,4.1012707129e-04
2020-09-28,3.5517261750e-04,4.5093821893e-04,5.0358321154e-04,5.0440710750e-04
2020-09-29,4.9193963514e-04,6.1456256612e-04,5.7136790757e-04,5.7462997924e-04
2020-09-30,3.4876269644e-04,4.4566988207e-04,4.9005701848e-04,4.9312592014e-04
2020-10-01,3.3342415844e-04,4.4108894212e-04,5.5664934189e-04,5.6146008671e-04
2020-10-02,5.5992302606e-04,7.3848938663e-04,5.6657438975e-04,5.7098875534e-04
2020-10-03,5.2316090767e-04,7.1498045891e-04,3.8959802224e-04,3.9268839246e-04
2020-10-04,2.6360467019e-04,3.7650572784e-04,3.6932537190e-04,3.7228135751e-04
2020-10-05,2.4895292998e-04,3.5356740510e-04,4.7338653071e-04,4.7637967103e-04
2020-10-06,2.5596873350e-04,3.6057398504e-04,4.4723553872e-04,4.5497080082e-04
2020-10-07,3.2573509100e-04,4.2957928104e-04,4.5540056509e-04,4.6348497609e-04
2020-10-08,1.8721217015e-04,2.4591871419e-04,3.5014489619e-04,3.5753792915e-04
2020-10-09,3.0029455923e-04,3.9289548126e-04,3.6056471906e-04,3.6770848381e-04
2020-10-10,2.8235192942e-04,3.8047184445e-04,2.3861350369e-04,2.4532020502e-04
2020-10-11,5.9164189003e-04,7.9667335595e-04,5.8004987477e-04,5.8712626492e-04
2020-10-12,3.3801320175e-04,4.7852221997e-04,5.2312808105e-04,5.3008710498e-04
2020-10-13,5.2226113056e-04,7.3275321375e-04,6.9455727984e-04,6.9455727984e-04
2020-10-14,4.5396671292e-04,6.5738810379e-04,6.5116264627e-04,6.5199575932e-04
2020-10-15,4.4881228447e-04,6.5741271019e-04,7.7773860798e-04,7.7998762642e-04
2020-10-16,4.0185765105e-04,5.7262225268e-04,4.8787946694e-04,4.9007539554e-04
2020-10-17,4.2105393006e-04,6.0628284561e-04,3.9088524871e-04,3.9297029230e-04
2020-10-18,2.6694108439e-04,3.8984158233e-04,3.6033305743e-04,3.6267978687e-04
2020-10-19,2.0485365955e-04,2.9764922761e-04,4.0501176942e-04,4.0780271709e-04
2020-10-20,3.1564331432e-04,4.3269947445e-04,4.7536343554e-04,4.8034643037e-04
2020-10-21,4.1407953563e-04,5.6169993111e-04,5.1938480526e-04,5.2599289648e-04
2020-10-22,9.9045480563e-04,1.3390540507e-03,1.8644188029e-03,1.8645383049e-03
2020-10-23,7.7689097720e-04,1.0944225028e-03,8.5101011064e-04,8.5528935821e-04
2020-10-24,5.8855722289e-04,8.6920798922e-04,5.2555400686e-04,5.3280727325e-04
2020-10-25,5.3131124223e-04,7.9767303382e-04,7.2862682004e-04,7.4148169195e-04
2020-10-26,6.8807281761e-04,9.9866680572e-04,9.8286743343e-04,9.9316617227e-04
2020-10-27,6.2357568330e-04,8.4972064320e-04,7.5200376828e-04,7.5978269820e-04
2020-10-28,6.3547243251e-04,8.4114525371e-04,9.9191547336e-04,9.8653504834e-04
2020-10-29,9.3885397548e-04,1.2236108701e-03,1.3907885156e-03,1.4112492981e-03
2020-10-30,8.7047169807e-04,1.1510728688e-03,8.9774881690e-04,9.0982552623e-04
2020-10-31,8.9778471843e-04,1.1829230950e-03,6.3916011969e-04,6.4892108415e-04
2020-11-01,1.0477077199e-03,1.3633794504e-03,1.0042909273e-03,1.0161507468e-03
2020-11-02,7.1829055271e-04,9.7032165082e-04,9.8340966672e-04,9.9701435263e-04
2020-11-03,7.8491451059e-04,1.0205167565e-03,1.0174365703e-03,1.0308655119e-03
2020-11-04,8.7132279904e-04,1.1115862199e-03,1.2228876549e-03,1.2228876549e-03
2020-11-05,1.0632206392e-03,1.3272980714e-03,1.3705923388e-03,1.3706776633e-03
2020-11-06,1.4451243822e-03,1.7586634391e-03,2.1593227117e-03,2.1591006077e-03
2020-11-07,1.6321711369e-03,1.9998484142e-03,9.0710442202e-04,9.0565140404e-04
2020-11-08,1.5221886199e-03,1.8877796092e-03,1.7169927799e-03,1.7139003974e-03
2020-11-09,1.1410552164e-03,1.4454821368e-03,1.8667491483e-03,1.8691173647e-03
2020-11-10,1.6906725475e-03,2.0437248020e-03,1.6984988641e-03,1.6917938316e-03
2020-11-11,1.0163275323e-03,1.2518724179e-03,1.2354259186e-03,1.2361035233e-03
2020-11-12,1.0110617114e-03,1.1990787064e-03,1.6157552661e-03,1.6128347256e-03
2020-11-13,1.2807201637e-03,1.4767793982e-03,1.3209614347e-03,1.3201290055e-03
2020-11-14,9.2922652345e-04,1.1021659596e-03,6.4178789627e-04,6.3847485566e-04
2020-11-15,7.6573715152e-04,8.8243043559e-04,7.5054635531e-04,7.5317417417e-04
2020-11-16,7.3072457648e-04,8.3833061000e-04,8.7382160482e-04,8.7347545818e-04
2020-11-17,8.1619109334e-04,9.2080686619e-04,1.1460495687e-03,1.1514708085e-03
2020-11-18,1.0533733031e-03,1.1427013088e-03,1.3430643842e-03,1.3461498247e-03
2020-11-19,2.2508606435e-03,2.4475040241e-03,2.0415611048e-03,2.0297083219e-03
2020-11-20,1.4038869847e-03,1.6211886880e-03,1.1665367212e-03,1.1745288301e-03
2020-11-21,1.4062136249e-03,1.6421337746e-03,1.2241160394e-03,1.2171042028e-03
2020-11-22,1.2604598268e-03,1.4943908431e-03,1.1182589286e-03,1.1295988169e-03
2020-11-23,1.4785603197e-03,1.7276220904e-03,1.6877375760e-03,1.6963329278e-03
2020-11-24,1.4728686351e-03,1.6245482239e-03,1.2876162393e-03,1.2960208750e-03
2020-11-25,1.5393104263e-03,1.6919871477e-03,1.8411120856e-03,1.8181404284e-03
2020-11-26,1.4803089681e-03,1.6344996125e-03,1.9144274703e-03,1.9144274703e-03
2020-11-27,3.7909696145e-03,4.0692793544e-03,3.8960596936e-03,3.8742932941e-03
2020-11-28,2.4084285399e-03,2.7242574302e-03,1.3208211052e-03,1.3177016627e-03
2020-11-29,1.4504654572e-03,1.7217509672e-03,1.7452731011e-03,1.7446948218e-03
2020-11-30,1.4296412000e-03,1.6904293211e-03,2.0609931345e-03,2.0651823895e-03
2020-12-01,2.4972456523e-03,2.8089101671e-03,3.7883243871e-03,3.8000969488e-03
2020-12-02,2.9129865057e-03,3.0731345757e-03,2.9567144909e-03,2.9519669399e-03
2020-12-03,2.0997798460e-03,2.2524714748e-03,2.6251120407e-03,2.5786101939e-03
2020-12-04,1.6777591577e-03,1.8428192010e-03,1.5076110764e-03,1.5129514112e-03
2020-12-05,1.5285188389e-03,1.6994651210e-03,1.2998018460e-03,1.3023736903e-03
2020-12-06,1.0814953437e-03,1.2033739540e-03,1.2248103528e-03,1.2323769761e-03
2020-12-07,8.5978915089e-04,9.0027818653e-04,1.0289057043e-03,1.0288246563e-03
2020-12-08,7.3577765353e-04,7.3840920858e-04,7.8649256652e-04,7.8711689936e-04
2020-12-09,1.0394910701e-03,9.9565020111e-04,1.1456150275e-03,1.1445063055e-03
2020-12-10,1.2538865995e-03,1.1958773689e-03,1.2519654734e-03,1.2291445898e-03
2020-12-11,9.8086012962e-04,9.8320729645e-04,8.1368226128e-04,8.1679896128e-04
2020-12-12,1.2492751544e-03,1.2566681490e-03,6.8117153020e-04,6.8371008682e-04
2020-12-13,8.5781019114e-04,9.0000820955e-04,9.5434589117e-04,9.6450730649e-04
2020-12-14,9.0009902134e-04,9.3124415859e-04,1.0354403999e-03,1.0390566706e-03
2020-12-15,7.6988129853e-04,7.8621448136e-04,7.7856996257e-04,7.7806168083e-04
2020-12-16,7.4754427270e-04,7.6113204783e-04,7.8137619924e-04,7.8318316004e-04
2020-12-17,1.4624467532e-03,1.4409240087e-03,2.5137535775e-03,2.4970090005e-03
2020-12-18,3.3006584093e-03,3.3719157879e-03,2.8059016104e-03,2.8059016104e-03
2020-12-19,1.7881117253e-03,2.0161605383e-03,1.1334617225e-03,1.1335396265e-03
2020-12-20,1.6479747430e-03,1.9043663332e-03,1.6728518382e-03,1.6736663425e-03
2020-12-21,1.7439325887e-03,2.0182528718e-03,2.0242961314e-03,2.0240918323e-03
2020-12-22,2.6125158097e-03,2.9212537641e-03,2.6662152284e-03,2.6666241435e-03
2020-12-23,1.6627032515e-03,1.8323892340e-03,2.1956573333e-03,2.1988204016e-03
2020-12-24,1.9944902620e-03,2.2171683822e-03,2.5210009468e-03,2.5236911300e-03
2020-12-25,1.5809791412e-03,1.8015625588e-03,1.5234501278e-03,1.5304600791e-03
2020-12-26,1.7834744711e-03,2.0138593117e-03,1.3525822555e-03,1.3531924246e-03
2020-12-27,1.5581387922e-03,1.7273454958e-03,1.9031166917e-03,1.9077100267e-03
2020-12-28,2.8325498878e-03,3.0368644254e-03,2.1874487657e-03,2.2052566439e-03
2020-12-29,1.9317337491e-03,2.1079737738e-03,2.0934899733e-03,2.1015581447e-03
2020-12-30,1.8202348467e-03,1.9880586330e-03,1.8581826027e-03,1.8648342695e-03
2020-12-31,2.1245006836e-03,2.2870198575e-03,3.3451197961e-03,3.3436646649e-03
2021-01-01,2.1282226441e-03,2.2982919565e-03,1.5659081468e-03,1.5788586321e-03
2021-01-02,1.3700263506e-03,1.4655139324e-03,9.1194188411e-04,9.1100659377e-04
2021-01-03,3.3209108784e-03,3.3842956352e-03,3.4629731993e-03,3.4525267548e-03
2021-01-04,3.2378735422e-03,3.3392690483e-03,2.8455340100e-03,2.8746302535e-03
2021-01-05,5.3668971404e-03,5.4114089540e-03,4.0328974969e-03,4.0579780463e-03
2021-01-06,4.6060256023e-03,4.7138122427e-03,5.2523058634e-03,5.1970403502e-03
2021-01-07,4.7397038612e-03,4.8635161258e-03,7.9348408198e-03,7.8867453915e-03
2021-01-08,5.0950883292e-03,5.1422643151e-03,5.1382678518e-03,5.1142987842e-03
2021-01-09,6.3358142069e-03,6.3437437690e-03,3.2614700018e-03,3.2614700018e-03
2021-01-10,4.0799091901e-03,4.1172793161e-03,2.8323169312e-03,2.8308813309e-03
2021-01-11,5.5239572903e-03,5.3684114363e-03,5.4267657039e-03,5.3962541792e-03
2021-01-12,1.3325533514e-02,1.2336052538e-02,1.1072489211e-02,1.0583456183e-02
2021-01-13,8.3984686694e-03,8.0555564543e-03,7.5240179466e-03,7.2776948222e-03
2021-01-14,7.1057716797e-03,6.8064236367e-03,1.2428247174e-02,1.2372024841e-02
2021-01-15,5.0015393781e-03,4.9230572032e-03,5.1345822020e-03,5.1363769018e-03
2021-01-16,6.7084531286e-03,6.3638341895e-03,4.7633711271e-03,4.6535613465e-03
2021-01-17,4.7979587071e-03,4.2794853204e-03,3.0958034944e-03,3.0085934347e-03
2021-01-18,4.2148262545e-03,3.6637095677e-03,3.1628753288e-03,3.0145549279e-03
2021-01-19,3.5345055943e-03,3.0444447739e-03,2.8557150899e-03,2.8335974415e-03
2021-01-20,2.9858128719e-03,2.5854644701e-03,2.6436777615e-03,2.6184892761e-03
2021-01-21,3.4679318088e-03,2.8862624854e-03,2.9818095304e-03,2.9595096597e-03
2021-01-22,5.5945824097e-03,4.5664309050e-03,6.5043362990e-03,6.3481482166e-03
2021-01-23,5.5586382571e-03,4.6026854124e-03,3.1107026118e-03,3.1019946722e-03
2021-01-24,3.7610100515e-03,3.2111386723e-03,2.5533539801e-03,2.4797387681e-03
2021-01-25,2.9282508593e-03,2.5626983325e-03,2.6181199070e-03,2.5171845850e-03
2021-01-26,3.5565912869e-03,3.0591849582e-03,2.5112105418e-03,2.4680949482e-03
2021-01-27,3.7182505678e-03,3.1182137282e-03,2.5740637189e-03,2.5181042418e-03
2021-01-28,4.1436004785e-03,3.3885768404e-03,4.6857158906e-03,4.5685542339e-03
2021-01-29,3.3206912509e-03,2.7786375981e-03,3.5636859548e-03,3.6293925862e-03
2021-01-30,8.6367418043e-03,7.2461670290e-03,3.1756763281e-03,3.0618970466e-03
2021-01-31,4.3395131823e-03,3.9027269344e-03,2.5538675023e-03,2.5538675023e-03
2021-02-01,3.1772031208e-03,2.9186034113e-03,3.6733510348e-03,3.6766958234e-03
2021-02-02,3.3377937806e-03,3.0360190835e-03,2.9129298319e-03,2.9236281338e-03
2021-02-03,2.9032788840e-03,2.7937925268e-03,3.9974985338e-03,4.0154753321e-03
2021-02-04,2.1749813781e-03,1.9530372475e-03,3.1545865015e-03,3.1732791593e-03
2021-02-05,2.5341659360e-03,2.2440480618e-03,1.6593429387e-03,1.6608538697e-03
2021-02-06,1.8735607029e-03,1.6965607816e-03,1.1980968681e-03,1.2047548882e-03
2021-02-07,2.1132701437e-03,1.9059385982e-03,1.4620835042e-03,1.4675238841e-03
2021-02-08,2.4627813232e-03,2.2250407372e-03,1.9256347810e-03,1.9282482552e-03
2021-02-09,4.5525106886e-03,4.1277056538e-03,9.6316091057e-03,9.7477303417e-03
2021-02-10,4.1645126738e-03,3.8616209975e-03,2.7872405370e-03,2.7581840314e-03
2021-02-11,3.3347173635e-03,3.1767280367e-03,3.9411335634e-03,3.9565220938e-03
2021-02-12,3.3945830099e-03,3.2563181084e-03,3.6604937562e-03,3.7182395238e-03
2021-02-13,2.8808340347e-03,2.8343291414e-03,1.6718474451e-03,1.6687243319e-03
2021-02-14,2.0367849481e-03,2.0011572485e-03,1.5164956385e-03,1.5143226976e-03
2021-02-15,1.8463920566e-03,1.7625458884e-03,2.1086347633e-03,2.0913041788e-03
2021-02-16,2.3804877228e-03,2.2038440465e-03,1.8460360808e-03,1.8383225741e-03
2021-02-17,2.6931092618e-03,2.4662417537e-03,2.2279153499e-03,2.2159947720e-03
2021-02-18,2.1276567825e-03,1.9848259903e-03,3.0359931148e-03,3.0812693134e-03
2021-02-19,1.4622643161e-03,1.4130296782e-03,1.2441565656e-03,1.2510057617e-03
2021-02-20,2.0488604952e-03,1.9481503985e-03,1.7816791060e-03,1.8214956334e-03
2021-02-21,2.1333985129e-03,2.1136385553e-03,1.3534813164e-03,1.3330623145e-03
2021-02-22,1.4912806355e-03,1.4894737012e-03,1.7264883083e-03,1.7264883083e-03
2021-02-23,3.7920428439e-03,3.6773766368e-03,3.4366261979e-03,3.4383836674e-03
2021-02-24,8.9894090584e-03,8.8302114690e-03,9.9593593329e-03,9.6279485392e-03
2021-02-25,5.1410392830e-03,5.2514761331e-03,5.3772388323e-03,5.3583345731e-03
2021-02-26,4.4103005136e-03,4.5467944041e-03,4.5423725150e-03,4.5372649135e-03
2021-02-27,6.0648337823e-03,6.1602283376e-03,3.1619629544e-03,3.1344902394e-03
2021-02-28,4.1769939539e-03,4.2850877004e-03,3.0264819689e-03,3.0223264990e-03
2021-03-01,4.4103238588e-03,4.2128938530e-03,3.9877167555e-03,3.8611767211e-03
2021-03-02,3.0643557432e-03,2.9454290702e-03,4.8748581906e-03,4.7718130666e-03
2021-03-03,3.2519027474e-03,3.1260008495e-03,3.0240442355e-03,3.0123499767e-03
2021-03-04,2.7242172133e-03,2.5851711329e-03,3.4010036676e-03,3.4182234717e-03
2021-03-05,3.5500706864e-03,3.3233158986e-03,2.7619684948e-03,2.7174527880e-03
2021-03-06,3.0276196174e-03,2.8225693244e-03,1.4395091256e-03,1.4266588207e-03
2021-03-07,2.0186284372e-03,1.9172691168e-03,1.4381870961e-03,1.4307466193e-03
2021-03-08,2.1401923747e-03,1.9994619143e-03,2.5472107009e-03,2.5140505614e-03
2021-03-09,2.1660116914e-03,2.0069936101e-03,2.0797060911e-03,2.0270488938e-03
2021-03-10,1.8149391003e-03,1.6530074659e-03,2.0087825342e-03,2.0296017593e-03
2021-03-11,2.3563275302e-03,2.0984231522e-03,2.1879805392e-03,2.1736345130e-03
2021-03-12,2.3549832654e-03,2.1223652489e-03,1.7951055842e-03,1.7820706695e-03
2021-03-13,2.4163197120e-03,2.1850475163e-03,1.1414826769e-03,1.1290481266e-03
2021-03-14,2.2725255950e-03,2.0689312089e-03,2.1563680789e-03,2.1536201008e-03
2021-03-15,1.7071489567e-03,1.5822015118e-03,2.0400171068e-03,2.0085825276e-03
2021-03-16,3.3775152040e-03,3.0355039497e-03,3.1822085774e-03,3.1822085774e-03
2021-03-17,2.8882685932e-03,2.6618314585e-03,2.4199483070e-03,2.4202666774e-03
2021-03-18,2.3285712494e-03,2.2909828876e-03,2.9054733076e-03,2.9059156152e-03
2021-03-19,2.0286439219e-03,2.0341102074e-03,1.7432330546e-03,1.7439389354e-03
2021-03-20,2.0717849955e-03,2.1028049013e-03,1.1854324275e-03,1.1861478589e-03
2021-03-21,1.3304134059e-03,1.3687619084e-03,1.0681068459e-03,1.0690698099e-03
2021-03-22,1.5475767949e-03,1.5502259259e-03,1.5887744547e-03,1.5898294196e-03
2021-03-23,1.9036877186e-03,1.9041641349e-03,2.1829606556e-03,2.1842841384e-03
2021-03-24,1.6788699973e-03,1.6981608094e-03,1.4511668712e-03,1.4536283864e-03
2021-03-25,2.3347643915e-03,2.3558897045e-03,2.6966309615e-03,2.7050556226e-03
2021-03-26,2.6865076739e-03,2.7581028711e-03,1.9770866883e-03,1.9751747766e-03
2021-03-27,1.8379921803e-03,1.9610095885e-03,1.7143934058e-03,1.7213965542e-03
2021-03-28,1.5536927119e-03,1.6736240143e-03,1.3548914315e-03,1.3543767430e-03
2021-03-29,1.3800789450e-03,1.4887945363e-03,1.5641397135e-03,1.5622298539e-03
2021-03-30,1.5635474059e-03,1.6390367200e-03,1.7578246972e-03,1.7653088996e-03
2021-03-31,1.1208649041e-03,1.1523254157e-03,1.2162425269e-03,1.2118125138e-03
2021-04-01,1.5517950884e-03,1.5641843484e-03,1.5045322752e-03,1.5047015262e-03
2021-04-02,1.0390348584e-03,1.0749083723e-03,8.5700998944e-04,8.5901539721e-04
2021-04-03,9.2061971058e-04,9.6158087021e-04,5.9146010178e-04,5.9441133170e-04
2021-04-04,1.0690520194e-03,1.1024826796e-03,9.6308486802e-04,9.6331773249e-04
2021-04-05,9.0536473483e-04,9.4641368842e-04,1.1114533315e-03,1.1121031344e-03
2021-04-06,8.5105455011e-04,8.6894815097e-04,8.6945729467e-04,8.7570220695e-04
2021-04-07,8.0930595999e-04,8.4534289546e-04,8.9051720912e-04,8.9051720912e-04
2021-04-08,1.2971514424e-03,1.3685492319e-03,1.6261004660e-03,1.6254024028e-03
2021-04-09,8.5200174840e-04,9.2635150827e-04,9.3699100813e-04,9.3661801099e-04
2021-04-10,6.8952987371e-04,7.6176569601e-04,4.7655438016e-04,4.7627658188e-04
2021-04-11,1.0363245465e-03,1.1335023960e-03,9.1837182143e-04,9.1948300947e-04
2021-04-12,9.2063637762e-04,1.0186924369e-03,1.0258918357e-03,1.0260972582e-03
2021-04-13,8.9330747931e-04,9.7243659862e-04,8.5153599721e-04,8.5122320750e-04
2021-04-14,1.1442690539e-03,1.2583539590e-03,1.5498767631e-03,1.5490135382e-03
2021-04-15,1.5959502724e-03,1.7821668129e-03,1.7153738091e-03,1.7236632086e-03
2021-04-16,9.6516386549e-04,1.1284579454e-03,9.0722171053e-04,9.1001992127e-04
2021-04-17,1.3643582565e-03,1.6130780608e-03,9.9315774205e-04,9.8879514928e-04
2021-04-18,1.1004020364e-03,1.3298628400e-03,1.0960723157e-03,1.0982436292e-03
2021-04-19,4.9550684895e-03,5.6389040392e-03,5.7072725648e-03,5.6605501204e-03
2021-04-20,2.3081146681e-03,2.7450567171e-03,2.4407615354e-03,2.4106660801e-03
2021-04-21,2.5324478480e-03,3.0083265271e-03,2.8008257812e-03,2.7616176665e-03
2021-04-22,2.1496596261e-03,2.5687399551e-03,3.8178200890e-03,3.7883628668e-03
2021-04-23,3.3647816314e-03,3.9162401864e-03,3.3263172107e-03,3.2994082736e-03
2021-04-24,3.5410563236e-03,3.8277015212e-03,1.7886940086e-03,1.7767472083e-03
2021-04-25,2.2304175010e-03,2.4647263669e-03,2.0395281450e-03,1.9246066298e-03
2021-04-26,2.3814357434e-03,2.5969232320e-03,2.6680135465e-03,2.6734428848e-03
2021-04-27,2.7168231371e-03,2.9307978449e-03,4.3840692807e-03,4.4198992404e-03
2021-04-28,1.6117151087e-03,1.7513359611e-03,1.9433591707e-03,1.9313731784e-03
2021-04-29,1.7258088447e-03,1.7789371425e-03,1.8725623045e-03,1.8725623045e-03
2021-04-30,1.5634824833e-03,1.6082035500e-03,1.4243377900e-03,1.4246935637e-03
2021-05-01,1.4159930049e-03,1.4370385741e-03,1.3063250776e-03,1.3052151417e-03
2021-05-02,1.1267343066e-03,1.1144114325e-03,8.6882268172e-04,8.6885362130e-04
2021-05-03,1.1163887686e-03,1.1001712926e-03,1.2594028884e-03,1.2597703328e-03
2021-05-04,1.2993237907e-03,1.2560834247e-03,1.1190589893e-03,1.1196024482e-03
2021-05-05,1.8604283643e-03,1.7863052485e-03,2.2196830722e-03,2.2200271255e-03
2021-05-06,1.7618363413e-03,1.7180913103e-03,2.6776511670e-03,2.6894651781e-03
2021-05-07,1.8479993602e-03,1.8314275663e-03,1.4218689802e-03,1.4215177941e-03
2021-05-08,1.7203245659e-03,1.7260522899e-03,1.0154398009e-03,1.0173922639e-03
2021-05-09,1.7034186880e-03,1.7178000928e-03,1.4681027745e-03,1.4695545514e-03
2021-05-10,1.5586608649e-03,1.5557794858e-03,1.5754867269e-03,1.5747830702e-03
2021-05-11,2.3173120838e-03,2.3881984716e-03,2.3396715679e-03,2.3235515658e-03
2021-05-12,1.8083064343e-03,1.8958018268e-03,1.7567988003e-03,1.7559589713e-03
2021-05-13,3.0425931036e-03,3.1642339552e-03,6.3972048008e-03,6.5078115688e-03
2021-05-14,5.8282908769e-03,6.0283030051e-03,3.1928691840e-03,3.1774411351e-03
2021-05-15,2.6485160449e-03,2.9163157079e-03,1.6513135672e-03,1.6516119633e-03
2021-05-16,3.3653679874e-03,3.6872401012e-03,3.7885619287e-03,3.7794136249e-03
2021-05-17,4.3903164735e-03,4.7452949847e-03,3.9979184250e-03,3.9655766034e-03
2021-05-18,5.4399392463e-03,5.7564331473e-03,6.1586523949e-03,6.0718526258e-03
2021-05-19,4.0563197287e-03,4.2016305282e-03,3.6124138168e-03,3.5561342791e-03
2021-05-20,2.4618086138e-02,2.4241452825e-02,4.0599364155e-02,3.8159180964e-02
2021-05-21,1.2022960425e-02,1.2214283843e-02,1.3578353304e-02,1.3578353304e-02
2021-05-22,1.4564092907e-02,1.4482454638e-02,1.0847160880e-02,1.0831852282e-02
2021-05-23,9.6990447844e-03,9.7590353423e-03,7.2135623018e-03,7.2123347728e-03
2021-05-24,1.5075246968e-02,1.4700439929e-02,1.8924831950e-02,1.8783420392e-02
2021-05-25,9.4523085721e-03,8.5097517371e-03,1.2177252602e-02,1.2063650625e-02
2021-05-26,6.9574312090e-03,6.2162331525e-03,6.4888870619e-03,6.4519509615e-03
2021-05-27,5.3333547273e-03,4.6318796835e-03,5.5395476381e-03,5.5334087201e-03
2021-05-28,5.2368808405e-03,4.4830359481e-03,3.7283354712e-03,3.7232007583e-03
2021-05-29,6.1229131608e-03,4.9365578686e-03,3.6681751022e-03,3.6975504127e-03
2021-05-30,5.5034919077e-03,4.3470924874e-03,3.3407110196e-03,3.3079114244e-03
2021-05-31,3.8900222725e-03,3.0791536491e-03,3.3714169147e-03,3.3811251816e-03
2021-06-01,3.9330182943e-03,3.0921154344e-03,3.3106180404e-03,3.3255516110e-03
2021-06-02,3.8323666438e-03,3.0008502118e-03,3.1678836814e-03,3.1763198191e-03
2021-06-03,2.4775139757e-03,1.9123334885e-03,2.4390842281e-03,2.4579211271e-03
2021-06-04,2.2425389210e-03,1.6716172477e-03,1.6534724727e-03,1.6630926805e-03
2021-06-05,3.1078680712e-03,2.3014996772e-03,1.6633670898e-03,1.6750974793e-03
2021-06-06,3.1462932137e-03,2.3254592715e-03,1.9194352490e-03,1.9066550677e-03
2021-06-07,2.0379293521e-03,1.5149901466e-03,1.5614336374e-03,1.5730955669e-03
2021-06-08,2.5898554110e-03,1.9283927568e-03,2.3508687944e-03,2.3694217459e-03
2021-06-09,3.6784473201e-03,2.7876784339e-03,2.4730520537e-03,2.4828663215e-03
2021-06-10,4.4482980021e-03,3.4188812843e-03,5.4413204324e-03,5.4852462002e-03
2021-06-11,3.7064784770e-03,3.2126981483e-03,2.4164932369e-03,2.3793932405e-03
2021-06-12,2.8249543538e-03,2.5595218971e-03,1.5446333516e-03,1.5446333516e-03
2021-06-13,2.8750026667e-03,2.7037002086e-03,2.6147033854e-03,2.6136996847e-03
2021-06-14,2.6825670536e-03,2.5315056545e-03,3.9011709610e-03,3.8996328738e-03
2021-06-15,2.3998015006e-03,2.3110011808e-03,2.3826367418e-03,2.3849187685e-03
2021-06-16,2.0049067800e-03,1.9487945799e-03,2.0312370717e-03,2.0296303605e-03
2021-06-17,1.9672631105e-03,1.9273368463e-03,2.5625895981e-03,2.5636817502e-03
2021-06-18,1.6830596998e-03,1.6521130560e-03,1.3207651107e-03,1.3197733757e-03
2021-06-19,2.0400718825e-03,1.9911355875e-03,1.4728900081e-03,1.4719806416e-03
2021-06-20,1.8972106184e-03,1.8848540870e-03,1.3915625496e-03,1.3913124107e-03
2021-06-21,1.9804555082e-03,2.0039794353e-03,1.8217924555e-03,1.8225613794e-03
2021-06-22,4.5330266996e-03,4.6391719685e-03,6.2093004533e-03,6.2500700185e-03
2021-06-23,5.2376683854e-03,5.4815570093e-03,5.0862929252e-03,5.0385251417e-03
2021-06-24,3.9331367025e-03,4.2056152109e-03,4.7838467171e-03,4.8040900655e-03
2021-06-25,2.9897060686e-03,3.2383082579e-03,2.9316885411e-03,2.9396557855e-03
2021-06-26,4.0037386681e-03,4.2747398343e-03,3.7841415108e-03,3.8080545241e-03
2021-06-27,3.9972577397e-03,4.1591491012e-03,3.1220558334e-03,3.1047087016e-03
2021-06-28,3.0472024098e-03,3.1001514096e-03,4.1383777220e-03,4.1076273108e-03
2021-06-29,2.2052820198e-03,2.2300060071e-03,2.1086018632e-03,2.1051979712e-03
2021-06-30,2.3030338945e-03,2.3147091507e-03,2.8755891988e-03,2.9065893010e-03
2021-07-01,2.1406641880e-03,2.1254016277e-03,2.5296714923e-03,2.5478823830e-03
2021-07-02,2.2273232577e-03,2.1722892438e-03,2.0187444965e-03,2.0031641181e-03
2021-07-03,1.6692277986e-03,1.6296290515e-03,9.5405602380e-04,9.4727537299e-04
2021-07-04,1.2614590131e-03,1.2385100980e-03,1.1473888715e-03,1.1473888715e-03
2021-07-05,1.0279455353e-03,1.0034750643e-03,1.2179616015e-03,1.2192771540e-03
2021-07-06,1.5352374888e-03,1.4638021076e-03,1.6165562988e-03,1.6169606470e-03
2021-07-07,1.6489858898e-03,1.5528596180e-03,1.5446806413e-03,1.5449613151e-03
2021-07-08,1.1941868092e-03,1.1344294642e-03,1.2752150026e-03,1.2764562303e-03
2021-07-09,1.6534530881e-03,1.5774232115e-03,1.3320216320e-03,1.3328472453e-03
2021-07-10,1.2705342207e-03,1.2383385415e-03,8.3013899173e-04,8.3101210500e-04
2021-07-11,1.1032523942e-03,1.0731651129e-03,9.0186836094e-04,9.0598690638e-04
2021-07-12,9.2254909803e-04,8.8445166639e-04,1.0584217560e-03,1.0607748336e-03
2021-07-13,1.0375657848e-03,9.9012708364e-04,1.1059392211e-03,1.1088962787e-03
2021-07-14,9.8463980454e-04,9.4957712726e-04,1.0117025974e-03,1.0177347155e-03
2021-07-15,1.2372839896e-03,1.2450127181e-03,1.2139082091e-03,1.2146579514e-03
2021-07-16,1.2432705949e-03,1.2951268276e-03,1.1062270924e-03,1.1097367211e-03
2021-07-17,1.1727396016e-03,1.2517361463e-03,7.5356429687e-04,7.5520597212e-04
2021-07-18,9.7883295680e-04,1.0794187521e-03,8.5843000743e-04,8.6389672754e-04
2021-07-19,8.4968930721e-04,9.6773753832e-04,1.0729487686e-03,1.0750492322e-03
2021-07-20,8.7701438287e-04,9.9965346436e-04,1.0881149581e-03,1.0901314466e-03
2021-07-21,1.1414175414e-03,1.2881715412e-03,1.4773796558e-03,1.4790270671e-03
2021-07-22,1.4901137482e-03,1.6994973835e-03,2.2811857044e-03,2.2775186380e-03
2021-07-23,1.0836393219e-03,1.2719031193e-03,1.0015274412e-03,1.0032194745e-03
2021-07-24,9.2760770676e-04,1.1167252851e-03,8.1727961284e-04,8.1860168460e-04
2021-07-25,8.9149218130e-04,1.0813887227e-03,9.4888929072e-04,9.5580173204e-04
2021-07-26,9.8997878478e-04,1.1814840187e-03,1.3822652537e-03,1.3822652537e-03
2021-07-27,3.8266148370e-03,4.4443984781e-03,3.7660003023e-03,3.7350617749e-03
2021-07-28,2.3906177416e-03,2.8641858847e-03,3.5558032252e-03,3.5336870192e-03
2021-07-29,2.6592117291e-03,3.2032265566e-03,3.2728274614e-03,3.2721771478e-03
2021-07-30,1.6750575610e-03,2.0711945865e-03,1.7453108128e-03,1.7526701694e-03
2021-07-31,2.1188104853e-03,2.6007762650e-03,1.9412035482e-03,1.9358643667e-03
2021-08-01,1.3932247215e-03,1.6169067558e-03,1.4027379779e-03,1.4063633655e-03
2021-08-02,1.6081138469e-03,1.8097571594e-03,2.2202147767e-03,2.1649464280e-03
2021-08-03,1.3418116061e-03,1.4677884480e-03,1.4136931386e-03,1.4199876240e-03
2021-08-04,1.6975393271e-03,1.8476506508e-03,1.9766548540e-03,1.9821988113e-03
2021-08-05,1.2244422282e-03,1.3322138193e-03,1.7172686225e-03,1.7194269655e-03
2021-08-06,1.9159349283e-03,2.0735853751e-03,1.6387860208e-03,1.6375432610e-03
2021-08-07,1.9840780862e-03,2.1557883701e-03,1.3795532419e-03,1.3784628066e-03
2021-08-08,2.0405056862e-03,2.2311138365e-03,1.8622097320e-03,1.8549479524e-03
2021-08-09,1.8028856643e-03,1.9685875005e-03,2.1003567781e-03,2.0565335226e-03
2021-08-10,2.1997900881e-03,2.3965361461e-03,2.5794906232e-03,2.5718128630e-03
2021-08-11,1.5625126581e-03,1.7038288708e-03,1.9143105935e-03,1.9292716134e-03
2021-08-12,1.2688545608e-03,1.3722750686e-03,1.5440775960e-03,1.5543259806e-03
2021-08-13,1.4013665819e-03,1.4872475517e-03,1.3193419614e-03,1.3206531741e-03
2021-08-14,1.5075963428e-03,1.5810866869e-03,1.2436797918e-03,1.2337743169e-03
2021-08-15,1.3046603609e-03,1.3400539009e-03,1.0637147406e-03,1.0641043556e-03
2021-08-16,1.2322829485e-03,1.2615567937e-03,1.2729991278e-03,1.2429044007e-03
2021-08-17,1.2648421285e-03,1.2980168442e-03,1.2979111128e-03,1.2979111128e-03
2021-08-18,1.4068535887e-03,1.5065085402e-03,1.6711632650e-03,1.6711672672e-03
2021-08-19,1.3848046561e-03,1.4969240779e-03,1.4777324959e-03,1.4778425891e-03
2021-08-20,1.3454526876e-03,1.4794252942e-03,1.3774987459e-03,1.3772312302e-03
2021-08-21,1.1569886624e-03,1.2811213740e-03,9.5720512675e-04,9.5723403115e-04
2021-08-22,1.0943315320e-03,1.2178694081e-03,9.8793285207e-04,9.8783550790e-04
2021-08-23,8.7743233347e-04,9.7159415316e-04,1.1036058496e-03,1.1036431197e-03
2021-08-24,8.6369323735e-04,9.4364094205e-04,8.9869174826e-04,8.9891970247e-04
2021-08-25,9.9383690163e-04,1.0673030041e-03,1.2954930849e-03,1.2968971220e-03
2021-08-26,1.0224431517e-03,1.1052040688e-03,1.2679805196e-03,1.2697111466e-03
2021-08-27,1.2339063874e-03,1.3374208819e-03,1.2242253253e-03,1.2270089078e-03
2021-08-28,1.0827918398e-03,1.2077598383e-03,8.4371925462e-04,8.4460533818e-04
2021-08-29,6.9169552985e-04,7.9757085807e-04,6.9576438838e-04,6.9722824808e-04
2021-08-30,8.6738342867e-04,9.9563231012e-04,1.0529542669e-03,1.0557743279e-03
2021-08-31,8.9627104750e-04,1.0296744071e-03,1.1435191808e-03,1.1436106973e-03
2021-09-01,8.7818046463e-04,1.0074620998e-03,1.0071405545e-03,1.0106141022e-03
2021-09-02,8.5388446955e-04,9.7823685227e-04,1.1975104849e-03,1.1994887358e-03
2021-09-03,8.8308218154e-04,1.0255101364e-03,8.1946748562e-04,8.2285231241e-04
2021-09-04,1.0636536197e-03,1.2414463122e-03,7.1079660627e-04,7.1413218511e-04
2021-09-05,7.4903375600e-04,8.9268987397e-04,7.1618588319e-04,7.1853022233e-04
2021-09-06,7.2078255447e-04,8.5838763754e-04,1.1032449154e-03,1.1088232518e-03
2021-09-07,5.8933649708e-04,7.0351874901e-04,7.6159731189e-04,7.6325160911e-04
2021-09-08,7.4069968298e-03,8.2261031472e-03,1.0603137407e-02,1.0603137407e-02
2021-09-09,2.7742444623e-03,3.4250363781e-03,3.9551590056e-03,3.9595630001e-03
2021-09-10,2.1085261320e-03,2.6896263798e-03,2.4351556433e-03,2.4416167708e-03
2021-09-11,2.0421425417e-03,2.6204478519e-03,2.0364346283e-03,2.0570868872e-03
2021-09-12,1.4614319420e-03,1.9482186774e-03,1.9616832759e-03,1.9941755249e-03
2021-09-13,1.1980999015e-03,1.2818188246e-03,1.4195950361e-03,1.4146971225e-03
2021-09-14,2.3092664469e-03,2.3375618572e-03,2.1687660291e-03,2.1555304172e-03
2021-09-15,1.2809793218e-03,1.3625695407e-03,1.7829841652e-03,1.7866779969e-03
2021-09-16,8.9543780837e-04,9.7235907697e-04,1.2930964532e-03,1.3034142764e-03
2021-09-17,1.1451139056e-03,1.2211027662e-03,1.0254512536e-03,1.0285110023e-03
2021-09-18,1.0194580509e-03,1.0960001177e-03,6.9532290732e-04,6.9962088780e-04
2021-09-19,7.8249852054e-04,7.8320439506e-04,6.7056615944e-04,6.6575828851e-04
2021-09-20,7.6780569665e-04,7.5296876075e-04,8.6548671603e-04,8.5182027638e-04
2021-09-21,2.2116481947e-03,2.1652140116e-03,2.8891655433e-03,2.8694095512e-03
2021-09-22,3.6404524240e-03,3.6800861287e-03,3.7814960536e-03,3.7773689744e-03
2021-09-23,2.3009184931e-03,2.4577093911e-03,3.4016107557e-03,3.4516845855e-03
2021-09-24,1.8563520416e-03,2.0359877583e-03,1.8995125538e-03,1.9376736782e-03
2021-09-25,2.7427928971e-03,2.9423988513e-03,1.9715343891e-03,1.9969657718e-03
2021-09-26,1.9495115379e-03,2.1115633955e-03,1.6263601422e-03,1.6473074758e-03
2021-09-27,2.2138866931e-03,2.2317136222e-03,2.1669765776e-03,2.1075151571e-03
2021-09-28,1.7566439918e-03,1.7809570693e-03,1.9986165384e-03,1.9960589571e-03
2021-09-29,1.9157791493e-03,1.9283434686e-03,2.1226759868e-03,2.1466044829e-03
2021-09-30,1.5052033946e-03,1.6620852040e-03,1.7816249051e-03,1.7816249051e-03
2021-10-01,1.5132234402e-03,1.6772412507e-03,1.6599625214e-03,1.6600043517e-03
2021-10-02,2.0278947867e-03,2.1792176300e-03,1.7265556025e-03,1.7237667820e-03
2021-10-03,9.8351663689e-04,1.1129066447e-03,9.8576207361e-04,9.8503645921e-04
2021-10-04,1.0938936975e-03,1.1992437759e-03,1.3543615078e-03,1.3544197490e-03
2021-10-05,1.5296489324e-03,1.6301729611e-03,1.6927095023e-03,1.6925851687e-03
2021-10-06,1.1527243281e-03,1.2654925991e-03,1.6122251510e-03,1.6144722611e-03
2021-10-07,1.8716532325e-03,1.9506714579e-03,2.4503430749e-03,2.4597212200e-03
2021-10-08,1.4357521638e-03,1.5503637463e-03,1.3423583806e-03,1.3385526940e-03
2021-10-09,1.2735046964e-03,1.3950122911e-03,7.9659193461e-04,7.9872757509e-04
2021-10-10,9.7209055370e-04,1.0683467876e-03,9.4857758450e-04,9.5001096206e-04
2021-10-11,1.2988354569e-03,1.3929131967e-03,1.4260364069e-03,1.4258807184e-03
2021-10-12,1.1345820644e-03,1.1785505529e-03,1.4962557593e-03,1.5033058112e-03
2021-10-13,1.1815630968e-03,1.2323682696e-03,1.3430828295e-03,1.3393223874e-03
2021-10-14,1.3603506036e-03,1.4706813645e-03,1.5452456705e-03,1.5544313591e-03
2021-10-15,1.1782519647e-03,1.3174449914e-03,9.8671852615e-04,9.8647501682e-04
2021-10-16,1.5038983189e-03,1.6654088987e-03,1.2137073755e-03,1.2262547402e-03
2021-10-17,1.0443977609e-03,1.2082697431e-03,9.9203968162e-04,9.9194977241e-04
2021-10-18,1.1326571944e-03,1.3010379149e-03,1.3811916913e-03,1.3842011171e-03
2021-10-19,1.2745137429e-03,1.4530209088e-03,1.4220201198e-03,1.4278461571e-03
2021-10-20,1.1526942620e-03,1.3302729529e-03,1.5600692389e-03,1.5591253095e-03
2021-10-21,1.1105286821e-03,1.2702054909e-03,1.4365275474e-03,1.4478318456e-03
2021-10-22,2.1295781154e-03,2.4015733672e-03,2.1169284610e-03,2.1169284610e-03
2021-10-23,1.4455682338e-03,1.7007174528e-03,1.0431905662e-03,1.0436058253e-03
2021-10-24,1.0866436658e-03,1.3171593828e-03,1.0862975750e-03,1.0860822854e-03
2021-10-25,1.0190835875e-03,1.2318545143e-03,1.3998012037e-03,1.4001150368e-03
2021-10-26,9.4574079999e-04,1.1414108786e-03,1.5139008031e-03,1.5133418461e-03
2021-10-27,1.0047889329e-03,1.1356031735e-03,1.4052299772e-03,1.4055680998e-03
2021-10-28,1.4812754568e-03,1.6341099403e-03,1.7240798964e-03,1.7234412349e-03
2021-10-29,2.6843026175e-03,3.0199884167e-03,2.1732719853e-03,2.1713800400e-03
2021-10-30,1.4916361555e-03,1.7818603054e-03,1.1310915658e-03,1.1353801475e-03
2021-10-31,1.0704852306e-03,1.3196062209e-03,1.1514097716e-03,1.1573249821e-03
2021-11-01,1.0821828585e-03,1.3257153475e-03,1.5917803155e-03,1.6028096257e-03
2021-11-02,1.3235717144e-03,1.5702684185e-03,1.6544169313e-03,1.6639998933e-03
2021-11-03,1.0716430375e-03,1.1848224598e-03,1.3759972386e-03,1.3732525126e-03
2021-11-04,1.0657526681e-03,1.1687669928e-03,1.1868637331e-03,1.1755107356e-03
2021-11-05,9.1013013879e-04,1.0201865083e-03,9.1317780507e-04,9.1637559912e-04
2021-11-06,8.7121638490e-04,9.8302453846e-04,5.8240976321e-04,5.8472086524e-04
2021-11-07,7.4032048027e-04,8.3779518829e-04,6.8412990777e-04,6.8690382791e-04
2021-11-08,6.6982179541e-04,7.5008828782e-04,9.3651392923e-04,9.4038339705e-04
2021-11-09,9.4674051010e-04,1.0277585883e-03,1.3254715393e-03,1.3287543612e-03
2021-11-10,9.2230173347e-04,1.0139886327e-03,1.0013201668e-03,9.9930971981e-04
2021-11-11,2.2120485248e-03,2.4350221941e-03,2.3550239845e-03,2.3221149171e-03
2021-11-12,1.1190477836e-03,1.3130088206e-03,1.0578945627e-03,1.0669892712e-03
2021-11-13,1.3010302287e-03,1.5554822572e-03,9.0187100590e-04,9.0187100590e-04
2021-11-14,8.9468898338e-04,1.1011302458e-03,9.4023943381e-04,9.4051109930e-04
2021-11-15,8.9259687773e-04,1.0930808105e-03,1.3584264021e-03,1.3593144075e-03
2021-11-16,7.8416330879e-04,8.8757279260e-04,1.0695689565e-03,1.0696358444e-03
2021-11-17,1.7634839229e-03,1.9490422892e-03,2.2222551639e-03,2.2176054757e-03
2021-11-18,1.5700823088e-03,1.7678654709e-03,1.6506559032e-03,1.6513230854e-03
2021-11-19,1.8402692699e-03,2.1127859029e-03,1.9944816769e-03,1.9935767621e-03
2021-11-20,1.3265369870e-03,1.6288780333e-03,1.0022878487e-03,1.0059453803e-03
2021-11-21,1.1890338474e-03,1.4846581144e-03,1.3348982853e-03,1.3403917647e-03
2021-11-22,9.9901229954e-04,1.2198671661e-03,1.4637055373e-03,1.4703451084e-03
2021-11-23,1.6823881520e-03,1.9532034426e-03,2.1794968847e-03,2.1656109920e-03
2021-11-24,1.5673232941e-03,1.8007107573e-03,1.8228915541e-03,1.8262451659e-03
2021-11-25,1.1477564050e-03,1.3469944980e-03,1.4652358425e-03,1.4645218512e-03
2021-11-26,9.5491594015e-04,1.1348907653e-03,1.0997095051e-03,1.1038411863e-03
2021-11-27,1.6236979907e-03,1.8750633355e-03,1.5863567865e-03,1.5921331518e-03
2021-11-28,1.1482771298e-03,1.3285390713e-03,1.0693486563e-03,1.0747973287e-03
2021-11-29,1.3229395979e-03,1.4859143920e-03,1.7571035472e-03,1.7588792017e-03
2021-11-30,1.0702388915e-03,1.2160383690e-03,1.2887579899e-03,1.2807393524e-03
2021-12-01,1.5837264288e-03,1.7770367781e-03,1.7513039653e-03,1.7595423316e-03
2021-12-02,1.3459424437e-03,1.5073951230e-03,1.5061947960e-03,1.5088077173e-03
2021-12-03,1.3380773956e-03,1.5396454338e-03,1.2122785470e-03,1.2128966657e-03
2021-12-04,1.6003102066e-03,1.8177920463e-03,1.2126627292e-03,1.2224256484e-03
2021-12-05,4.0376774319e-03,4.4888141262e-03,4.0681412048e-03,4.0681412048e-03
2021-12-06,2.1157948484e-03,2.4571814560e-03,2.4630030637e-03,2.4634663970e-03
2021-12-07,2.8078208159e-03,3.1928472277e-03,3.1989843085e-03,3.1972715986e-03
2021-12-08,1.7105995702e-03,2.0135658610e-03,2.2598232077e-03,2.2583521039e-03
2021-12-09,2.0003243898e-03,2.3331054733e-03,2.5063833229e-03,2.5103577914e-03
2021-12-10,1.6327404789e-03,1.7998634621e-03,1.9271981504e-03,1.9296028181e-03
2021-12-11,2.1677793542e-03,2.3541596785e-03,1.2315985288e-03,1.2339160361e-03
2021-12-12,1.6386669998e-03,1.7670053717e-03,1.5486979712e-03,1.5522522085e-03
2021-12-13,1.0416590370e-03,1.1545061450e-03,1.3948498503e-03,1.3929003164e-03
2021-12-14,1.7158986691e-03,1.8246042785e-03,2.5266707032e-03,2.5359713743e-03
2021-12-15,1.7847816130e-03,1.9080250941e-03,2.0923248342e-03,2.0972051822e-03
2021-12-16,1.8053225251e-03,1.9079457406e-03,1.8643699868e-03,1.8700394122e-03
2021-12-17,1.2076832843e-03,1.3004414537e-03,1.2077524278e-03,1.2055402749e-03
2021-12-18,1.7063878524e-03,1.8143419417e-03,1.1519032912e-03,1.1511931700e-03
2021-12-19,1.1651391186e-03,1.2612161733e-03,1.0460831951e-03,1.0515691743e-03
2021-12-20,1.3176971326e-03,1.3910759188e-03,1.3946160247e-03,1.3924296448e-03
2021-12-21,1.2107996389e-03,1.2608319322e-03,1.2544774134e-03,1.2610166034e-03
2021-12-22,1.0776776405e-03,1.1304617766e-03,1.4250388922e-03,1.4252413618e-03
2021-12-23,8.3423666207e-04,8.6977296102e-04,9.8909046286e-04,9.9242412789e-04
2021-12-24,9.5315510351e-04,9.8481027649e-04,9.6037622324e-04,9.5687785766e-04
2021-12-25,9.0569977462e-04,9.2930284572e-04,5.2381818675e-04,5.2384997602e-04
2021-12-26,6.6172746506e-04,6.8414623239e-04,5.6740142587e-04,5.7021560127e-04
2021-12-27,7.4967529473e-04,8.0224044464e-04,8.3379850923e-04,8.3379850923e-04
2021-12-28,6.9714201043e-04,7.5824656644e-04,7.7763634396e-04,7.7799680186e-04
2021-12-29,1.1276416376e-03,1.2355590706e-03,1.5810908754e-03,1.5819012839e-03
2021-12-30,1.0951391200e-03,1.2225209655e-03,1.3121507465e-03,1.3128260080e-03
2021-12-31,9.1890676588e-04,1.0600966137e-03,8.7724446142e-04,8.7698199176e-04
2022-01-01,1.1325319128e-03,1.3099267559e-03,7.7822308039e-04,7.7867326763e-04
2022-01-02,9.5728420201e-04,1.1491097595e-03,9.9985772260e-04,9.9982019410e-04
2022-01-03,8.0012692929e-04,9.6197723230e-04,1.0698719722e-03,1.0722256813e-03
2022-01-04,7.8753132680e-04,9.3038779612e-04,1.0588054798e-03,1.0554889120e-03
2022-01-05,9.4174958431e-04,1.1125837389e-03,1.1515326199e-03,1.1540137778e-03
2022-01-06,1.4125316932e-03,1.6576695637e-03,1.9747006368e-03,1.9829771108e-03
2022-01-07,9.8666228965e-04,1.2081660822e-03,9.6704505184e-04,9.6591243327e-04
2022-01-08,1.6549314837e-03,1.9950921536e-03,1.1903284313e-03,1.1922737168e-03
2022-01-09,1.1754700634e-03,1.4774270818e-03,1.0903781532e-03,1.0912305379e-03
2022-01-10,1.0136805241e-03,1.2852393435e-03,1.3939109713e-03,1.3985710315e-03
2022-01-11,1.7269048848e-03,2.0870184023e-03,1.8176139092e-03,1.8098708941e-03
2022-01-12,1.1981679407e-03,1.4929390329e-03,1.6874589886e-03,1.6827652666e-03
2022-01-13,9.3493784873e-04,1.1502068267e-03,1.4261479327e-03,1.4323290258e-03
2022-01-14,1.0607583907e-03,1.2828353292e-03,1.1969852523e-03,1.1898268912e-03
2022-01-15,1.0031385852e-03,1.2183405599e-03,7.4519702012e-04,7.4579558899e-04
2022-01-16,6.4712638741e-04,7.7119411390e-04,6.2387805736e-04,6.2588138761e-04
2022-01-17,6.2024062415e-04,7.2356416106e-04,7.8909178277e-04,7.9000538007e-04
2022-01-18,7.7721019616e-04,8.8919695083e-04,9.8608751600e-04,9.8608751600e-04
2022-01-19,7.8971647786e-04,8.9222988960e-04,8.7719959190e-04,8.7735618711e-04
2022-01-20,8.6616709104e-04,9.7884551190e-04,1.0275754165e-03,1.0278399460e-03
2022-01-21,9.5644709777e-04,1.1003581017e-03,9.1705849176e-04,9.1742198362e-04
2022-01-22,2.6594149052e-03,3.0499690682e-03,2.4895818859e-03,2.4736971889e-03
2022-01-23,3.1183303319e-03,3.6220911596e-03,2.6473405248e-03,2.6176987718e-03
2022-01-24,1.9639183476e-03,2.3689195428e-03,2.7625853715e-03,2.7724558217e-03
2022-01-25,3.2875210660e-03,3.8294385240e-03,3.4397961723e-03,3.4429921473e-03
2022-01-26,2.2677539610e-03,2.7126455441e-03,2.8382683813e-03,2.8556916369e-03
2022-01-27,2.9383399665e-03,3.3497731906e-03,3.1207272754e-03,3.1263795554e-03
2022-01-28,2.2838988018e-03,2.5809294429e-03,2.0244462566e-03,1.9901845944e-03
2022-01-29,1.8689644904e-03,2.1301728895e-03,1.3196545995e-03,1.3205656002e-03
2022-01-30,1.3741608629e-03,1.5499215627e-03,1.2757418063e-03,1.2839592772e-03
2022-01-31,1.0675124815e-03,1.2069806767e-03,1.4573276383e-03,1.4611448737e-03
2022-02-01,1.2669001005e-03,1.3505242837e-03,1.4292685856e-03,1.4408125343e-03
2022-02-02,1.2155079700e-03,1.2734251406e-03,1.2521949917e-03,1.2522207447e-03
2022-02-03,1.0698140471e-03,1.1138844145e-03,1.4747997994e-03,1.4691818671e-03
2022-02-04,1.2233240167e-03,1.2656202440e-03,9.9129541926e-04,9.7204413491e-04
2022-02-05,1.6281551387e-03,1.6919479725e-03,1.4508757099e-03,1.4447855900e-03
2022-02-06,1.0424167538e-03,1.1123413514e-03,8.6296902123e-04,8.6690375207e-04
2022-02-07,1.0296368426e-03,1.0881734189e-03,1.2751508114e-03,1.2765184302e-03
2022-02-08,1.2286355496e-03,1.2818609310e-03,1.4590844406e-03,1.4728212728e-03
2022-02-09,1.5212029620e-03,1.5698576687e-03,1.4585399622e-03,1.4585399622e-03
2022-02-10,1.2070542168e-03,1.2403638456e-03,1.2628526185e-03,1.2631856413e-03
2022-02-11,1.9144965113e-03,1.9574153777e-03,1.5024651451e-03,1.5026076842e-03
2022-02-12,1.8185560597e-03,1.8971024309e-03,1.1348770880e-03,1.1346652525e-03
2022-02-13,1.1974705618e-03,1.3146864965e-03,1.0294192865e-03,1.0293306967e-03
2022-02-14,9.0777037210e-04,1.0272249612e-03,1.1995002252e-03,1.1997193369e-03
2022-02-15,9.7157938851e-04,1.0929544829e-03,1.2437349523e-03,1.2445388503e-03
2022-02-16,8.5314123551e-04,9.5448632249e-04,1.2555365930e-03,1.2576173710e-03
2022-02-17,6.8281531910e-04,7.4637001898e-04,8.7077176994e-04,8.6805182044e-04
2022-02-18,1.0539272836e-03,1.1564205967e-03,1.3260712396e-03,1.3223405103e-03
2022-02-19,1.2009889136e-03,1.3562308434e-03,7.3839843114e-04,7.3819202901e-04
2022-02-20,6.7467065654e-04,7.9778727140e-04,6.4630832084e-04,6.4831664220e-04
2022-02-21,8.9361588390e-04,1.0416265629e-03,1.3525908201e-03,1.3551535192e-03
2022-02-22,1.9756288611e-03,2.2629995962e-03,2.2813715305e-03,2.2830202690e-03
2022-02-23,1.6300688870e-03,1.9027638372e-03,2.0158988575e-03,2.0270745832e-03
2022-02-24,1.2858276180e-03,1.5197648459e-03,1.7990961100e-03,1.7898310658e-03
2022-02-25,3.3442034818e-03,3.8181932157e-03,2.7234049237e-03,2.7303377307e-03
2022-02-26,2.0555500270e-03,2.4487694071e-03,1.4916509880e-03,1.4992664893e-03
2022-02-27,1.3878488173e-03,1.6766712550e-03,1.3409293975e-03,1.3440984924e-03
2022-02-28,1.9971359000e-03,2.3282858109e-03,2.7889070268e-03,2.7736143833e-03
2022-03-01,2.9876987428e-03,3.4023368394e-03,5.6005362961e-03,5.6502399818e-03
2022-03-02,1.7405260238e-03,1.9616717596e-03,2.1940558424e-03,2.2166550522e-03
2022-03-03,1.8420327577e-03,2.0592022244e-03,2.1854391156e-03,2.1854391156e-03
2022-03-04,1.5300897150e-03,1.7377501910e-03,1.7476491596e-03,1.7482995184e-03
2022-03-05,2.0040124255e-03,2.2361105488e-03,1.9037692086e-03,1.9034103642e-03
2022-03-06,9.6261427297e-04,1.0837641407e-03,9.1321961202e-04,9.1311503219e-04
2022-03-07,1.3583285893e-03,1.4772998737e-03,1.6916720530e-03,1.6929124204e-03
2022-03-08,1.7555444160e-03,1.8654584300e-03,1.7466006832e-03,1.7455726163e-03
2022-03-09,1.6291605687e-03,1.7445684707e-03,1.7694625884e-03,1.7682489680e-03
2022-03-10,1.5693348675e-03,1.6591894125e-03,2.3414812306e-03,2.3447414903e-03
2022-03-11,2.1589889316e-03,2.2802588498e-03,2.3010063311e-03,2.3048588324e-03
2022-03-12,1.8247863972e-03,1.9604590418e-03,1.1539311059e-03,1.1586894267e-03
2022-03-13,8.5142342066e-04,9.4904750726e-04,8.5342635554e-04,8.5197070732e-04
2022-03-14,1.1516156524e-03,1.2335683968e-03,1.5581248353e-03,1.5591542176e-03
2022-03-15,1.5101387388e-03,1.5762068973e-03,1.8645175207e-03,1.8619304468e-03
2022-03-16,1.0831297970e-03,1.1267781315e-03,1.1930803814e-03,1.1939027728e-03
2022-03-17,2.6603453969e-03,2.7073146228e-03,2.7060523938e-03,2.7136425894e-03
2022-03-18,1.0717967952e-03,1.1705506997e-03,1.0828312073e-03,1.0801692101e-03
2022-03-19,1.0977173314e-03,1.2326134676e-03,8.3618919790e-04,8.4061454451e-04
2022-03-20,7.3255006055e-04,8.3920651546e-04,8.0013538529e-04,7.9928285600e-04
2022-03-21,8.2004223742e-04,9.2752693344e-04,1.2663509392e-03,1.2683379232e-03
2022-03-22,8.4764405056e-04,8.6455956935e-04,8.3436989771e-04,8.3343583376e-04
2022-03-23,1.1049096926e-03,1.1604709902e-03,1.2092934747e-03,1.1918035030e-03
2022-03-24,7.8878787088e-04,8.5130318543e-04,9.3779444326e-04,9.4179777518e-04
2022-03-25,7.9647603770e-04,8.7620849874e-04,8.0316958570e-04,8.0316958570e-04
2022-03-26,7.1563224198e-04,7.9910644869e-04,4.9168613576e-04,4.9180109815e-04
2022-03-27,4.8866045498e-04,5.5801426044e-04,4.9269714569e-04,4.9316863784e-04
2022-03-28,1.1315205115e-03,1.2190565263e-03,1.3557806187e-03,1.3586173166e-03
2022-03-29,8.6315095115e-04,9.5618613049e-04,9.4546988279e-04,9.4626948730e-04
2022-03-30,7.1551413122e-04,8.1152090237e-04,8.7507238380e-04,8.7450419237e-04
2022-03-31,6.8546811672e-04,7.8853223205e-04,8.9894452471e-04,8.9774216507e-04
2022-04-01,8.5376721328e-04,9.9246073159e-04,9.6069000114e-04,9.6234465881e-04
2022-04-02,8.7055524557e-04,1.0098362334e-03,5.7482925507e-04,5.7754525098e-04
2022-04-03,8.2972107901e-04,9.7713713676e-04,7.3052373388e-04,7.2641327807e-04
2022-04-04,8.3016215178e-04,9.8160446766e-04,1.0330124976e-03,1.0373752384e-03
2022-04-05,7.2356915321e-04,8.6810766571e-04,9.0544798690e-04,9.0757085692e-04
2022-04-06,7.1051055959e-04,8.5646669066e-04,1.0239759047e-03,1.0251581378e-03
2022-04-07,1.0463147754e-03,1.2368223185e-03,1.5861774998e-03,1.5874710490e-03
2022-04-08,8.0048402293e-04,1.0113947590e-03,8.1899183420e-04,8.2299659855e-04
2022-04-09,8.6672792630e-04,1.0883148841e-03,6.9272543362e-04,6.9457663323e-04
2022-04-10,5.0032338599e-04,6.5094968430e-04,5.9505481891e-04,5.8945282754e-04
2022-04-11,5.7970786841e-04,7.4049390237e-04,8.9705574537e-04,9.0148120507e-04
2022-04-12,1.0473820488e-03,1.2725647326e-03,1.6276618979e-03,1.6392014556e-03
2022-04-13,8.7632486298e-04,1.0811278602e-03,1.1086348403e-03,1.1134597922e-03
2022-04-14,9.0426738432e-04,1.1202766095e-03,1.2393091192e-03,1.2467163223e-03
2022-04-15,7.1381500371e-04,9.0799989398e-04,9.1488797903e-04,9.1800669848e-04
2022-04-16,7.2204407291e-04,9.2256501674e-04,5.8586627510e-04,5.8586627510e-04
2022-04-17,4.5017701315e-04,5.7372392372e-04,5.1332611293e-04,5.1367824719e-04
2022-04-18,5.0807755463e-04,6.2483539057e-04,7.6510801310e-04,7.6554572647e-04
2022-04-19,8.9245901637e-04,1.0683051462e-03,1.0573384892e-03,1.0567913153e-03
2022-04-20,5.3533814724e-04,6.6276617761e-04,7.7008707159e-04,7.7062205742e-04
2022-04-21,6.1309432249e-04,7.5077045217e-04,7.9259744833e-04,7.9336539036e-04
2022-04-22,9.1788251765e-04,1.1225204323e-03,9.2888779688e-04,9.2950372844e-04
2022-04-23,8.8685694873e-04,1.1053466760e-03,6.6254795653e-04,6.6497954821e-04
2022-04-24,4.6214084200e-04,5.8896945129e-04,5.2628575672e-04,5.2767114733e-04
2022-04-25,5.8313139849e-04,7.3566306288e-04,8.0120250587e-04,8.0100959799e-04
2022-04-26,1.1941505153e-03,1.4720461520e-03,1.4078794835e-03,1.4137217902e-03
2022-04-27,1.1007360795e-03,1.3593764751e-03,1.7762505047e-03,1.7805901303e-03
2022-04-28,9.5860979396e-04,1.1907719255e-03,1.3637392233e-03,1.3640663727e-03
2022-04-29,1.1534231952e-03,1.4493560196e-03,1.1528719624e-03,1.1553487231e-03
2022-04-30,9.4290596783e-04,1.2110033084e-03,8.2880437435e-04,8.3526786790e-04
2022-05-01,6.7963038065e-04,8.7212944051e-04,8.2739068281e-04,8.3183634961e-04
2022-05-02,7.6570262752e-04,9.4965895542e-04,1.1073461581e-03,1.1024542542e-03
2022-05-03,8.5253641021e-04,1.0385050107e-03,1.0057372265e-03,1.0108654996e-03
2022-05-04,6.0384194641e-04,7.3972007731e-04,8.9160413086e-04,8.9729545558e-04
2022-05-05,7.4580644887e-04,8.9942973500e-04,1.1430488787e-03,1.1440382573e-03
2022-05-06,1.3731349231e-03,1.6526007830e-03,1.8101721595e-03,1.8212332545e-03
2022-05-07,1.0953142811e-03,1.3474600043e-03,7.7100205243e-04,7.8066070051e-04
2022-05-08,7.7509850533e-04,9.7133112704e-04,8.3396864971e-04,8.3396864971e-04
2022-05-09,1.1519432327e-03,1.4122825702e-03,1.7553964799e-03,1.7550456365e-03
2022-05-10,2.7444498980e-03,3.2478013133e-03,5.2597275428e-03,5.2148961149e-03
2022-05-11,2.8220491318e-03,3.3255676221e-03,3.1716985000e-03,3.1674722002e-03
2022-05-12,5.4786988361e-03,6.1912953825e-03,6.9745974263e-03,6.8890770686e-03
2022-05-13,6.4095512917e-03,7.1216956879e-03,4.4885337788e-03,4.4062040222e-03
2022-05-14,3.7036379374e-03,4.2663583559e-03,2.4314848165e-03,2.4195784997e-03
2022-05-15,2.4341125431e-03,2.8412944629e-03,2.6981684884e-03,2.7003850333e-03
2022-05-16,2.4529496336e-03,2.8075366702e-03,3.9151313497e-03,3.9034594940e-03
2022-05-17,2.5017944438e-03,2.6997525605e-03,3.5513157072e-03,3.5721249823e-03
2022-05-18,1.7290696525e-03,1.7472624560e-03,1.9153797835e-03,1.9015834724e-03
2022-05-19,1.6300553801e-03,1.6070158755e-03,2.2639125913e-03,2.2683699397e-03
2022-05-20,1.6438020407e-03,1.6161759767e-03,1.5899384803e-03,1.5972414824e-03
2022-05-21,1.5412838213e-03,1.5148475136e-03,1.0156947635e-03,1.0222842505e-03
2022-05-22,9.5733881519e-04,9.4540256249e-04,8.0044874308e-04,8.0860253235e-04
2022-05-23,1.0898250328e-03,1.0501414539e-03,1.2761161050e-03,1.2761457476e-03
2022-05-24,1.2581741934e-03,1.1883405455e-03,1.4114148907e-03,1.4243597778e-03
2022-05-25,1.0653329821e-03,9.9983461918e-04,1.0978141398e-03,1.0941548178e-03
2022-05-26,1.0429084563e-03,9.6475802526e-04,9.9484217168e-04,9.9995586565e-04
2022-05-27,1.6118752406e-03,1.4946678943e-03,1.1120481144e-03,1.1089276361e-03
2022-05-28,1.4966883202e-03,1.4193069974e-03,8.1392967885e-04,8.1799829264e-04
2022-05-29,8.3399512153e-04,8.1280265579e-04,7.1980542670e-04,7.3026570365e-04
2022-05-30,7.0223168753e-04,6.8480608109e-04,8.9702321311e-04,8.9702321311e-04
2022-05-31,1.5343612698e-03,1.4455384464e-03,1.8141941035e-03,1.8122381167e-03
2022-06-01,1.1847653173e-03,1.1331709165e-03,1.1127081408e-03,1.1124386646e-03
2022-06-02,1.3146779021e-03,1.2626234429e-03,1.7557024366e-03,1.7550127173e-03
2022-06-03,1.1860692993e-03,1.2309181892e-03,1.0425875264e-03,1.0427006869e-03
2022-06-04,9.2284691982e-04,1.0599072969e-03,7.1157627048e-04,7.1092162368e-04
2022-06-05,5.5710219942e-04,6.5798170928e-04,5.9033175335e-04,5.8993132959e-04
2022-06-06,5.8799158184e-04,6.8442431243e-04,8.0387004553e-04,8.0179284575e-04
2022-06-07,8.2593960129e-04,9.2896195481e-04,1.0810329474e-03,1.0842069654e-03
2022-06-08,2.1209803873e-03,2.3980139926e-03,1.9665647530e-03,1.9637375900e-03
2022-06-09,1.4966826245e-03,1.7581436566e-03,1.9960570088e-03,2.0038430173e-03
2022-06-10,9.5069734301e-04,1.1652695741e-03,1.0413380017e-03,1.0448754433e-03
2022-06-11,1.4870068929e-03,1.7999937043e-03,1.1585052797e-03,1.1653679759e-03
2022-06-12,1.1623064400e-03,1.4359380027e-03,1.2679503685e-03,1.2738302920e-03
2022-06-13,1.6648107344e-03,1.9232960685e-03,2.5764160980e-03,2.5813466346e-03
2022-06-14,3.8851692572e-03,4.3721098310e-03,8.6671562076e-03,8.5111145506e-03
2022-06-15,4.6635818470e-03,5.2378849856e-03,4.5415969118e-03,4.5453732635e-03
2022-06-16,5.9845205205e-03,6.5802233712e-03,5.8721042471e-03,5.8591836697e-03
2022-06-17,3.7244981081e-03,4.2042832684e-03,5.8845967992e-03,5.8813494990e-03
2022-06-18,3.0063315342e-03,3.4286536578e-03,2.0042736026e-03,2.0231248096e-03
2022-06-19,5.4781433425e-03,5.8713375253e-03,5.6089886429e-03,5.5858367876e-03
2022-06-20,5.2927898323e-03,5.5219126268e-03,7.1764929617e-03,7.0510416171e-03
2022-06-21,3.5888721552e-03,3.6794119767e-03,3.4083572935e-03,3.4083572935e-03
2022-06-22,2.9933410933e-03,3.0760979269e-03,3.2323479441e-03,3.2356243592e-03
2022-06-23,3.0575118413e-03,3.1262118900e-03,3.9542144281e-03,3.9587165509e-03
2022-06-24,2.3868564806e-03,2.3870826539e-03,2.4891876542e-03,2.4921895205e-03
2022-06-25,1.9029152776e-03,1.8373338110e-03,1.0598657878e-03,1.0614593279e-03
2022-06-26,1.3403253710e-03,1.2798147750e-03,1.0764265462e-03,1.0781859765e-03
2022-06-27,1.3042202254e-03,1.2156963668e-03,1.5013774984e-03,1.5032434230e-03
2022-06-28,1.2993015034e-03,1.1739608257e-03,1.2435983168e-03,1.2480531007e-03
2022-06-29,1.1065064104e-03,9.8587655243e-04,1.1493537870e-03,1.1535637768e-03
2022-06-30,1.2079306359e-03,1.0678786679e-03,1.0895049359e-03,1.0948758969e-03
2022-07-01,2.1373044472e-03,1.9043196957e-03,1.3137051981e-03,1.3111802963e-03
2022-07-02,2.9231582475e-03,2.6599589113e-03,1.4577403603e-03,1.4446171243e-03
2022-07-03,1.1299815894e-03,1.0835580205e-03,9.2719247547e-04,9.3195962686e-04
2022-07-04,1.7292878837e-03,1.6277933113e-03,1.7171759092e-03,1.7158559236e-03
2022-07-05,1.5682779586e-03,1.4901178958e-03,1.8863054140e-03,1.9014335444e-03
2022-07-06,1.8161658181e-03,1.7236744996e-03,1.6930484375e-03,1.6931896446e-03
2022-07-07,1.6240080741e-03,1.5283551491e-03,1.5719863293e-03,1.5615810281e-03
2022-07-08,1.3152529191e-03,1.3125570317e-03,1.3128157229e-03,1.3070963809e-03
2022-07-09,2.2562143496e-03,2.2487405302e-03,1.0616627080e-03,1.0597661880e-03
2022-07-10,1.2953781820e-03,1.3360704643e-03,1.0228871811e-03,1.0232761659e-03
2022-07-11,1.2014344548e-03,1.2737861427e-03,1.6778836353e-03,1.6880831766e-03
2022-07-12,1.1504365409e-03,1.2532649597e-03,1.6244400749e-03,1.6393697620e-03
2022-07-13,1.1768370233e-03,1.3006669584e-03,1.6028504229e-03,1.6028504229e-03
2022-07-14,2.1922629592e-03,2.3500969053e-03,2.4269081242e-03,2.4302376463e-03
2022-07-15,1.4543031505e-03,1.6182342683e-03,1.3508140614e-03,1.3520091141e-03
2022-07-16,1.3740605282e-03,1.5475534792e-03,8.9287390395e-04,8.9303878835e-04
2022-07-17,1.2939917454e-03,1.4690066868e-03,1.1857700113e-03,1.1863508179e-03
2022-07-18,1.2826578583e-03,1.4555038813e-03,1.7212629107e-03,1.7203610076e-03
2022-07-19,1.9636774991e-03,2.1261473842e-03,2.5172172861e-03,2.5255583878e-03
2022-07-20,2.3202261999e-03,2.5169324051e-03,2.6366804946e-03,2.6304233086e-03
2022-07-21,2.2214629703e-03,2.4278507585e-03,2.3303687418e-03,2.3372964281e-03
2022-07-22,1.8536678744e-03,2.0517232753e-03,1.6258588347e-03,1.6288316362e-03
2022-07-23,1.7229523710e-03,1.9358779875e-03,1.2097373143e-03,1.2083759232e-03
2022-07-24,1.3471653306e-03,1.5354635838e-03,1.2652226181e-03,1.2661577877e-03
2022-07-25,1.3571117576e-03,1.4995527670e-03,1.6013764302e-03,1.6002443549e-03
2022-07-26,1.4217271288e-03,1.5354033001e-03,1.9900928734e-03,1.9846211534e-03
2022-07-27,1.0435019798e-03,1.1285518449e-03,1.2031729226e-03,1.1979145964e-03
2022-07-28,1.4327593830e-03,1.5258416463e-03,2.0513480731e-03,2.0575260215e-03
2022-07-29,1.6628233883e-03,1.7828539524e-03,1.5214074739e-03,1.5262387433e-03
2022-07-30,1.5609801721e-03,1.6862055855e-03,8.7941513037e-04,8.8117639549e-04
2022-07-31,1.3475636056e-03,1.4790228455e-03,1.0883384355e-03,1.0910785637e-03
2022-08-01,1.3775752052e-03,1.5171737270e-03,1.6832406004e-03,1.6824481667e-03
2022-08-02,1.0811764297e-03,1.1929984351e-03,1.2381426353e-03,1.2402968942e-03
2022-08-03,1.4285575164e-03,1.5339369402e-03,1.5624775906e-03,1.5558278885e-03
2022-08-04,9.7305593826e-04,1.0503001412e-03,1.1746075308e-03,1.1746075308e-03
2022-08-05,1.0434811059e-03,1.1328142549e-03,9.4621221606e-04,9.4628053601e-04
2022-08-06,1.0222445767e-03,1.1059860158e-03,6.9046591828e-04,6.9044141833e-04
2022-08-07,6.1340817470e-04,6.7882836221e-04,6.3370710467e-04,6.3392665417e-04
2022-08-08,5.2802057581e-04,5.7094388530e-04,7.0672731244e-04,7.0769204075e-04
2022-08-09,7.9760072289e-04,8.4445202916e-04,9.1336103144e-04,9.1382965613e-04
2022-08-10,6.4343438361e-04,6.8990281481e-04,8.4248492002e-04,8.4370757149e-04
2022-08-11,1.0675086067e-03,1.1523758339e-03,1.2014784524e-03,1.2033499164e-03
2022-08-12,9.8209519511e-04,1.1053704976e-03,8.2987292296e-04,8.3054941510e-04
2022-08-13,7.4497205617e-04,8.6743496749e-04,5.5070126131e-04,5.5249067276e-04
2022-08-14,7.3640405154e-04,8.6240055266e-04,6.6225998129e-04,6.6440461168e-04
2022-08-15,6.7304743794e-04,7.9569537526e-04,9.1852948927e-04,9.1941034705e-04
2022-08-16,9.8546617088e-04,1.1328170818e-03,1.0680941281e-03,1.0712189542e-03
2022-08-17,7.3562845742e-04,8.5515168763e-04,9.2544209806e-04,9.2436929090e-04
2022-08-18,8.3869707208e-04,9.7576892586e-04,1.0992987607e-03,1.1022033345e-03
2022-08-19,5.7452791095e-04,6.8722975206e-04,6.2923574394e-04,6.3135183051e-04
2022-08-20,1.5362109423e-03,1.8225758847e-03,1.5593620047e-03,1.5634204413e-03
2022-08-21,8.9827666275e-04,1.1010113311e-03,8.6895597106e-04,8.7285289384e-04
2022-08-22,8.8183657189e-04,1.0905336558e-03,1.2552785727e-03,1.2553730567e-03
2022-08-23,8.8840039329e-04,1.1031075007e-03,1.1341860625e-03,1.1374759738e-03
2022-08-24,9.2330418122e-04,1.1537446114e-03,1.2419407986e-03,1.2393656939e-03
2022-08-25,7.5615542358e-04,9.2430372764e-04,9.9926694287e-04,1.0048577089e-03
2022-08-26,5.8941588634e-04,7.2477199009e-04,6.6280602338e-04,6.6280602338e-04
2022-08-27,1.2947460719e-03,1.5543702932e-03,1.0501849156e-03,1.0511036239e-03
2022-08-28,7.2024684762e-04,8.9206775170e-04,7.3044924402e-04,7.3011994453e-04
2022-08-29,5.9625092053e-04,7.3720079301e-04,9.7908184507e-04,9.7896189284e-04
2022-08-30,7.7594046393e-04,9.4095991537e-04,1.1033689109e-03,1.1023484540e-03
2022-08-31,9.2851339947e-04,1.1269046280e-03,1.2772897048e-03,1.2782392981e-03
2022-09-01,9.1624831434e-04,1.0785282524e-03,1.0826900008e-03,1.0827891299e-03
2022-09-02,8.2351625728e-04,9.8851468075e-04,8.0418047500e-04,7.9878669230e-04
2022-09-03,8.4228100970e-04,1.0238433729e-03,5.8781079200e-04,5.8945665037e-04
2022-09-04,4.8189570572e-04,5.9937155208e-04,5.4293113147e-04,5.4374325546e-04
2022-09-05,4.7294506657e-04,5.7811516765e-04,7.1939499118e-04,7.2050429281e-04
2022-09-06,4.6861725390e-04,5.5749195953e-04,6.3070823137e-04,6.3182050268e-04
2022-09-07,8.8853152178e-04,1.0361749225e-03,1.2503208975e-03,1.2561290163e-03
2022-09-08,7.4211187983e-04,8.7186174188e-04,9.5245772027e-04,9.5473556986e-04
2022-09-09,7.2971616427e-04,8.7354871659e-04,7.0407992488e-04,7.0038414000e-04
2022-09-10,1.1133416121e-03,1.3302294105e-03,1.0475112161e-03,1.0549084194e-03
2022-09-11,8.6956832499e-04,1.0873773359e-03,8.4619293828e-04,8.5088640723e-04
2022-09-12,7.9267330019e-04,9.8608753669e-04,1.0777631749e-03,1.0830010182e-03
2022-09-13,1.0795895018e-03,1.3263623520e-03,1.3631335185e-03,1.3614582300e-03
2022-09-14,1.8253858998e-03,2.2163965414e-03,3.4147177109e-03,3.4594796858e-03
2022-09-15,1.1619624608e-03,1.4362092662e-03,1.4755459056e-03,1.4775378679e-03
2022-09-16,1.2000412073e-03,1.4809191089e-03,1.3957752468e-03,1.3857104776e-03
2022-09-17,9.2058178610e-04,1.1500618549e-03,7.1048391293e-04,7.1048391293e-04
2022-09-18,7.1009374720e-04,9.0214286933e-04,8.2690514989e-04,8.2760194237e-04
2022-09-19,8.1999663234e-04,9.8045847902e-04,1.2354937391e-03,1.2353678630e-03
2022-09-20,1.5485294685e-03,1.8028837980e-03,1.5354348885e-03,1.5346044587e-03
2022-09-21,1.1973285820e-03,1.4095687761e-03,1.6287068624e-03,1.6279639817e-03
2022-09-22,2.6422674540e-03,3.0622411389e-03,2.8209673994e-03,2.8158192774e-03
2022-09-23,1.5317037261e-03,1.8443046295e-03,1.9145940997e-03,1.9169630288e-03
2022-09-24,1.4532963855e-03,1.7568075033e-03,1.0337821999e-03,1.0374309753e-03
2022-09-25,1.0730530681e-03,1.2966033909e-03,1.1817816980e-03,1.1835165764e-03
2022-09-26,9.0714551658e-04,1.0933865983e-03,1.3817727288e-03,1.3815468381e-03
2022-09-27,1.0137750164e-03,1.1284890712e-03,1.2039157082e-03,1.2061541983e-03
2022-09-28,1.4835924300e-03,1.6169427198e-03,1.5003159202e-03,1.4871517927e-03
2022-09-29,1.5084946418e-03,1.6545091039e-03,1.6219442957e-03,1.6254386717e-03
2022-09-30,1.4607181138e-03,1.6203678015e-03,1.2830592828e-03,1.2865175813e-03
2022-10-01,1.4603780618e-03,1.6346438998e-03,9.0082457135e-04,9.0482264442e-04
2022-10-02,5.9183775110e-04,6.9502842148e-04,6.9267694600e-04,6.9765166789e-04
2022-10-03,7.1871862240e-04,8.1400310334e-04,1.0567127218e-03,1.0577234099e-03
2022-10-04,7.7643319546e-04,8.5044674140e-04,1.0200734810e-03,1.0208664708e-03
2022-10-05,7.8626096882e-04,8.4070942042e-04,1.0081452827e-03,9.9849988580e-04
2022-10-06,7.5518206310e-04,7.9993201670e-04,8.0858847342e-04,8.0786702532e-04
2022-10-07,8.0572571488e-04,8.7058523808e-04,7.2201594307e-04,7.2122486703e-04
2022-10-08,6.8333429206e-04,7.5203593264e-04,4.7836593268e-04,4.8113396490e-04
2022-10-09,3.7721196834e-04,4.2448975409e-04,3.9865800774e-04,3.9865800774e-04
2022-10-10,4.1260896249e-04,4.5399233412e-04,5.4970195969e-04,5.5034655596e-04
2022-10-11,5.4668038058e-04,5.8478987017e-04,6.3792244046e-04,6.3855143979e-04
2022-10-12,5.0443143478e-04,5.4032813324e-04,5.6204734468e-04,5.6304517944e-04
2022-10-13,3.6232914245e-04,3.9103905672e-04,4.3980634931e-04,4.4161210312e-04
2022-10-14,1.0750037618e-03,1.2296863410e-03,8.7723456231e-04,8.7707940629e-04
2022-10-15,8.3876660913e-04,9.9963739445e-04,5.5074559601e-04,5.5077613158e-04
2022-10-16,3.4282354301e-04,4.3067912844e-04,4.2450232021e-04,4.2463160563e-04
2022-10-17,4.4462802858e-04,5.5054718987e-04,7.0304960683e-04,7.0408856888e-04
2022-10-18,5.3772552584e-04,6.6316862088e-04,7.7381378765e-04,7.7596550673e-04
2022-10-19,4.7454134405e-04,5.6253203351e-04,6.3106323402e-04,6.3320821471e-04
2022-10-20,3.4328213640e-04,4.0713258378e-04,4.7121522021e-04,4.6748179624e-04
2022-10-21,4.1487356059e-04,5.0695288764e-04,4.2901124212e-04,4.2999945484e-04
2022-10-22,4.7122091746e-04,5.9111044734e-04,3.2554045488e-04,3.2723393784e-04
2022-10-23,1.4721341353e-04,1.9752397386e-04,2.1053433265e-04,2.1256977653e-04
2022-10-24,3.0660184916e-04,3.9142507298e-04,4.7335544924e-04,4.7662750040e-04
2022-10-25,3.4984828011e-04,4.4619963291e-04,4.8354505017e-04,4.8782251244e-04
2022-10-26,6.6067579255e-04,8.4169517893e-04,8.9775346040e-04,9.0465541214e-04
2022-10-27,8.3678642240e-04,1.0784500681e-03,1.1307085570e-03,1.1226859265e-03
2022-10-28,6.3556649796e-04,8.4784344727e-04,7.9753207822e-04,8.0128453181e-04
2022-10-29,5.7074054939e-04,7.7512881449e-04,4.7994359577e-04,4.8562367271e-04
2022-10-30,5.5536397037e-04,7.5914394527e-04,6.2733011430e-04,6.3339890908e-04
2022-10-31,4.1533279077e-04,5.6269195869e-04,7.1016501642e-04,7.1016501642e-04
2022-11-01,5.7627899126e-04,7.4313051897e-04,7.3996498061e-04,7.4008554283e-04
2022-11-02,3.3943469905e-04,4.4222802367e-04,5.1667074865e-04,5.1718375047e-04
2022-11-03,5.8380250181e-04,7.4422031728e-04,7.9235937246e-04,7.9338546593e-04
2022-11-04,3.7821600853e-04,4.8753623662e-04,4.4230167862e-04,4.4305056544e-04
2022-11-05,7.0346953329e-04,9.1999257985e-04,5.6466811930e-04,5.6543776680e-04
2022-11-06,3.7808573125e-04,5.0820493238e-04,4.2571025080e-04,4.2634760596e-04
2022-11-07,3.6182348704e-04,4.8654712914e-04,6.3971056762e-04,6.4151360527e-04
2022-11-08,4.5564901051e-04,5.9679864716e-04,6.5529973613e-04,6.5923801296e-04
2022-11-09,3.0772769575e-03,3.8918743701e-03,5.2422076331e-03,5.2045231596e-03
2022-11-10,4.0885501761e-03,4.9594719634e-03,9.3291195439e-03,9.2511456138e-03
2022-11-11,5.1180236621e-03,5.9808639532e-03,6.1610636819e-03,6.2043242546e-03
2022-11-12,3.5908568851e-03,4.2126776692e-03,2.5891866634e-03,2.5854908274e-03
2022-11-13,1.4775906188e-03,1.8009355728e-03,1.9212352391e-03,1.9323757533e-03
2022-11-14,1.6970644579e-03,1.9918825081e-03,2.9257904351e-03,2.9594414127e-03
2022-11-15,3.1101140837e-03,3.4226535475e-03,3.4417575506e-03,3.3335219573e-03
2022-11-16,1.4950341663e-03,1.5895980958e-03,1.8424609667e-03,1.8481550916e-03
2022-11-17,1.0658069461e-03,1.1066923167e-03,1.3404501639e-03,1.3484171993e-03
2022-11-18,8.7330416799e-04,9.1516565688e-04,8.8346162530e-04,8.8721501678e-04
2022-11-19,7.9092293627e-04,8.2636250131e-04,5.3215359394e-04,5.3847984185e-04
2022-11-20,3.7172636812e-04,3.6923687854e-04,3.4566902496e-04,3.4964927658e-04
2022-11-21,5.9210081712e-04,5.5971389742e-04,6.7524842798e-04,6.7264298391e-04
2022-11-22,1.1618255505e-03,1.0971890842e-03,1.1226486205e-03,1.1226486205e-03
2022-11-23,8.8929190235e-04,8.5648122622e-04,9.4798541247e-04,9.4886362970e-04
2022-11-24,8.8192259743e-04,8.5555947067e-04,9.5019539227e-04,9.5148896526e-04
2022-11-25,6.6098242785e-04,6.5398941171e-04,5.9434866902e-04,5.9542089175e-04
2022-11-26,5.5030882615e-04,5.4659376142e-04,3.5622369781e-04,3.5752554790e-04
2022-11-27,4.0280656913e-04,3.8986124378e-04,3.4359205290e-04,3.4624528395e-04
2022-11-28,3.4528892147e-04,3.2668794939e-04,4.0291666998e-04,4.0787634983e-04
2022-11-29,5.9740376788e-04,5.4432887665e-04,5.5454959764e-04,5.6117193421e-04
2022-11-30,4.3854484610e-04,4.0275573865e-04,4.4980803410e-04,4.5741835334e-04
2022-12-01,8.3459130441e-04,8.0639357168e-04,8.6959869870e-04,8.7685209348e-04
2022-12-02,4.7665886257e-04,5.0219664058e-04,4.6897857821e-04,4.7332875341e-04
2022-12-03,4.3839596839e-04,5.0982090145e-04,3.1002842944e-04,3.1223938676e-04
2022-12-04,2.4795727849e-04,3.0544252369e-04,3.0290891567e-04,3.0535267305e-04
2022-12-05,3.4174765489e-04,4.1594742894e-04,5.1508861917e-04,5.1763305309e-04
2022-12-06,3.8666606445e-04,4.5508977605e-04,4.7431744987e-04,4.7952851646e-04
2022-12-07,2.6166801959e-04,3.3167099811e-04,3.8172374816e-04,3.8421193713e-04
2022-12-08,2.8332467142e-04,3.6319843747e-04,4.1622954505e-04,4.2190969520e-04
2022-12-09,3.0347585280e-04,3.9654460082e-04,3.7020131886e-04,3.7483285821e-04
2022-12-10,2.2427383891e-04,2.9729546548e-04,1.8742864035e-04,1.9077716871e-04
2022-12-11,1.2887372053e-04,1.7153613713e-04,1.6124955035e-04,1.6505688847e-04
2022-12-12,1.5726240357e-04,2.0526391834e-04,2.5435570867e-04,2.5987577312e-04
2022-12-13,2.0662923896e-04,2.6570017699e-04,2.9007058142e-04,2.9752485819e-04
2022-12-14,5.3198030312e-04,7.1305452378e-04,7.0678230586e-04,7.0678230586e-04
2022-12-15,5.5690922935e-04,7.7223075374e-04,7.1407992087e-04,7.1438648301e-04
2022-12-16,3.8383348180e-04,5.5403395007e-04,5.5498588963e-04,5.5574441836e-04
2022-12-17,5.7643188219e-04,8.2793926529e-04,5.4440072115e-04,5.4538259009e-04
2022-12-18,3.2836770648e-04,4.8488689049e-04,4.3518500676e-04,4.3632539286e-04
2022-12-19,2.4083249336e-04,3.5062847879e-04,4.6366084650e-04,4.6589502703e-04
2022-12-20,3.8789917227e-04,5.3823916852e-04,6.1365233813e-04,6.1684294082e-04
2022-12-21,4.2282303991e-04,5.8907240109e-04,6.7333167140e-04,6.7801255118e-04
2022-12-22,2.4053344156e-04,3.3365771340e-04,3.9173502657e-04,3.9592203685e-04
2022-12-23,2.8786472868e-04,4.0588957304e-04,3.4892374074e-04,3.5237522839e-04
2022-12-24,2.1360082389e-04,3.0676482883e-04,1.9555404584e-04,1.9853773348e-04
2022-12-25,1.0269086136e-04,1.4958709497e-04,1.5707572617e-04,1.6019508461e-04
2022-12-26,1.4156088843e-04,1.9466879834e-04,2.3345098140e-04,2.3732775315e-04
2022-12-27,1.0419727563e-04,1.4344834197e-04,1.8635115488e-04,1.9030818089e-04
2022-12-28,1.4821093321e-04,1.9752057272e-04,2.2041398974e-04,2.2595526031e-04
2022-12-29,1.9538506634e-04,2.6055941462e-04,2.6551780638e-04,2.7213110247e-04
2022-12-30,1.3342573217e-04,1.8353298516e-04,1.7113156167e-04,1.7621733088e-04
2022-12-31,1.8340230676e-04,2.5250920431e-04,1.3861653531e-04,1.4324648178e-04
2023-01-01,1.0418202222e-04,1.4750464246e-04,1.3610494947e-04,1.4139651926e-04
2023-01-02,8.7535624888e-05,1.2323458547e-04,1.6908647374e-04,1.7616904047e-04
2023-01-03,1.4027489088e-04,1.8949802088e-04,2.0641200882e-04,2.1362884671e-04
2023-01-04,1.2166536788e-04,1.6557634394e-04,1.8546293272e-04,1.9421578638e-04
2023-01-05,1.6267378741e-04,2.2511732306e-04,2.3326363015e-04,2.3326363015e-04
2023-01-06,1.0080776016e-04,1.4782839185e-04,1.4029865347e-04,1.4080858411e-04
2023-01-07,1.6588698913e-04,2.4563299744e-04,1.3650158053e-04,1.3714029514e-04
2023-01-08,5.8943280511e-05,9.3519031678e-05,9.4707358316e-05,9.5388577680e-05
2023-01-09,1.0311767868e-04,1.6060179742e-04,1.9902491021e-04,2.0127022190e-04
2023-01-10,1.6703595713e-04,2.5500752329e-04,2.5741430898e-04,2.6029554673e-04
2023-01-11,1.5019036534e-04,2.3704929378e-04,2.6874062351e-04,2.7286920713e-04
2023-01-12,3.6345508001e-04,5.7964440531e-04,5.7487423293e-04,5.8168881600e-04
2023-01-13,9.7556091671e-04,1.5008901910e-03,1.2272637175e-03,1.2111538762e-03
2023-01-14,6.8224626254e-04,1.0552799480e-03,6.9818724843e-04,6.9652616470e-04
2023-01-15,1.5266127251e-03,2.2091614086e-03,1.6752124893e-03,1.6367743234e-03
2023-01-16,8.4654493796e-04,1.2398106398e-03,1.4180431474e-03,1.4015876465e-03
2023-01-17,1.1607365229e-03,1.6450892098e-03,1.7880719328e-03,1.7704635088e-03
2023-01-18,8.5904342868e-04,1.1914968915e-03,1.3169356501e-03,1.3034672056e-03
2023-01-19,1.1728686211e-03,1.5818761595e-03,1.7650230188e-03,1.7436291247e-03
2023-01-20,4.9723685594e-04,6.6237919529e-04,7.0320400896e-04,7.0180692291e-04
2023-01-21,9.0676619753e-04,1.1700060982e-03,8.4812943671e-04,8.3204837861e-04
2023-01-22,1.1767546545e-03,1.4792172922e-03,9.6779092579e-04,9.6916637436e-04
2023-01-23,8.3366294574e-04,1.0495449389e-03,1.1333332772e-03,1.1339088171e-03
2023-01-24,9.5255901969e-04,1.1705325362e-03,1.1999329416e-03,1.2053600997e-03
2023-01-25,7.7389488329e-04,9.5759001661e-04,1.1136853829e-03,1.1090520944e-03
2023-01-26,1.0733020019e-03,1.3008534048e-03,1.3672872827e-03,1.3606475912e-03
2023-01-27,6.3270159336e-04,7.6077930993e-04,6.8214065162e-04,6.8214065162e-04
2023-01-28,7.5591687140e-04,8.9552762545e-04,4.9223414128e-04,4.9228204232e-04
2023-01-29,3.2207419204e-04,3.8364506166e-04,3.6404695977e-04,3.6416239655e-04
2023-01-30,6.9012272652e-04,7.9625151497e-04,9.4065897534e-04,9.4086491957e-04
2023-01-31,6.6131843098e-04,7.4578678569e-04,9.0911328566e-04,9.0914136807e-04
2023-02-01,5.4444333736e-04,6.1566545768e-04,6.9131996668e-04,6.9144761973e-04
2023-02-02,6.5346402878e-04,7.3003419524e-04,8.0119555317e-04,8.0177404684e-04
2023-02-03,8.4343694343e-04,9.5519047890e-04,7.6471149955e-04,7.6643658374e-04
2023-02-04,5.7936425369e-04,6.7176314762e-04,3.8241153967e-04,3.8387242284e-04
2023-02-05,3.3244689570e-04,3.8926047763e-04,3.5414722066e-04,3.5327560523e-04
2023-02-06,3.9987988162e-04,4.7684420527e-04,6.1304852748e-04,6.1456086120e-04
2023-02-07,4.8228966351e-04,5.6889794326e-04,6.1997471921e-04,6.2255439997e-04
2023-02-08,5.2909128541e-04,6.1810865854e-04,6.5851742040e-04,6.6080474640e-04
2023-02-09,4.0367843403e-04,4.7566232179e-04,5.2957118899e-04,5.3121308601e-04
2023-02-10,6.5647913929e-04,7.9054961063e-04,7.8780090294e-04,7.9218602851e-04
2023-02-11,4.4534017779e-04,5.4440808661e-04,3.2493501006e-04,3.2773797368e-04
2023-02-12,2.8167489053e-04,3.5042560876e-04,3.2527724582e-04,3.2582502779e-04
2023-02-13,3.1207355298e-04,3.8948536736e-04,4.6460721457e-04,4.6814059497e-04
2023-02-14,4.7855244677e-04,5.9637236917e-04,5.9748410181e-04,6.0174405546e-04
2023-02-15,5.5022415340e-04,6.8330679973e-04,7.0074931057e-04,7.0645701081e-04
2023-02-16,7.7802678263e-04,9.7829333855e-04,1.3411998678e-03,1.3404963166e-03
2023-02-17,1.1200764680e-03,1.4405987441e-03,1.2127123234e-03,1.2222192512e-03
2023-02-18,1.2325499464e-03,1.5908473913e-03,9.3660267270e-04,9.3660267270e-04
2023-02-19,5.4140788030e-04,7.2127457343e-04,6.3487224032e-04,6.3506588101e-04
2023-02-20,7.5723619166e-04,9.8794819345e-04,1.1939918965e-03,1.1951191113e-03
2023-02-21,9.1021551336e-04,1.1710103560e-03,1.3312352899e-03,1.3334879363e-03
2023-02-22,8.1555912187e-04,1.0316165758e-03,1.1494222955e-03,1.1513707211e-03
2023-02-23,8.1487411877e-04,1.0046537013e-03,1.0307095820e-03,1.0324928011e-03
2023-02-24,8.5861125222e-04,1.0669672684e-03,8.8417508256e-04,8.8613414530e-04
2023-02-25,8.9655722372e-04,1.1191119573e-03,6.8715334269e-04,6.9022868961e-04
2023-02-26,4.8274764186e-04,6.0776954125e-04,5.1412931631e-04,5.1539408349e-04
2023-02-27,5.2073755541e-04,6.4461431079e-04,8.0384675659e-04,8.0633304342e-04
2023-02-28,6.5352081700e-04,7.9259033958e-04,8.2046848822e-04,8.2338837025e-04
2023-03-01,5.5611496524e-04,6.6776544825e-04,7.6267728426e-04,7.6501519546e-04
2023-03-02,6.8259179084e-04,8.0627114491e-04,8.4137295576e-04,8.4345158192e-04
2023-03-03,4.7231133579e-04,5.6524886096e-04,5.1279649717e-04,5.1384136223e-04
2023-03-04,8.4764584671e-04,1.0136154661e-03,6.4112520501e-04,6.4563663386e-04
2023-03-05,2.7360152759e-04,3.3403586946e-04,3.2072971549e-04,3.2130923205e-04
2023-03-06,5.2947092580e-04,6.3083891889e-04,6.9121999119e-04,6.9431220158e-04
2023-03-07,3.4457910323e-04,4.0680037979e-04,4.8365025459e-04,4.8508246996e-04
2023-03-08,5.6309144069e-04,6.6040740970e-04,7.0066097128e-04,7.0368999485e-04
2023-03-09,4.8454957968e-04,5.5767681850e-04,6.1999329968e-04,6.2361486328e-04
2023-03-10,8.9419983025e-04,1.0566598548e-03,1.0642115602e-03,1.0656080481e-03
2023-03-11,1.1204604013e-03,1.3581356692e-03,6.5849187333e-04,6.6752377588e-04
2023-03-12,1.0141248826e-03,1.2638962373e-03,9.1671739941e-04,9.1671739941e-04
2023-03-13,1.3558678434e-03,1.6760900542e-03,2.2021467740e-03,2.1993919074e-03
2023-03-14,2.1394842393e-03,2.6136916911e-03,3.4883566641e-03,3.4742487310e-03
2023-03-15,2.7682111506e-03,3.3244297163e-03,3.1835803746e-03,3.1727602669e-03
2023-03-16,2.0030036271e-03,2.4077670026e-03,2.5780246011e-03,2.5782727099e-03
2023-03-17,1.6367788070e-03,1.9734784329e-03,1.9317865275e-03,1.9323053834e-03
2023-03-18,2.1311990899e-03,2.5272052208e-03,1.9834854142e-03,1.9758033433e-03
2023-03-19,1.6413130645e-03,1.9272618521e-03,1.5541726179e-03,1.5510855587e-03
2023-03-20,1.2857922291e-03,1.4672396722e-03,1.8776018729e-03,1.8737133902e-03
2023-03-21,1.4778150151e-03,1.6535818270e-03,1.7019661480e-03,1.7023170135e-03
2023-03-22,1.1417464552e-03,1.2770122167e-03,1.4533309816e-03,1.4571948189e-03
2023-03-23,1.6928872176e-03,1.8459642021e-03,1.9839605070e-03,1.9890372396e-03
2023-03-24,1.3667306548e-03,1.4911116605e-03,1.3992178744e-03,1.3973374136e-03
2023-03-25,1.1096123884e-03,1.2108496607e-03,7.8259874134e-04,7.8425657437e-04
2023-03-26,7.1746589236e-04,7.8386760931e-04,6.5302109250e-04,6.5266621215e-04
2023-03-27,7.7311474183e-04,8.3521610131e-04,1.0457585643e-03,1.0448946344e-03
2023-03-28,1.0172106262e-03,1.0643390023e-03,1.2127058837e-03,1.2141349365e-03
2023-03-29,8.7383005561e-04,9.0336810720e-04,9.1424116091e-04,9.1380987514e-04
2023-03-30,9.0320833182e-04,9.3005194963e-04,1.0819445474e-03,1.0828899376e-03
2023-03-31,1.0947363325e-03,1.1346672596e-03,9.1360219579e-04,9.1279310199e-04
2023-04-01,9.3443862801e-04,9.8098448546e-04,5.5646401913e-04,5.5811318637e-04
2023-04-02,5.3189955975e-04,5.6368591375e-04,4.7665497239e-04,4.7708518128e-04
2023-04-03,4.8812873485e-04,5.1484865981e-04,6.6023626918e-04,6.6023626918e-04
2023-04-04,9.6094995244e-04,1.0028978518e-03,1.0084391906e-03,1.0085055745e-03
2023-04-05,6.5866886914e-04,6.9769300678e-04,7.6516598562e-04,7.6517095816e-04
2023-04-06,7.1231289434e-04,7.7432975249e-04,7.5463534202e-04,7.5511777028e-04
2023-04-07,4.8338402179e-04,5.4121887264e-04,5.0347091666e-04,5.0348690580e-04
2023-04-08,3.7541964322e-04,4.2772500988e-04,2.7963617452e-04,2.7971892189e-04
2023-04-09,2.2318391652e-04,2.5551301464e-04,2.4125361732e-04,2.4194810517e-04
2023-04-10,3.4109425442e-04,3.8453498634e-04,4.5428159811e-04,4.5467612943e-04
2023-04-11,5.5838525244e-04,6.2286040878e-04,6.9581287165e-04,6.9717035190e-04
2023-04-12,5.7826154470e-04,6.6291107166e-04,6.8111750106e-04,6.8251567675e-04
2023-04-13,5.9326943040e-04,6.9457578094e-04,7.1257012886e-04,7.1529302920e-04
2023-04-14,4.2548707926e-04,5.2068275783e-04,5.0363700518e-04,5.0571350334e-04
2023-04-15,6.4952872427e-04,8.0406176071e-04,4.1629747192e-04,4.1826757276e-04
2023-04-16,2.6967747336e-04,3.4105643796e-04,3.2200999663e-04,3.2274840288e-04
2023-04-17,2.9637671406e-04,3.6765387347e-04,4.4668269400e-04,4.4722104669e-04
2023-04-18,4.7227715371e-04,5.7405571339e-04,6.6221644063e-04,6.6578650977e-04
2023-04-19,4.6152441191e-04,5.7051760218e-04,6.7390161442e-04,6.7667947202e-04
2023-04-20,6.4103694631e-04,7.8950220558e-04,9.6182307928e-04,9.6880040085e-04
2023-04-21,6.1815447046e-04,7.8019225186e-04,6.7926961582e-04,6.8291623716e-04
2023-04-22,6.5246242361e-04,8.4183241376e-04,5.2595429467e-04,5.3087907100e-04
2023-04-23,3.8144259667e-04,5.0236812057e-04,4.6199986415e-04,4.6451790846e-04
2023-04-24,5.4552262271e-04,7.0795521135e-04,7.9165043532e-04,7.9294511583e-04
2023-04-25,6.1345531448e-04,7.8230236025e-04,7.8519328238e-04,7.8519328238e-04
2023-04-26,5.3714066475e-04,6.9037892888e-04,8.1673582608e-04,8.1695115009e-04
2023-04-27,1.5607942504e-03,1.9708159286e-03,1.6208661863e-03,1.6203217648e-03
2023-04-28,1.5220708692e-03,1.9322913146e-03,1.6634292242e-03,1.6580212919e-03
2023-04-29,8.1592463572e-04,1.0538321377e-03,6.3861867618e-04,6.3784879639e-04
2023-04-30,3.7284492250e-04,4.9243728250e-04,5.2761145617e-04,5.2801130326e-04
2023-05-01,8.2805794273e-04,1.0566237905e-03,1.2073642668e-03,1.2086840147e-03
2023-05-02,9.5790719336e-04,1.1664054677e-03,1.4204304322e-03,1.4235566976e-03
2023-05-03,6.6149246856e-04,7.8412268457e-04,8.9039013025e-04,8.8160662853e-04
2023-05-04,7.0791146129e-04,8.3911424565e-04,8.7801869545e-04,8.7710427132e-04
2023-05-05,6.0204879010e-04,7.2463729603e-04,6.4831421905e-04,6.5050148903e-04
2023-05-06,7.1559462533e-04,8.5360542014e-04,4.9616977902e-04,4.9740807267e-04
2023-05-07,6.1665813951e-04,7.2979888824e-04,5.9672080190e-04,5.9647652147e-04
2023-05-08,4.9139694530e-04,5.7908049747e-04,7.0276007610e-04,7.0337714268e-04
2023-05-09,8.5585986352e-04,9.9217916998e-04,1.0547067364e-03,1.0598939145e-03
2023-05-10,5.3620177928e-04,6.2930091364e-04,7.0343640425e-04,6.9835444224e-04
2023-05-11,1.2369255052e-03,1.4356917718e-03,1.2411680352e-03,1.2465653402e-03
2023-05-12,7.2506273675e-04,8.5797200575e-04,8.3027808837e-04,8.3282455046e-04
2023-05-13,8.9645383048e-04,1.0622544323e-03,5.6912544424e-04,5.7216838256e-04
2023-05-14,5.1977621337e-04,6.1925547484e-04,5.1662071759e-04,5.1706340305e-04
2023-05-15,4.3042594184e-04,5.1383671110e-04,6.8031175662e-04,6.7875522195e-04
2023-05-16,5.2402737032e-04,5.9728111425e-04,6.4658077366e-04,6.5068362174e-04
2023-05-17,4.7182090173e-04,5.3628172412e-04,5.9518526741e-04,5.9518526741e-04
2023-05-18,4.6630372766e-04,5.1974997754e-04,5.5218289332e-04,5.5235824479e-04
2023-05-19,5.5956621346e-04,6.4786375443e-04,5.6147933276e-04,5.6169201412e-04
2023-05-20,4.5935222151e-04,5.5316920606e-04,3.0026941596e-04,3.0053423532e-04
2023-05-21,2.1471760535e-04,2.6256177316e-04,2.5622254745e-04,2.5646504568e-04
2023-05-22,3.3344835276e-04,3.9902256278e-04,4.8715106268e-04,4.8804900122e-04
2023-05-23,3.5508771543e-04,4.2341234384e-04,4.5517282590e-04,4.5613789087e-04
2023-05-24,3.0677838627e-04,3.6412721089e-04,4.1905883439e-04,4.2119342747e-04
2023-05-25,4.3982340770e-04,5.2177460355e-04,5.8501282970e-04,5.8716944881e-04
2023-05-26,4.1863032197e-04,5.0890994981e-04,4.1972633272e-04,4.2188142719e-04
2023-05-27,3.4132637038e-04,4.1949080432e-04,2.4363450940e-04,2.4544267739e-04
2023-05-28,1.9933697051e-04,2.4896557563e-04,2.3104516895e-04,2.3250002059e-04
2023-05-29,4.4967402195e-04,5.5621040653e-04,6.9178580721e-04,6.9545047202e-04
2023-05-30,3.9239412552e-04,4.8347629511e-04,5.1952328297e-04,5.2285752928e-04
2023-05-31,3.8553458063e-04,4.8065385545e-04,5.0165752036e-04,5.0541435987e-04
2023-06-01,3.9882724859e-04,4.9997916212e-04,5.5834151613e-04,5.6242961487e-04
2023-06-02,4.5559314092e-04,5.9751862883e-04,5.2218180171e-04,5.2717481951e-04
2023-06-03,3.7942586372e-04,5.0026074555e-04,2.9287736772e-04,2.9645317780e-04
2023-06-04,2.1016929886e-04,2.8412858651e-04,2.6316795294e-04,2.6444216496e-04
2023-06-05,2.5948177219e-04,3.4581010315e-04,4.0510114972e-04,4.1026933769e-04
2023-06-06,7.0181779974e-04,9.2130839013e-04,1.0684532457e-03,1.0791545541e-03
2023-06-07,7.1610688500e-04,9.4322811713e-04,1.1727134942e-03,1.1817961569e-03
2023-06-08,7.5873246047e-04,1.0016317005e-03,1.1370668077e-03,1.1370668077e-03
2023-06-09,5.0300234781e-04,6.7770972307e-04,6.3100360712e-04,6.3170674298e-04
2023-06-10,4.5483976753e-04,6.1998241222e-04,3.7518610405e-04,3.7624281016e-04
2023-06-11,8.6910181957e-04,1.1420333165e-03,8.5004466255e-04,8.5127113361e-04
2023-06-12,4.4856982466e-04,5.8857308699e-04,7.0163513183e-04,7.0114738796e-04
2023-06-13,4.4609455801e-04,5.7260773707e-04,6.2268702126e-04,6.2256231186e-04
2023-06-14,4.7064244291e-04,6.0176868016e-04,6.6232218097e-04,6.6282388787e-04
2023-06-15,7.1378923129e-04,9.0607155297e-04,1.0283043309e-03,1.0333861202e-03
2023-06-16,5.0268342204e-04,6.3010704065e-04,5.6640479501e-04,5.6857897722e-04
2023-06-17,5.6009078542e-04,7.0330006889e-04,4.2031861037e-04,4.1852467207e-04
2023-06-18,4.4703658128e-04,5.6390449690e-04,4.4677807823e-04,4.4884722230e-04
2023-06-19,3.4074019007e-04,4.2958993169e-04,5.4684271325e-04,5.4829091049e-04
2023-06-20,4.8465689386e-04,5.9526316583e-04,6.5086220775e-04,6.5350279988e-04
2023-06-21,6.9109810199e-04,8.4609120875e-04,1.0365928315e-03,1.0399373869e-03
2023-06-22,9.8223825222e-04,1.2022511685e-03,1.3903194136e-03,1.4018026054e-03
2023-06-23,7.5487496737e-04,9.3523363310e-04,7.6149373381e-04,7.6625206670e-04
2023-06-24,9.0742326522e-04,1.1275104404e-03,6.4615160457e-04,6.4506868629e-04
2023-06-25,5.2525896468e-04,6.6208010380e-04,5.7049750365e-04,5.7381575477e-04
2023-06-26,5.1167084779e-04,6.3587650215e-04,7.7216136232e-04,7.7568595299e-04
2023-06-27,6.3919983128e-04,7.6686992207e-04,7.9907814210e-04,8.0177094121e-04
2023-06-28,5.7513619260e-04,6.9224276258e-04,7.8273749215e-04,7.8390353574e-04
2023-06-29,5.2357277034e-04,6.2471583088e-04,6.9936165435e-04,7.0631781042e-04
2023-06-30,4.7748534628e-04,5.7762811339e-04,5.1634774892e-04,5.1634774892e-04
2023-07-01,1.1942579026e-03,1.4407932989e-03,6.2840175838e-04,6.2736044065e-04
2023-07-02,2.9110261807e-04,3.6152532241e-04,3.6603747782e-04,3.6448854475e-04
2023-07-03,4.8655604744e-04,6.0036160464e-04,7.0494512952e-04,7.0440305399e-04
2023-07-04,4.5697920137e-04,5.6198838717e-04,7.0528040441e-04,7.0451657297e-04
2023-07-05,3.8138627332e-04,4.6951725018e-04,6.3157770944e-04,6.3164180150e-04
2023-07-06,3.0385001383e-04,3.4920000395e-04,3.8158379873e-04,3.8139690388e-04
2023-07-07,6.0880563409e-04,7.1628134293e-04,5.8208057658e-04,5.7597908551e-04
2023-07-08,4.3128402670e-04,5.1265002004e-04,2.9238638860e-04,2.9298460457e-04
2023-07-09,2.2004307152e-04,2.6485103493e-04,2.4362040511e-04,2.4387189601e-04
2023-07-10,2.2012584379e-04,2.6452713087e-04,3.5397943094e-04,3.5547311652e-04
2023-07-11,4.4104715702e-04,5.2476525899e-04,5.4473951892e-04,5.4634552822e-04
2023-07-12,3.1801035232e-04,3.7112361635e-04,4.0902995916e-04,4.1047950603e-04
2023-07-13,3.3451224446e-04,3.9166547563e-04,4.0740594241e-04,4.0699229647e-04
2023-07-14,5.4359754726e-04,6.6078302702e-04,5.8096242375e-04,5.7683302626e-04
2023-07-15,5.5916541481e-04,6.9566986117e-04,4.2273729467e-04,4.2575008282e-04
2023-07-16,1.7780511191e-04,2.2781427137e-04,2.3001858066e-04,2.3168865384e-04
2023-07-17,2.3145137876e-04,2.9415529405e-04,3.8760990898e-04,3.9064723455e-04
2023-07-18,4.4671076178e-04,5.6240510371e-04,5.7113370184e-04,5.7527638150e-04
2023-07-19,3.4788189269e-04,4.3477631214e-04,4.9044011040e-04,4.9464502726e-04
2023-07-20,2.6296318206e-04,3.2399327140e-04,3.4920744543e-04,3.4969242813e-04
2023-07-21,3.2782039163e-04,4.0995250874e-04,3.4822539630e-04,3.4778972871e-04
2023-07-22,2.4936446283e-04,3.1601352035e-04,1.8916703794e-04,1.8916703794e-04
2023-07-23,1.5009950321e-04,1.9722564485e-04,1.7918048011e-04,1.7950086229e-04
2023-07-24,1.8434598398e-04,2.3726860213e-04,2.8751936878e-04,2.8816298471e-04
2023-07-25,3.6867094277e-04,4.7681899615e-04,5.1818803065e-04,5.1843073651e-04
2023-07-26,2.0094019396e-04,2.6089256924e-04,3.0329266816e-04,3.0419123332e-04
2023-07-27,2.6514368034e-04,3.4417720120e-04,3.6141439904e-04,3.6264129025e-04
2023-07-28,1.9127297008e-04,2.5142432939e-04,2.4597283348e-04,2.4724514610e-04
2023-07-29,1.7554627412e-04,2.3578823270e-04,1.4716144330e-04,1.4867371005e-04
2023-07-30,7.7540229493e-05,1.0271367853e-04,1.0341585325e-04,1.0492100783e-04
2023-07-31,1.4508768667e-04,1.8851180637e-04,2.1801192015e-04,2.1986304286e-04
2023-08-01,1.6854803094e-04,2.1483330572e-04,2.1638822771e-04,2.1911926534e-04
2023-08-02,2.6445524243e-04,3.4483003551e-04,3.5370903824e-04,3.5705563646e-04
2023-08-03,3.1682916219e-04,4.2067792062e-04,4.3471307897e-04,4.3971083802e-04
2023-08-04,2.1881506023e-04,2.9717446449e-04,2.6878940671e-04,2.7255874320e-04
2023-08-05,1.9793593060e-04,2.7565361633e-04,1.6553251248e-04,1.6900029387e-04
2023-08-06,8.8503492705e-05,1.2779763875e-04,1.3716118846e-04,1.4053968955e-04
2023-08-07,9.6707516598e-05,1.3573292980e-04,1.9034308129e-04,1.9516645710e-04
2023-08-08,1.8793212347e-04,2.5223079212e-04,2.5137846460e-04,2.5557109697e-04
2023-08-09,2.6856720521e-04,3.6776504296e-04,3.8172428580e-04,3.8776618895e-04
2023-08-10,2.4229024826e-04,3.3685962236e-04,3.4522792747e-04,3.5362571076e-04
2023-08-11,1.8011246220e-04,2.5515961431e-04,2.4086344602e-04,2.4784709137e-04
2023-08-12,1.4247659911e-04,2.0569912431e-04,1.3176480370e-04,1.3714650974e-04
2023-08-13,5.1680334770e-05,7.6314918353e-05,9.2700765736e-05,9.2700765736e-05
2023-08-14,6.2337337246e-05,8.7734137306e-05,1.3203350323e-04,1.3316635195e-04
2023-08-15,1.3949661066e-04,1.8686940636e-04,1.8817317977e-04,1.8817058557e-04
2023-08-16,1.2954080578e-04,1.7664183376e-04,1.8960517585e-04,1.9029719703e-04
2023-08-17,1.5415748294e-04,2.1224724489e-04,2.2742262466e-04,2.2859981625e-04
2023-08-18,3.6622042616e-03,5.0949397446e-03,4.4846469349e-03,4.1312045999e-03
2023-08-19,1.1913199719e-03,1.5323540280e-03,1.0027402812e-03,1.0135541658e-03
2023-08-20,5.9230952900e-04,7.3203333663e-04,7.8276430691e-04,8.3286570987e-04
2023-08-21,4.7633651772e-04,5.8391238144e-04,1.0051912870e-03,1.1042177190e-03
2023-08-22,5.5804984678e-04,6.8960044036e-04,1.0434588084e-03,1.1755310103e-03
2023-08-23,4.7351555175e-04,5.6673749596e-04,5.8346672476e-04,5.5701073784e-04
2023-08-24,5.1117428705e-04,6.1099055292e-04,6.5765022943e-04,5.4146422076e-04
2023-08-25,3.5376133528e-04,4.1504846139e-04,3.6809066578e-04,3.4985580265e-04
2023-08-26,3.3156683661e-04,3.8744013955e-04,2.1915407045e-04,2.0871444322e-04
2023-08-27,1.4149201975e-04,1.5795142428e-04,1.6526463883e-04,1.6631791081e-04
2023-08-28,1.3925602163e-04,1.5530297305e-04,2.2400632782e-04,2.2332376079e-04
2023-08-29,2.4613237655e-04,2.8108900557e-04,2.7235185419e-04,2.5564051323e-04
2023-08-30,8.8885398039e-04,1.0834713221e-03,1.1414763606e-03,1.0387136435e-03
2023-08-31,4.4928733272e-04,5.2742691150e-04,6.5704963983e-04,5.6112586375e-04
2023-09-01,6.2670436397e-04,7.4703082831e-04,7.7227879084e-04,7.2934768301e-04
2023-09-02,6.2907896081e-04,7.4655392658e-04,3.9267301064e-04,3.7868878295e-04
2023-09-03,2.4727942608e-04,2.7821444624e-04,2.8436451253e-04,2.9615137354e-04
2023-09-04,2.7648751976e-04,3.1184318690e-04,3.9071760031e-04,3.9071760031e-04
2023-09-05,2.9385986848e-04,3.3186470509e-04,3.8211449482e-04,3.8257346337e-04
2023-09-06,2.8036020391e-04,3.1522569503e-04,3.4025996646e-04,3.4115457842e-04
2023-09-07,3.2430338528e-04,3.6629770537e-04,3.7967660820e-04,3.8074186188e-04
2023-09-08,3.8999498508e-04,4.4419715641e-04,3.6185405563e-04,3.6300493940e-04
2023-09-09,3.1526381848e-04,4.4364971905e-04,2.3786654143e-04,2.3834032944e-04
2023-09-10,1.0853133822e-04,1.4860272951e-04,1.4968544626e-04,1.5037790948e-04
2023-09-11,1.9987848634e-04,2.8403627240e-04,3.3309806931e-04,3.3514296528e-04
2023-09-12,3.7903507261e-04,5.5336972286e-04,5.8091496336e-04,5.8310171074e-04
2023-09-13,5.8191238937e-04,8.5168511790e-04,8.3691639993e-04,8.3750673262e-04
2023-09-14,3.8647067589e-04,5.5232867116e-04,6.6301042747e-04,6.6427951554e-04
2023-09-15,4.2038116823e-04,6.0621895397e-04,5.2277191667e-04,5.2433508921e-04
2023-09-16,3.2895924046e-04,4.6772622765e-04,2.7128281010e-04,2.7314503776e-04
2023-09-17,2.1849586932e-04,3.0425685093e-04,2.7500655136e-04,2.7684752118e-04
2023-09-18,1.5283028186e-04,2.0790563584e-04,2.7784412694e-04,2.8084611689e-04
2023-09-19,4.1505393576e-04,5.8927548080e-04,5.4828449914e-04,5.5096850901e-04
2023-09-20,4.1577179117e-04,5.8425669209e-04,5.8651061641e-04,5.9161762507e-04
2023-09-21,4.0479368835e-04,5.8621122081e-04,6.2893018893e-04,6.3347753790e-04
2023-09-22,2.9489423794e-04,4.2130051089e-04,4.1340094404e-04,4.1767739898e-04
2023-09-23,2.3612156386e-04,3.3866488066e-04,2.0406761757e-04,2.0721951777e-04
2023-09-24,9.5735226598e-05,1.3349923589e-04,1.4528292150e-04,1.4811120245e-04
2023-09-25,1.8951662266e-04,2.7227501746e-04,3.3612003943e-04,3.3998425463e-04
2023-09-26,2.4642936321e-04,3.5677389720e-04,3.3772516066e-04,3.3772516066e-04
2023-09-27,1.7556681762e-04,2.4932320337e-04,2.6715915370e-04,2.6748753167e-04
2023-09-28,2.4424080901e-04,3.5228372367e-04,3.8118893299e-04,3.8184385187e-04
2023-09-29,3.7935794763e-04,5.5756080117e-04,4.5114688856e-04,4.5198051952e-04
2023-09-30,3.4626726849e-04,5.0622426363e-04,2.5408386249e-04,2.5472025586e-04
2023-10-01,1.3968795703e-04,1.9594509642e-04,1.8447511430e-04,1.8474819590e-04
2023-10-02,5.5577060542e-04,8.2090865820e-04,8.9679824918e-04,9.0221078611e-04
2023-10-03,6.8266919944e-04,9.9257588415e-04,9.6610028414e-04,9.7284255424e-04
2023-10-04,3.8424362548e-04,5.4437388687e-04,6.0870614633e-04,6.0744087258e-04
2023-10-05,4.0310452582e-04,5.8183631896e-04,7.3116041542e-04,7.2930900774e-04
2023-10-06,4.4419668691e-04,6.4378733314e-04,5.8658418328e-04,5.8788842697e-04
2023-10-07,5.9841300600e-04,8.6956209017e-04,4.5037380187e-04,4.5396927885e-04
2023-10-08,1.9652186592e-04,2.6971597899e-04,2.5178758005e-04,2.4802657641e-04
2023-10-09,2.7827923550e-04,3.8752285683e-04,4.5799580771e-04,4.5878024143e-04
2023-10-10,3.6432009952e-04,5.1034553982e-04,5.4843298128e-04,5.5291499330e-04
2023-10-11,2.8776842734e-04,4.0094900514e-04,4.5656671169e-04,4.5833883228e-04
2023-10-12,4.0229233786e-04,5.6985091710e-04,6.3877206895e-04,6.4391889302e-04
2023-10-13,2.4648637965e-04,3.4285285380e-04,3.1112498517e-04,3.1209624122e-04
2023-10-14,2.9522850977e-04,4.1446615380e-04,2.2060413561e-04,2.2307412048e-04
2023-10-15,1.2110811725e-04,1.6204182785e-04,1.6013747047e-04,1.5810879204e-04
2023-10-16,1.8358817567e-04,2.5050083898e-04,3.1761588450e-04,3.1896233632e-04
2023-10-17,1.7151101383e-03,2.3914302172e-03,2.2184100888e-03,2.2839628453e-03
2023-10-18,6.1206026752e-04,8.1420706554e-04,9.3790950929e-04,9.3790950929e-04
2023-10-19,5.7517096211e-04,7.5872395600e-04,9.8096480398e-04,9.8303772070e-04
2023-10-20,5.7441296062e-04,7.5547391978e-04,7.5534473572e-04,7.5857104426e-04
2023-10-21,8.1316380470e-04,1.0800307682e-03,6.7077358265e-04,6.7291096981e-04
2023-10-22,3.7856447293e-04,4.8185573527e-04,3.8766738392e-04,3.8796828933e-04
2023-10-23,3.5530793028e-04,4.4892095609e-04,5.3369238889e-04,5.3414899421e-04
2023-10-24,2.0341966341e-03,2.6271185800e-03,3.1920278427e-03,3.1992393856e-03
2023-10-25,1.8957658987e-03,2.3758530575e-03,2.3310052871e-03,2.3430297510e-03
2023-10-26,1.1465680569e-03,1.3974308430e-03,1.7520724958e-03,1.7677727070e-03
2023-10-27,8.8885611800e-04,1.0702265797e-03,1.0511733603e-03,1.0595627825e-03
2023-10-28,7.1509874248e-04,8.5462277459e-04,5.6426485934e-04,5.7132900592e-04
2023-10-29,4.4887614792e-04,5.2718007381e-04,4.9645457905e-04,5.0131734139e-04
2023-10-30,3.7900869619e-04,4.3656528858e-04,5.8506402896e-04,5.7135022166e-04
2023-10-31,4.5849724751e-04,5.2785510544e-04,5.1227891876e-04,5.0873047943e-04
2023-11-01,4.0184360677e-04,4.5920811254e-04,4.6695879954e-04,4.6490454499e-04
2023-11-02,6.7782784664e-04,7.8658030101e-04,8.3424190666e-04,8.2985651107e-04
2023-11-03,6.1664373050e-04,7.1413002486e-04,5.7608830106e-04,5.7304215052e-04
2023-11-04,5.4655717645e-04,6.2930831710e-04,3.2653125527e-04,3.2612702263e-04
2023-11-05,3.6710676254e-04,4.1664226922e-04,3.5315042966e-04,3.5349292533e-04
2023-11-06,5.6926163729e-04,6.5354925350e-04,7.1452366411e-04,6.9518974946e-04
2023-11-07,4.3524697161e-04,4.9204702070e-04,5.0156071290e-04,5.0090616369e-04
2023-11-08,5.5492832918e-04,6.6404815994e-04,6.5380593008e-04,6.5180537983e-04
2023-11-09,4.7689119532e-04,5.6787323444e-04,6.2975774862e-04,6.2975774862e-04
2023-11-10,1.0850470946e-03,1.3208525026e-03,1.0091583470e-03,1.0088846541e-03
2023-11-11,7.3091027564e-04,8.7475226425e-04,4.6103555250e-04,4.6098111189e-04
2023-11-12,4.3953854093e-04,5.2009645864e-04,4.4276509019e-04,4.4248628032e-04
2023-11-13,3.6822435279e-04,4.3272590462e-04,5.8572184892e-04,5.8557491806e-04
2023-11-14,5.6782180774e-04,6.7567516831e-04,7.5926978253e-04,7.5938783062e-04
2023-11-15,7.1166856845e-04,9.0085833094e-04,9.2884059954e-04,9.2888215571e-04
2023-11-16,8.1924548178e-04,1.0844433618e-03,1.4199029046e-03,1.4147031207e-03
2023-11-17,8.0429954716e-04,1.0685300457e-03,1.0227138003e-03,1.0246516708e-03
2023-11-18,7.6014026835e-04,1.0059839428e-03,5.1940686007e-04,5.2085268268e-04
2023-11-19,3.3486115314e-04,4.3262998686e-04,4.0054951354e-04,4.0192892043e-04
2023-11-20,4.1774075979e-04,5.4091240040e-04,7.6210766570e-04,7.6478702019e-04
2023-11-21,6.3952217168e-04,8.3040367932e-04,7.8219905056e-04,7.8295235257e-04
2023-11-22,6.9586048406e-04,8.9709226367e-04,1.0856670774e-03,1.0866002789e-03
2023-11-23,6.1566943890e-04,7.8414885490e-04,1.0238797964e-03,1.0227297466e-03
2023-11-24,3.9389825849e-04,4.9893183682e-04,4.5114923098e-04,4.5306766692e-04
2023-11-25,6.3153604028e-04,8.1409702885e-04,4.1350790173e-04,4.1594343031e-04
2023-11-26,1.9994411087e-04,2.4782832356e-04,2.4815266934e-04,2.4961415927e-04
2023-11-27,3.2095057257e-04,4.0257120245e-04,5.1102337273e-04,5.1278795426e-04
2023-11-28,4.2712474317e-04,5.4110609999e-04,5.2178383624e-04,5.2211428185e-04
2023-11-29,4.6761958875e-04,5.9352898534e-04,6.1250384048e-04,6.1458567537e-04
2023-11-30,3.9815378899e-04,5.0246209615e-04,5.3560889800e-04,5.3606692858e-04
2023-12-01,3.5080016262e-04,4.4251463945e-04,3.7329039360e-04,3.7329039360e-04
2023-12-02,4.2342906271e-04,5.5296550717e-04,3.0593431152e-04,3.0596527572e-04
2023-12-03,4.1666806057e-04,5.4725618237e-04,4.1916077035e-04,4.1917764195e-04
2023-12-04,3.3468121954e-04,4.3489319443e-04,5.2969486995e-04,5.2997008198e-04
2023-12-05,7.3996349584e-04,9.7797617004e-04,1.0436836680e-03,1.0438364815e-03
2023-12-06,7.6653872238e-04,1.0067738571e-03,1.1607902497e-03,1.1613231323e-03
2023-12-07,6.9132619085e-04,9.0828012512e-04,9.9793566059e-04,9.9807692049e-04
2023-12-08,5.4071222908e-04,7.1457844335e-04,6.3866378506e-04,6.3930777602e-04
2023-12-09,4.9163436432e-04,6.5651900147e-04,3.9473362970e-04,3.9511360610e-04
2023-12-10,3.7551359833e-04,5.0073986916e-04,4.2466598803e-04,4.2599508284e-04
2023-12-11,2.6308686776e-04,3.4433777600e-04,4.5436391401e-04,4.5400196059e-04
2023-12-12,1.1324911892e-03,1.5102373345e-03,1.6752941478e-03,1.6825070496e-03
2023-12-13,8.0491292777e-04,1.0587742360e-03,1.0229552692e-03,1.0269688883e-03
2023-12-14,8.4602475754e-04,1.1137345523e-03,1.3698763534e-03,1.3749538449e-03
2023-12-15,8.5284391371e-04,1.1197825340e-03,8.8672494242e-04,8.9114638880e-04
2023-12-16,5.9496546919e-04,7.7178085211e-04,5.0498543036e-04,5.0506124737e-04
2023-12-17,4.1021679618e-04,5.2546882391e-04,4.5044617153e-04,4.5231541062e-04
2023-12-18,5.3397456757e-04,6.8162517475e-04,8.8408695453e-04,8.7460392826e-04
2023-12-19,7.1497327069e-04,9.0890833605e-04,9.4969335403e-04,9.5426382454e-04
2023-12-20,6.1260408594e-04,7.7013878856e-04,7.7199825472e-04,7.7509862898e-04
2023-12-21,7.1834421354e-04,9.0407598431e-04,1.0789531647e-03,1.0848741701e-03
2023-12-22,5.8010634631e-04,7.2522354861e-04,5.9940466002e-04,6.0279430749e-04
2023-12-23,5.5947551765e-04,6.9642796112e-04,3.6074859661e-04,3.6074859661e-04
2023-12-24,3.2595158507e-04,3.9906427481e-04,3.4717097129e-04,3.4728140976e-04
2023-12-25,4.7312410785e-04,5.8380210701e-04,7.2593427981e-04,7.2604218664e-04
2023-12-26,4.3165811360e-04,5.2778961618e-04,5.5193645662e-04,5.5213180995e-04
2023-12-27,5.4084590351e-04,6.7155656981e-04,7.2255027210e-04,7.2301654133e-04
2023-12-28,4.8572342534e-04,6.0657320514e-04,7.0999795733e-04,7.1026275486e-04
2023-12-29,5.1881396425e-04,6.5422698981e-04,5.6585316592e-04,5.6647632984e-04
2023-12-30,5.7996140101e-04,7.3314243972e-04,3.6841347711e-04,3.6967286543e-04
2023-12-31,4.1563921882e-04,5.2106515323e-04,3.9378976997e-04,3.9437764278e-04
2024-01-01,4.1962628518e-04,5.2420426726e-04,6.1365399911e-04,6.1560126708e-04
2024-01-02,4.4883347747e-04,5.5890267189e-04,6.8733353366e-04,6.8782757134e-04
2024-01-03,8.3270295390e-04,1.0804274593e-03,1.0092896011e-03,1.0127617748e-03
2024-01-04,2.3430810823e-03,2.9830907027e-03,3.2893079058e-03,3.2740035013e-03
2024-01-05,1.0354124590e-03,1.2865681026e-03,1.2441912907e-03,1.2432774781e-03
2024-01-06,1.2310411892e-03,1.5324769820e-03,7.6339439314e-04,7.6521952522e-04
2024-01-07,5.2946063363e-04,6.4333188146e-04,6.3451261909e-04,6.3934835287e-04
2024-01-08,6.7607634616e-04,8.2376037435e-04,1.1260944320e-03,1.1367678315e-03
2024-01-09,1.0667076717e-03,1.2869436617e-03,1.5684295891e-03,1.5583379078e-03
2024-01-10,1.7836353714e-03,2.1456032855e-03,1.9754863549e-03,1.9473661036e-03
2024-01-11,1.7049864955e-03,2.0103453322e-03,2.0223866876e-03,2.0244028520e-03
2024-01-12,1.5872057468e-03,1.8517791064e-03,1.4312547620e-03,1.4319662494e-03
2024-01-13,1.9552758024e-03,2.2593506550e-03,1.6320357714e-03,1.6499919570e-03
2024-01-14,9.8553532272e-04,1.1103236456e-03,9.1343377164e-04,9.1343377164e-04
2024-01-15,8.4754235042e-04,9.4211261260e-04,1.4075464495e-03,1.4083905306e-03
2024-01-16,8.4669664888e-04,9.3463842695e-04,1.0965694597e-03,1.0978636899e-03
2024-01-17,9.6104677422e-04,1.0573395570e-03,1.1521857949e-03,1.1525658931e-03
2024-01-18,6.3966753653e-04,6.8809443335e-04,8.0311304921e-04,8.0335930188e-04
2024-01-19,8.1401408327e-04,8.8121008662e-04,8.0637859566e-04,8.0551451322e-04
2024-01-20,8.6252768476e-04,9.3434222751e-04,4.5023463169e-04,4.4966864494e-04
2024-01-21,3.7660519446e-04,3.9683716448e-04,3.4485613838e-04,3.4584694205e-04
2024-01-22,2.7499730074e-04,2.8617643720e-04,4.1709351505e-04,4.1954345719e-04
2024-01-23,9.9106789688e-04,1.0729865298e-03,1.2167218223e-03,1.2168638817e-03
2024-01-24,9.3666274391e-04,1.0084779918e-03,9.6105260043e-04,9.6311893415e-04
2024-01-25,7.4102506145e-04,7.9530067099e-04,8.5670512316e-04,8.5725514501e-04
2024-01-26,5.3152567392e-04,5.9403375122e-04,5.2197542110e-04,5.2220274045e-04
2024-01-27,7.3860851794e-04,8.3867800694e-04,5.1840485410e-04,5.1897222168e-04
2024-01-28,3.4901919865e-04,3.9004834785e-04,3.4285525106e-04,3.4414566537e-04
2024-01-29,5.2029670432e-04,5.8418343331e-04,6.5260853396e-04,6.5141014506e-04
2024-01-30,5.7592068935e-04,6.4691010075e-04,6.9830014398e-04,7.0016431977e-04
2024-01-31,5.9769139045e-04,6.7957226735e-04,6.8779737145e-04,6.9088764443e-04
2024-02-01,6.6967943545e-04,7.8754522505e-04,8.2018599719e-04,8.2329078913e-04
2024-02-02,5.8055946128e-04,7.0112119581e-04,5.8192548625e-04,5.8276786707e-04
2024-02-03,4.8849355516e-04,6.0111503707e-04,3.0936501885e-04,3.1113579221e-04
2024-02-04,2.4010537940e-04,3.0174788560e-04,2.7605337472e-04,2.7707558743e-04
2024-02-05,3.2295579583e-04,4.1121174849e-04,5.3362868639e-04,5.3362868639e-04
2024-02-06,4.1813438413e-04,5.3581571882e-04,5.1183436167e-04,5.1188678147e-04
2024-02-07,3.5489611954e-04,4.5381025629e-04,4.7433552009e-04,4.7460672462e-04
2024-02-08,4.2275789700e-04,5.4837967849e-04,6.4167431338e-04,6.4198104688e-04
2024-02-09,4.3983359916e-04,5.7387728920e-04,4.8665719617e-04,4.8719868191e-04
2024-02-10,7.0329940167e-04,9.3277875012e-04,4.9174394682e-04,4.9184845965e-04
2024-02-11,3.7260738772e-04,4.9056808860e-04,3.9965136080e-04,3.9993743262e-04
2024-02-12,4.1297540963e-04,5.4322056025e-04,6.7488100054e-04,6.7625999251e-04
2024-02-13,6.6843592260e-04,8.8062801256e-04,9.3976814767e-04,9.4220313659e-04
2024-02-14,6.9839393226e-04,9.2981647758e-04,9.0295772876e-04,9.0452677718e-04
2024-02-15,6.5315574517e-04,8.7040158624e-04,1.1007629537e-03,1.1035896195e-03
2024-02-16,6.9699220824e-04,9.2979508285e-04,7.1276381292e-04,7.1240302803e-04
2024-02-17,5.5286145488e-04,7.3106274169e-04,3.8351795816e-04,3.8482231341e-04
2024-02-18,4.7255114502e-04,6.2363056704e-04,4.9557576509e-04,4.9698195580e-04
2024-02-19,4.1162851217e-04,5.3724185636e-04,6.8238379305e-04,6.8441491169e-04
2024-02-20,4.1203552767e-04,5.3645805863e-04,5.7203430441e-04,5.7440589408e-04
2024-02-21,6.3529022812e-04,8.3184457662e-04,7.9081802255e-04,7.9464506859e-04
2024-02-22,5.2003094111e-04,6.7723642993e-04,7.4491341723e-04,7.4846948888e-04
2024-02-23,5.5592119231e-04,7.2832791508e-04,5.9355531158e-04,5.9509634982e-04
2024-02-24,4.4752458860e-04,5.8492045776e-04,3.1757147183e-04,3.1920138552e-04
2024-02-25,2.7108177800e-04,3.5080256219e-04,3.2734503730e-04,3.2878695126e-04
2024-02-26,2.8045281613e-04,3.6025337317e-04,4.6025508776e-04,4.6292312363e-04
2024-02-27,6.1061323405e-04,7.9405891244e-04,8.9801434143e-04,8.9801434143e-04
2024-02-28,9.7110214155e-04,1.2593182434e-03,1.3379192540e-03,1.3361906706e-03
2024-02-29,1.5708192324e-03,1.9983645332e-03,2.8214631049e-03,2.8065322553e-03
2024-03-01,1.4534520771e-03,1.8113610833e-03,1.4701604314e-03,1.4689358547e-03
2024-03-02,1.0353110397e-03,1.2724111845e-03,7.2043267755e-04,7.2079510719e-04
2024-03-03,5.9539802887e-04,7.2715408491e-04,6.6343700311e-04,6.6532271246e-04
2024-03-04,6.1580715064e-04,7.4831161992e-04,1.0958644203e-03,1.0994558428e-03
2024-03-05,1.6354710085e-03,1.9741850707e-03,2.4464456662e-03,2.4355554748e-03
2024-03-06,2.7018295533e-03,3.1679362116e-03,3.7964639350e-03,3.7851119658e-03
2024-03-07,2.1003682133e-03,2.4097612494e-03,2.8593983375e-03,2.8565070139e-03
2024-03-08,1.3271394725e-03,1.5044888948e-03,1.3732208915e-03,1.3779561323e-03
2024-03-09,1.8004744641e-03,2.0405399582e-03,1.0954736634e-03,1.0985836215e-03
2024-03-10,5.5064772612e-04,6.0654857251e-04,6.2908800286e-04,6.3280728812e-04
2024-03-11,8.4128881794e-04,9.2013698858e-04,1.1941558330e-03,1.1913722414e-03
2024-03-12,1.2055254893e-03,1.3109048843e-03,1.4882301559e-03,1.4760929399e-03
2024-03-13,1.2378495043e-03,1.3377448859e-03,1.3115363553e-03,1.3098653605e-03
2024-03-14,8.4825959093e-04,9.0309281471e-04,1.0899425697e-03,1.0924420280e-03
2024-03-15,1.4598597173e-03,1.5728142168e-03,1.2615967438e-03,1.2631368378e-03
2024-03-16,2.5151149264e-03,2.7095717425e-03,1.2571402862e-03,1.2611783037e-03
2024-03-17,1.4932528762e-03,1.5770879810e-03,1.5702235214e-03,1.5758538939e-03
2024-03-18,1.5615812237e-03,1.6376811610e-03,2.2867895702e-03,2.2732771281e-03
2024-03-19,1.6111419141e-03,1.6804703165e-03,1.7557844163e-03,1.7540195570e-03
2024-03-20,2.4563839142e-03,2.5596506733e-03,3.8353725237e-03,3.8353725237e-03
2024-03-21,2.3329042896e-03,2.4017160178e-03,3.6801491738e-03,3.6801523538e-03
2024-03-22,1.7348575704e-03,1.7864036614e-03,1.7266014138e-03,1.7267167353e-03
2024-03-23,1.6748895223e-03,1.7283196968e-03,9.7476142458e-04,9.7458089346e-04
2024-03-24,1.2907493639e-03,1.3219516864e-03,1.0096332715e-03,1.0092486454e-03
2024-03-25,1.2451714096e-03,1.2621231216e-03,1.8774839280e-03,1.8806671626e-03
2024-03-26,1.2251982504e-03,1.2287154297e-03,1.4477749680e-03,1.4496401598e-03
2024-03-27,1.1436022543e-03,1.1528203719e-03,1.1441862433e-03,1.1439637787e-03
2024-03-28,1.1716325171e-03,1.2124092022e-03,1.2851174422e-03,1.2864184930e-03
2024-03-29,9.0745685286e-04,9.4595267501e-04,8.4278866921e-04,8.4359478910e-04
2024-03-30,6.6796726363e-04,6.9225265410e-04,3.9802799660e-04,3.9812182383e-04
2024-03-31,4.0129784562e-04,4.1378949961e-04,3.6606001542e-04,3.6680718054e-04
2024-04-01,5.1436866438e-04,5.3023096006e-04,7.2311029181e-04,7.2590504464e-04
2024-04-02,7.0997362806e-04,7.3364595215e-04,7.6100423062e-04,7.6184517088e-04
2024-04-03,1.4354157577e-03,1.5198898523e-03,1.7759726008e-03,1.7723280204e-03
2024-04-04,9.4148890441e-04,9.9214584883e-04,1.0665618988e-03,1.0696606344e-03
2024-04-05,9.6422519352e-04,1.0191886700e-03,9.6813564175e-04,9.7227585950e-04
2024-04-06,1.1497167963e-03,1.2313695507e-03,6.0261928601e-04,6.0308811998e-04
2024-04-07,6.2736012543e-04,6.8168858664e-04,5.9618388028e-04,5.9802823221e-04
2024-04-08,6.4167508629e-04,6.9719244284e-04,8.4615192889e-04,8.4790079546e-04
2024-04-09,8.3849092337e-04,9.2291881988e-04,1.0246006581e-03,1.0219620145e-03
2024-04-10,9.0027039432e-04,9.9876032691e-04,1.1535192975e-03,1.1565559917e-03
2024-04-11,1.0388694497e-03,1.1816303981e-03,1.2591584112e-03,1.2591584112e-03
2024-04-12,8.7325591444e-04,1.0159902606e-03,8.2308940002e-04,8.2317189670e-04
2024-04-13,1.0389566705e-03,1.2254303936e-03,7.0981615051e-04,7.0972141667e-04
2024-04-14,2.3688681265e-03,2.7959980339e-03,2.0860164557e-03,2.0716427771e-03
2024-04-15,1.8175071024e-03,2.1061719607e-03,2.4709783903e-03,2.4736254598e-03
2024-04-16,1.4534762533e-03,1.6672656909e-03,2.0351738647e-03,2.0293131154e-03
2024-04-17,1.6503399814e-03,1.8884446851e-03,1.9239807718e-03,1.9272557223e-03
2024-04-18,1.7925774722e-03,2.0384232920e-03,2.7056971712e-03,2.7006983484e-03
2024-04-19,1.4381878087e-03,1.6105971066e-03,1.5090279327e-03,1.5128584230e-03
2024-04-20,2.0919111208e-03,2.3229530434e-03,1.0265819303e-03,1.0126301475e-03
2024-04-21,9.6157421093e-04,1.0437294604e-03,8.9841722832e-04,8.9971617476e-04
2024-04-22,7.7973491428e-04,8.3718362827e-04,1.0965009797e-03,1.1004923041e-03
2024-04-23,9.9733089086e-04,1.0689537998e-03,1.2662944920e-03,1.2711054435e-03
2024-04-24,6.9056468316e-04,7.3154958441e-04,8.6741864054e-04,8.6905124866e-04
2024-04-25,8.2199227588e-04,8.7314191026e-04,1.0628115737e-03,1.0619821825e-03
2024-04-26,7.9765497978e-04,8.4787069377e-04,6.5410557746e-04,6.5230182380e-04
2024-04-27,7.0330371761e-04,7.4731320872e-04,3.9110016547e-04,3.8539349986e-04
2024-04-28,6.8531430050e-04,7.2976423865e-04,5.1504377158e-04,5.1523004301e-04
2024-04-29,5.0098254161e-04,5.2902246948e-04,6.6503156452e-04,6.6693574688e-04
2024-04-30,7.3007528153e-04,7.7635592208e-04,7.7117299328e-04,7.7474792588e-04
2024-05-01,1.0816765483e-03,1.1621898862e-03,1.3761130546e-03,1.3682152601e-03
2024-05-02,1.6578518539e-03,1.7975461659e-03,2.0104749385e-03,2.0098641610e-03
2024-05-03,1.1544510475e-03,1.2441995505e-03,1.0168118933e-03,1.0168118933e-03
2024-05-04,1.1592742939e-03,1.2512031364e-03,8.3514797722e-04,8.3512234275e-04
2024-05-05,9.2489245809e-04,9.9645169067e-04,8.0218758435e-04,8.0227114881e-04
2024-05-06,7.1066297970e-04,7.8546289320e-04,9.9480176856e-04,9.9479963422e-04
2024-05-07,8.3577647401e-04,9.3450016178e-04,9.7839946777e-04,9.7819491810e-04
2024-05-08,7.9686655715e-04,8.9451544570e-04,9.5252825959e-04,9.5239669554e-04
2024-05-09,7.4784449348e-04,8.4594944501e-04,9.7527854552e-04,9.7520948635e-04
2024-05-10,6.6265060883e-04,7.5905865830e-04,7.0475220018e-04,7.0504371150e-04
2024-05-11,7.5210039507e-04,8.7365433129e-04,5.1508831782e-04,5.1551790492e-04
2024-05-12,3.9081394146e-04,4.6097775208e-04,3.7122205646e-04,3.7199937792e-04
2024-05-13,3.7905603475e-04,4.4728592511e-04,5.8923817502e-04,5.9022448777e-04
2024-05-14,6.4387039399e-04,7.6768732808e-04,7.9325707964e-04,7.9403535165e-04
2024-05-15,7.0050290043e-04,8.3860506612e-04,8.8658930963e-04,8.8790204681e-04
2024-05-16,8.9096091048e-04,1.0658081531e-03,1.4463346411e-03,1.4482628719e-03
2024-05-17,6.2281219109e-04,7.4220831660e-04,6.5845344521e-04,6.5893369044e-04
2024-05-18,6.4738535979e-04,7.7554949238e-04,4.4471068157e-04,4.4651070508e-04
2024-05-19,3.8618620924e-04,4.5727389856e-04,3.7981173190e-04,3.8135959313e-04
2024-05-20,4.6481295601e-04,5.5257769105e-04,6.9995387022e-04,7.0105899479e-04
2024-05-21,8.0797688020e-04,9.6362772821e-04,1.2202913553e-03,1.2255939979e-03
2024-05-22,6.4199813428e-04,7.6169531288e-04,8.2448322028e-04,8.2516806089e-04
2024-05-23,5.5423697775e-04,6.6216948970e-04,7.7047648625e-04,7.7338084029e-04
2024-05-24,8.2217686499e-04,1.0211004062e-03,8.2990355623e-04,8.3079492582e-04
2024-05-25,5.7712881437e-04,7.1842458322e-04,3.8309820597e-04,3.8309820597e-04
2024-05-26,2.9249130091e-04,3.6121339168e-04,3.2782858819e-04,3.2797895771e-04
2024-05-27,3.1036405278e-04,3.8554173941e-04,5.3568723793e-04,5.3623284953e-04
2024-05-28,5.2416512783e-04,6.5930944054e-04,6.7698297284e-04,6.7716526094e-04
2024-05-29,6.4181919309e-04,8.0893945643e-04,7.9292425969e-04,7.9271685116e-04
2024-05-30,4.9399112377e-04,6.2111398306e-04,6.8892136367e-04,6.8937445992e-04
2024-05-31,5.3926091759e-04,6.8424874017e-04,5.6186467496e-04,5.6231531815e-04
2024-06-01,5.2848826927e-04,6.7307076525e-04,3.5553626977e-04,3.5678385165e-04
2024-06-02,2.0531245594e-04,2.5749502507e-04,2.4469639562e-04,2.4572276383e-04
2024-06-03,3.3209094067e-04,4.1837842066e-04,4.9935075503e-04,5.0041415118e-04
2024-06-04,5.4814878885e-04,6.9574930108e-04,6.8003893769e-04,6.8051447315e-04
2024-06-05,4.9526348640e-04,6.2846559204e-04,6.8079920956e-04,6.8284248784e-04
2024-06-06,4.6159026604e-04,5.8793408917e-04,6.3231363618e-04,6.3405461022e-04
2024-06-07,3.7079838275e-04,4.7939375117e-04,4.1672477564e-04,4.1830923695e-04
2024-06-08,7.0653121084e-04,9.2733142957e-04,4.6078302359e-04,4.6389182629e-04
2024-06-09,1.8325089695e-04,2.3278982546e-04,2.2335660930e-04,2.2422927323e-04
2024-06-10,1.9105860219e-04,2.4258292995e-04,3.5953249075e-04,3.6107074421e-04
2024-06-11,2.8837012647e-04,3.7004104616e-04,3.9934892458e-04,4.0137580256e-04
2024-06-12,6.0096431933e-04,7.9728743801e-04,8.6735244779e-04,8.7217882212e-04
2024-06-13,7.5273145868e-04,9.9439369464e-04,9.6395749742e-04,9.6732713602e-04
2024-06-14,5.6300567756e-04,7.3888866840e-04,6.6193398825e-04,6.6271915210e-04
2024-06-15,5.9004610621e-04,7.8502009625e-04,4.0649096502e-04,4.1106028287e-04
2024-06-16,2.3831076482e-04,3.1168814257e-04,2.9741140181e-04,2.9741140181e-04
2024-06-17,2.6614016035e-04,3.4720155169e-04,4.9877137080e-04,4.9971221584e-04
2024-06-18,5.6630213507e-04,7.4264787988e-04,6.8208611287e-04,6.8171900305e-04
2024-06-19,7.6587088640e-04,1.0044191593e-03,9.9324106697e-04,9.9209663802e-04
2024-06-20,3.9246172175e-04,5.0874106319e-04,5.9038205432e-04,5.9093289880e-04
2024-06-21,4.9344596139e-04,6.4607066671e-04,5.3034079365e-04,5.3074594888e-04
2024-06-22,5.4221206544e-04,7.1387209015e-04,3.7416721626e-04,3.7461523746e-04
2024-06-23,1.8690484472e-04,2.3946923510e-04,2.3270078706e-04,2.3391246400e-04
2024-06-24,2.4814746302e-04,3.1626481623e-04,4.3953906621e-04,4.4031836554e-04
2024-06-25,7.8663069886e-04,1.0276667279e-03,1.1401248029e-03,1.1384701352e-03
2024-06-26,6.7588501420e-04,8.7729427218e-04,9.2317771319e-04,9.2617759381e-04
2024-06-27,5.0383138573e-04,6.4858290361e-04,7.7044976517e-04,7.7285315131e-04
2024-06-28,4.9013548532e-04,6.3252246036e-04,5.7133941061e-04,5.7305107680e-04
2024-06-29,5.3370999074e-04,6.8925790883e-04,3.9440474444e-04,3.9662661059e-04
2024-06-30,2.6712223947e-04,3.4070136698e-04,2.9841311283e-04,3.0037582541e-04
2024-07-01,4.2217935248e-04,5.3915642829e-04,6.9061869082e-04,6.8749609385e-04
2024-07-02,4.2995733860e-04,5.4528274200e-04,5.3324439973e-04,5.3403776980e-04
2024-07-03,3.4944111057e-04,4.3891461084e-04,4.9030831549e-04,4.9344834699e-04
2024-07-04,5.2115942896e-04,6.6605199830e-04,7.8076867375e-04,7.8424609818e-04
2024-07-05,8.6677425380e-04,1.1333067103e-03,1.0717787515e-03,1.0755467162e-03
2024-07-06,1.4554418279e-03,1.8786117841e-03,7.8196689156e-04,7.8631069051e-04
2024-07-07,6.2659328557e-04,7.9102332014e-04,6.9850787953e-04,7.0307814831e-04
2024-07-08,7.0714728817e-04,8.8924748538e-04,1.3844888814e-03,1.3844888814e-03
2024-07-09,1.4950566767e-03,1.8701723304e-03,1.7785729742e-03,1.7784449651e-03
2024-07-10,9.5742539066e-04,1.1754846350e-03,1.3719349388e-03,1.3720497000e-03
2024-07-11,7.9772016418e-04,9.7141094966e-04,1.0914274649e-03,1.0922662034e-03
2024-07-12,9.9121588406e-04,1.2043107992e-03,9.7682337235e-04,9.7804229001e-04
2024-07-13,7.9163160919e-04,9.5257423976e-04,5.0826529402e-04,5.0878536125e-04
2024-07-14,5.6165184783e-04,6.6403474907e-04,5.5678273543e-04,5.5686854345e-04
2024-07-15,7.0570134819e-04,8.3236815722e-04,1.0553515690e-03,1.0542892641e-03
2024-07-16,8.6901429395e-04,1.0221831532e-03,1.2964762440e-03,1.2988199981e-03
2024-07-17,9.7398916345e-04,1.1503264725e-03,1.0688876293e-03,1.0721587346e-03
2024-07-18,8.1238388260e-04,9.5491885369e-04,1.0806053554e-03,1.0815901611e-03
2024-07-19,7.0946041083e-04,8.2992292161e-04,6.9099629358e-04,6.9275173762e-04
2024-07-20,7.9607009793e-04,9.3099034480e-04,5.4901418060e-04,5.4962598408e-04
2024-07-21,5.2274936949e-04,6.0257260067e-04,4.7841109075e-04,4.7855397311e-04
2024-07-22,6.8469108088e-04,7.8818023452e-04,9.2967812043e-04,9.2959613414e-04
2024-07-23,5.8314166373e-04,6.6563803252e-04,6.9981275111e-04,7.0130769910e-04
2024-07-24,6.8422226229e-04,7.8277292408e-04,8.6894844799e-04,8.7056406305e-04
2024-07-25,6.1118830792e-04,6.9349257754e-04,7.6138714715e-04,7.6277410833e-04
2024-07-26,8.5330873789e-04,9.7843716199e-04,7.3994376064e-04,7.4232205485e-04
2024-07-27,6.2694024819e-04,7.1847868853e-04,4.0897435999e-04,4.0992635382e-04
2024-07-28,1.0732059626e-03,1.2780450895e-03,7.7347072543e-04,7.7706283711e-04
2024-07-29,5.1395123702e-04,5.9858487531e-04,7.7136912390e-04,7.7198868653e-04
2024-07-30,8.3275687853e-04,9.8277146111e-04,1.0663085484e-03,1.0663085484e-03
2024-07-31,6.7844207668e-04,8.1248534077e-04,8.6887029559e-04,8.6901109300e-04
2024-08-01,6.9011988540e-04,8.3087779278e-04,1.0340274874e-03,1.0343636728e-03
2024-08-02,8.0770225953e-04,9.7153573625e-04,7.6063400489e-04,7.6066522918e-04
2024-08-03,1.0424033391e-03,1.2655321132e-03,7.9697106697e-04,7.9742512225e-04
2024-08-04,8.8290981844e-04,1.0625797365e-03,7.5717109554e-04,7.5696942225e-04
2024-08-05,1.0043754333e-03,1.2039161609e-03,1.6461083897e-03,1.6459842028e-03
2024-08-06,5.1438663173e-03,5.8823620611e-03,6.7813221933e-03,6.6531044239e-03
2024-08-07,2.2814909863e-03,2.5113422112e-03,3.0439705447e-03,3.0542973262e-03
2024-08-08,1.8655259373e-03,2.0325222391e-03,2.5824511664e-03,2.5946930621e-03
2024-08-09,2.6714001565e-03,2.9060868526e-03,4.0652058515e-03,4.0778309412e-03
2024-08-10,1.9729677313e-03,2.1093418779e-03,1.2194191566e-03,1.2236930875e-03
2024-08-11,7.6011861249e-04,7.7339960589e-04,6.7030185156e-04,6.7559758039e-04
2024-08-12,1.0619342239e-03,1.0849360810e-03,1.6595402468e-03,1.6237241740e-03
2024-08-13,1.7713583915e-03,1.8290344739e-03,1.7116895842e-03,1.7184125920e-03
2024-08-14,1.1826949727e-03,1.1916243162e-03,1.2885074019e-03,1.2967177894e-03
2024-08-15,1.0945205763e-03,1.0948194034e-03,1.3842576973e-03,1.3834350646e-03
2024-08-16,1.3464840591e-03,1.3557359597e-03,1.1539489165e-03,1.1516887638e-03
2024-08-17,1.2342661046e-03,1.2394222483e-03,6.5978481667e-04,6.6305612007e-04
2024-08-18,4.6073703878e-04,4.4408634695e-04,4.1352610346e-04,4.1716324382e-04
2024-08-19,6.5557973831e-04,6.4150592004e-04,8.9587585484e-04,8.7856064708e-04
2024-08-20,8.9912314188e-04,8.8671133129e-04,9.1633076387e-04,9.2414756432e-04
2024-08-21,9.3131983156e-04,9.1672061072e-04,8.8519708420e-04,8.8519708420e-04
2024-08-22,9.8402320659e-04,9.6746230611e-04,1.1106428255e-03,1.1107380691e-03
2024-08-23,7.8234012470e-04,7.6521315257e-04,6.6425745684e-04,6.6465497301e-04
2024-08-24,1.2030433421e-03,1.1989838668e-03,7.0547617076e-04,7.0616663440e-04
2024-08-25,5.9524138465e-04,5.8065351499e-04,4.5589996200e-04,4.5602551047e-04
2024-08-26,4.9727450459e-04,4.8242754592e-04,6.4111008870e-04,6.4175941252e-04
2024-08-27,6.7936925693e-04,6.6695173592e-04,7.5043318501e-04,7.5143173501e-04
2024-08-28,1.1867545828e-03,1.3266307722e-03,1.6079193138e-03,1.6071339377e-03
2024-08-29,1.1703623158e-03,1.3219923948e-03,1.2728298836e-03,1.2744156298e-03
2024-08-30,9.0212358331e-04,1.0202906538e-03,8.2257036271e-04,8.2105126416e-04
2024-08-31,8.4357882483e-04,9.8024042955e-04,4.9114989499e-04,4.9171978170e-04
2024-09-01,3.3602532944e-04,3.8447677447e-04,3.6926132099e-04,3.6931907740e-04
2024-09-02,7.5788392450e-04,8.8402169738e-04,1.1940185189e-03,1.1952760496e-03
2024-09-03,6.6511901176e-04,7.6891438035e-04,8.6530980557e-04,8.6360460509e-04
2024-09-04,5.6686038467e-04,6.6369774181e-04,7.8836481319e-04,7.8810974674e-04
2024-09-05,1.1322562964e-03,1.3559115057e-03,1.2579684627e-03,1.2654964175e-03
2024-09-06,9.7332816691e-04,1.1621213766e-03,1.0597203387e-03,1.0582696580e-03
2024-09-07,1.2398953634e-03,1.4918317645e-03,8.2735869105e-04,8.3038143324e-04
2024-09-08,5.4031368170e-04,6.3677459625e-04,5.2884641911e-04,5.2754964023e-04
2024-09-09,7.0653744735e-04,8.3647301438e-04,1.0997931008e-03,1.1024687246e-03
2024-09-10,8.9154352392e-04,1.0529852155e-03,1.2128382994e-03,1.2127840953e-03
2024-09-11,7.5334675445e-04,8.8265806441e-04,9.3163638638e-04,9.2966904972e-04
2024-09-12,9.2154292489e-04,1.0802700494e-03,1.0666209564e-03,1.0666209564e-03
2024-09-13,7.7465086735e-04,9.0670571662e-04,7.6574684379e-04,7.6584467045e-04
2024-09-14,6.8542918807e-04,7.9866593023e-04,4.8192878235e-04,4.8182546799e-04
2024-09-15,3.8327561313e-04,4.4117121546e-04,3.8488621454e-04,3.8491077771e-04
2024-09-16,4.8197499026e-04,5.5775186053e-04,7.5128883970e-04,7.5135524202e-04
2024-09-17,6.5252691564e-04,7.5664383078e-04,7.6630072601e-04,7.6622430078e-04
2024-09-18,7.6204617689e-04,8.8496967952e-04,9.5295072470e-04,9.5326150245e-04
2024-09-19,8.6460613574e-04,1.0194830475e-03,1.0849635081e-03,1.0864120934e-03
2024-09-20,7.3418475818e-04,8.7304861391e-04,7.5029059613e-04,7.5148636104e-04
2024-09-21,6.6785282164e-04,7.9570820671e-04,3.9642490544e-04,3.9737175404e-04
2024-09-22,3.2297478552e-04,3.7696858669e-04,3.3493414006e-04,3.3542253931e-04
2024-09-23,4.7226315718e-04,5.5472060091e-04,6.9004788716e-04,6.9096203744e-04
2024-09-24,6.0592486532e-04,7.1644388156e-04,6.7904113593e-04,6.7945091540e-04
2024-09-25,5.6597151118e-04,6.6682077544e-04,6.8333543159e-04,6.8405245361e-04
2024-09-26,5.0451500315e-04,5.9128471082e-04,6.8244389194e-04,6.8437687528e-04
2024-09-27,6.1427556500e-04,7.4101434616e-04,6.6064834212e-04,6.6285672194e-04
2024-09-28,4.5814407728e-04,5.5379002887e-04,2.9077821569e-04,2.9242247743e-04
2024-09-29,2.7036740723e-04,3.2807825526e-04,2.7252374059e-04,2.7341722556e-04
2024-09-30,2.4625506105e-04,2.9734601975e-04,4.0877209575e-04,4.1030879706e-04
2024-10-01,5.1891032434e-04,6.4442764712e-04,7.2666334496e-04,7.2784602757e-04
2024-10-02,6.7398602878e-04,8.4784165994e-04,9.5134823580e-04,9.5318971631e-04
2024-10-03,8.4080153296e-04,1.0637692048e-03,9.9297178162e-04,9.9696654272e-04
2024-10-04,6.9010435490e-04,8.7672046876e-04,6.8419676640e-04,6.8419676640e-04
2024-10-05,5.8341447471e-04,7.4186730913e-04,4.1432649801e-04,4.1439406986e-04
2024-10-06,2.6550718083e-04,3.3077518793e-04,3.0650379256e-04,3.0680106070e-04
2024-10-07,3.2129483218e-04,4.0037331412e-04,5.7893597485e-04,5.7993348840e-04
2024-10-08,6.2856227963e-04,7.9140517028e-04,7.4719292558e-04,7.4715650598e-04
2024-10-09,5.1903497424e-04,6.4882976646e-04,6.2019428007e-04,6.2065729707e-04
2024-10-10,4.5849988663e-04,5.7502691894e-04,6.9870592301e-04,6.9919639665e-04
2024-10-11,5.6175218606e-04,7.2001760628e-04,5.6715546820e-04,5.6853455311e-04
2024-10-12,5.1431047254e-04,6.6232961836e-04,3.8195607588e-04,3.8332497099e-04
2024-10-13,3.1519498222e-04,4.0024648831e-04,3.2969663508e-04,3.3086102284e-04
2024-10-14,3.5478255848e-04,4.4956042790e-04,5.6254994052e-04,5.6325361878e-04
2024-10-15,5.6394637569e-04,7.2292520276e-04,8.4499773548e-04,8.4712184855e-04
2024-10-16,8.0836329803e-04,1.0419942656e-03,9.6988221208e-04,9.7248294832e-04
2024-10-17,5.9463705808e-04,7.5800404584e-04,8.1277513278e-04,8.1511666746e-04
2024-10-18,5.0416377991e-04,6.4044063162e-04,5.4619153855e-04,5.4888264979e-04
2024-10-19,5.1944537959e-04,6.6366497552e-04,3.5660137769e-04,3.5915192094e-04
2024-10-20,2.0460526243e-04,2.5369755780e-04,2.4398992530e-04,2.4558305238e-04
2024-10-21,2.6812159222e-04,3.3096677155e-04,4.5225677840e-04,4.5337657663e-04
2024-10-22,4.8560623816e-04,6.0592188342e-04,6.3610091487e-04,6.3705716676e-04
2024-10-23,4.7842556424e-04,5.9780599330e-04,5.5806085392e-04,5.6095541793e-04
2024-10-24,4.5566857068e-04,5.7360071648e-04,6.1659225523e-04,6.1956287062e-04
2024-10-25,4.3100685121e-04,5.5358714467e-04,4.9470807231e-04,4.9792534348e-04
2024-10-26,8.0133790409e-04,1.0517552119e-03,5.0462497076e-04,5.0462497076e-04
2024-10-27,3.0146255165e-04,3.8434997233e-04,3.2673952321e-04,3.2669808867e-04
2024-10-28,2.7141801297e-04,3.4326936475e-04,5.0933176946e-04,5.0953261021e-04
2024-10-29,5.0222944689e-04,6.4452592386e-04,7.1568227030e-04,7.1614604251e-04
2024-10-30,6.2830899051e-04,8.1546329148e-04,9.2845642200e-04,9.2926457916e-04
2024-10-31,5.6239759675e-04,7.2085546954e-04,7.2962726909e-04,7.3034451715e-04
2024-11-01,5.4135947573e-04,6.9372331956e-04,6.5046635217e-04,6.5139526694e-04
2024-11-02,7.9884262451e-04,1.0352132914e-03,4.7947846147e-04,4.8121394125e-04
2024-11-03,3.3610083675e-04,4.2420370463e-04,3.5463214753e-04,3.5567604184e-04
2024-11-04,5.3402080965e-04,6.7924963515e-04,8.2656505795e-04,8.2847171855e-04
2024-11-05,6.1267243218e-04,7.7699708252e-04,8.0141068880e-04,8.0314327915e-04
2024-11-06,6.8020710952e-04,8.6495642837e-04,9.1536332457e-04,9.1825395593e-04
2024-11-07,1.1452763220e-03,1.4703789680e-03,2.0204955449e-03,2.0227068353e-03
2024-11-08,6.8593376097e-04,8.6616157824e-04,7.2824591834e-04,7.2839838591e-04
2024-11-09,5.7484805270e-04,7.2064416484e-04,3.8875534475e-04,3.9080467539e-04
2024-11-10,3.3995920790e-04,4.1941851962e-04,3.7200207485e-04,3.7294840629e-04
2024-11-11,8.7865380337e-04,1.1030855624e-03,1.4939279263e-03,1.5024785899e-03
2024-11-12,1.0454667717e-03,1.2867317457e-03,1.8047210004e-03,1.8138389573e-03
2024-11-13,1.6915318563e-03,2.0641515716e-03,1.7843167132e-03,1.7915765787e-03
2024-11-14,1.8017372581e-03,2.1547458985e-03,2.2787701073e-03,2.2905957877e-03
2024-11-15,1.6423682202e-03,1.9313921512e-03,1.8280304825e-03,1.8306880609e-03
2024-11-16,1.4016263394e-03,1.6227823668e-03,9.6230227007e-04,9.6821854422e-04
2024-11-17,7.4710840960e-04,8.5187265170e-04,7.4665979346e-04,7.4665979346e-04
2024-11-18,7.8685671287e-04,8.8816672199e-04,1.2114452502e-03,1.2121413663e-03
2024-11-19,1.1530847628e-03,1.2955348256e-03,1.2405925025e-03,1.2407174726e-03
2024-11-20,9.5678084111e-04,1.0577569735e-03,1.1294477028e-03,1.1294949221e-03
2024-11-21,8.3175261069e-04,9.1137605347e-04,1.0417553883e-03,1.0418213912e-03
2024-11-22,1.0532144781e-03,1.1626403075e-03,1.0746188943e-03,1.0743523205e-03
2024-11-23,7.5721626382e-04,8.2671438412e-04,4.2073980716e-04,4.2077863011e-04
2024-11-24,4.8850817020e-04,5.2635457430e-04,4.5343738924e-04,4.5391252882e-04
2024-11-25,6.1239967848e-04,6.6080741219e-04,7.8812087532e-04,7.8823774312e-04
2024-11-26,1.0437657939e-03,1.1429200472e-03,1.3802998664e-03,1.3802360927e-03
2024-11-27,1.1402570913e-03,1.2455905418e-03,1.1721651811e-03,1.1730093789e-03
2024-11-28,8.2236161541e-04,8.8982762263e-04,1.1493066295e-03,1.1494444323e-03
2024-11-29,6.9387190699e-04,7.5799133165e-04,6.5202716807e-04,6.5318548059e-04
2024-11-30,6.8926690280e-04,7.5412240102e-04,4.1624645568e-04,4.1703935626e-04
2024-12-01,3.8099298646e-04,4.0695275778e-04,3.6975282211e-04,3.7068093746e-04
2024-12-02,4.1975394908e-04,4.4432561166e-04,5.7065843980e-04,5.7048943776e-04
2024-12-03,7.7772743222e-04,8.4354167966e-04,7.9634722857e-04,7.9618887629e-04
2024-12-04,6.9580445414e-04,7.5973791751e-04,7.0512329183e-04,7.0677449905e-04
2024-12-05,7.3369409353e-04,8.2570581741e-04,9.2678217912e-04,9.2870987144e-04
2024-12-06,2.1565213650e-03,2.5362982151e-03,1.7660651391e-03,1.7670244532e-03
2024-12-07,1.0697759281e-03,1.2454143943e-03,6.9460533522e-04,6.9744958597e-04
2024-12-08,5.8002394308e-04,6.6877392870e-04,5.7574147950e-04,5.7925517003e-04
2024-12-09,6.1021410096e-04,7.0442138355e-04,1.0437002593e-03,1.0437002593e-03
2024-12-10,1.4147360823e-03,1.6629020788e-03,1.9465863654e-03,1.9461330362e-03
2024-12-11,1.1617611970e-03,1.3371296936e-03,1.2582235552e-03,1.2587220025e-03
2024-12-12,8.2064042596e-04,9.3395937652e-04,1.2651407902e-03,1.2637879139e-03
2024-12-13,8.4861335648e-04,9.6897793470e-04,8.4143536735e-04,8.4142941424e-04
2024-12-14,6.8521466425e-04,7.8280094977e-04,4.3337514972e-04,4.3324798316e-04
2024-12-15,4.9689222003e-04,5.5857203781e-04,4.3613954032e-04,4.3614079424e-04
2024-12-16,5.5412241511e-04,6.1911088323e-04,8.4201266140e-04,8.4055752464e-04
2024-12-17,8.1530886238e-04,9.1974113515e-04,8.7839289584e-04,8.7936680533e-04
2024-12-18,7.0121679604e-04,7.9122772800e-04,7.4825558214e-04,7.4959864225e-04
2024-12-19,1.0912909442e-03,1.2585587727e-03,1.6679919154e-03,1.6704682097e-03
2024-12-20,1.4953465559e-03,1.7301194136e-03,1.4058623142e-03,1.4082301393e-03
2024-12-21,1.5983702336e-03,1.8321218956e-03,7.7810414450e-04,7.7902914844e-04
2024-12-22,8.8906855598e-04,9.9695549072e-04,7.6996090783e-04,7.7065381713e-04
2024-12-23,9.4921812637e-04,1.0608814749e-03,1.4941539954e-03,1.4926063200e-03
2024-12-24,1.2071847820e-03,1.3464589248e-03,1.3134133087e-03,1.3169562688e-03
2024-12-25,8.9585380503e-04,9.8424001719e-04,1.2442350739e-03,1.2436336969e-03
2024-12-26,7.0635767959e-04,7.6395154261e-04,8.7195801366e-04,8.7305534034e-04
2024-12-27,8.6863123896e-04,9.4642547684e-04,9.3053729400e-04,9.2995034315e-04
2024-12-28,9.1912553701e-04,1.0410856866e-03,5.1121515629e-04,5.1199695659e-04
2024-12-29,4.2301448007e-04,4.6743432982e-04,3.9660722772e-04,3.9701389716e-04
2024-12-30,4.7368893695e-04,5.2364265752e-04,7.2613431155e-04,7.2555101164e-04
2024-12-31,7.6132834635e-04,8.5343756950e-04,8.3463219830e-04,8.3463219830e-04
2025-01-01,7.7832785244e-04,8.8309271330e-04,8.5511073922e-04,8.5516922631e-04
2025-01-02,4.6678262096e-04,5.2435783308e-04,6.1847033581e-04,6.1840931207e-04
2025-01-03,7.2987226680e-04,8.3667828714e-04,7.1264674274e-04,7.1285717079e-04
2025-01-04,5.1821356339e-04,5.9004811526e-04,3.1227496428e-04,3.1230515383e-04
2025-01-05,2.9404927627e-04,3.2786106492e-04,2.7717893867e-04,2.7726271391e-04
2025-01-06,3.3397654697e-04,3.7172626031e-04,4.7107968248e-04,4.7156820587e-04
2025-01-07,6.6408512910e-04,7.5814093880e-04,8.1649823087e-04,8.1737924366e-04
2025-01-08,6.0102051010e-04,6.8498031367e-04,8.8536339227e-04,8.8709967302e-04
2025-01-09,8.9522124772e-04,1.0365484829e-03,1.0762733180e-03,1.0763470439e-03
2025-01-10,9.1666340894e-04,1.0752249203e-03,9.2797767402e-04,9.2951677455e-04
2025-01-11,1.0807110719e-03,1.2989649173e-03,6.2239110981e-04,6.2385752229e-04
2025-01-12,3.5062911655e-04,4.1679802323e-04,3.7668413959e-04,3.7691148790e-04
2025-01-13,3.6393954270e-04,4.3541375143e-04,6.3116390776e-04,6.3117013713e-04
2025-01-14,1.1076574160e-03,1.3616336122e-03,1.1617169758e-03,1.1651562009e-03
2025-01-15,7.6401753747e-04,9.3232769429e-04,1.0182277403e-03,1.0202594730e-03
2025-01-16,7.3656759401e-04,8.9296683045e-04,1.1178214297e-03,1.1186187712e-03
2025-01-17,7.3380022873e-04,8.9026894890e-04,7.2790929809e-04,7.2914449477e-04
2025-01-18,7.0724728575e-04,8.6145792114e-04,5.0824076145e-04,5.1066079194e-04
2025-01-19,6.9536117202e-04,8.4444541831e-04,5.7857573445e-04,5.8173635534e-04
2025-01-20,1.4197143608e-03,1.7247125519e-03,2.0370578039e-03,2.0245385712e-03
2025-01-21,2.7393424122e-03,3.2365873418e-03,2.6306590121e-03,2.6181157636e-03
2025-01-22,1.6772407665e-03,1.9304892883e-03,2.2607373137e-03,2.2607373137e-03
2025-01-23,9.2929176724e-04,1.0514305753e-03,1.5348217214e-03,1.5367981065e-03
2025-01-24,2.0850947135e-03,2.3776622294e-03,1.7921433108e-03,1.7933123373e-03
2025-01-25,1.0745858272e-03,1.1954092583e-03,6.6957269034e-04,6.6926702708e-04
2025-01-26,4.8215931615e-04,5.1479905201e-04,4.6966415442e-04,4.6948612455e-04
2025-01-27,4.8524112735e-04,5.1287342765e-04,8.2861191353e-04,8.2847459143e-04
2025-01-28,1.3552559766e-03,1.4683644177e-03,1.3306777337e-03,1.3328631355e-03
2025-01-29,8.6855544182e-04,9.1540489030e-04,9.1036323334e-04,9.1218953438e-04
2025-01-30,8.5156174210e-04,8.9582406411e-04,1.0295450469e-03,1.0273533639e-03
2025-01-31,6.7459582688e-04,7.1057498683e-04,6.2601118804e-04,6.2700102513e-04
2025-02-01,7.5764800046e-04,8.0636989394e-04,4.4661392277e-04,4.4683079357e-04
2025-02-02,4.8796235631e-04,5.1146737852e-04,4.3363933866e-04,4.3351570488e-04
2025-02-03,9.4105118031e-04,1.0002431778e-03,1.2559256009e-03,1.2513933195e-03
2025-02-04,1.7933032263e-03,1.9314797591e-03,1.8344011479e-03,1.8389335786e-03
2025-02-05,1.3859321620e-03,1.4903499551e-03,1.7253342224e-03,1.7280762042e-03
2025-02-06,1.0391745567e-03,1.1091392420e-03,1.3001870409e-03,1.3020131873e-03
2025-02-07,9.4082900604e-04,1.0038406603e-03,8.6005386682e-04,8.6446800361e-04
2025-02-08,1.1127502455e-03,1.1904292842e-03,5.6193661584e-04,5.6503243783e-04
2025-02-09,4.5000729291e-04,4.6331787440e-04,3.9891125400e-04,3.9826726986e-04
2025-02-10,5.8173633672e-04,5.9847705452e-04,7.3659169481e-04,7.3214372192e-04
2025-02-11,6.5681018586e-04,6.8635157302e-04,6.9094474896e-04,6.9214599649e-04
2025-02-12,5.1462445941e-04,5.6264730704e-04,6.3968097462e-04,6.4132861616e-04
2025-02-13,8.7447345565e-04,9.8300728048e-04,9.9956095056e-04,9.9956095056e-04
2025-02-14,5.9067852798e-04,6.5938817608e-04,5.7471711141e-04,5.7474077600e-04
2025-02-15,6.4979941199e-04,7.4993037906e-04,3.5772474994e-04,3.5782847111e-04
2025-02-16,2.8294893101e-04,3.1982180543e-04,2.7996926967e-04,2.7984153116e-04
2025-02-17,2.7075107083e-04,3.0515186441e-04,4.9113151536e-04,4.9139802423e-04
2025-02-18,4.0266780098e-04,4.5263684878e-04,4.5083198505e-04,4.5132300705e-04
2025-02-19,5.2609775181e-04,6.0625182800e-04,5.5684617759e-04,5.5720035762e-04
2025-02-20,4.3311312045e-04,4.9684827065e-04,5.2479441564e-04,5.2636237563e-04
2025-02-21,3.7871659444e-04,4.3729317277e-04,3.8571876752e-04,3.8667113083e-04
2025-02-22,6.3743470203e-04,7.5220608887e-04,3.6591661464e-04,3.6704111442e-04
2025-02-23,2.5698472699e-04,2.9622672799e-04,2.5339019874e-04,2.5427185416e-04
2025-02-24,2.4298130825e-04,2.7838461190e-04,3.8903785551e-04,3.9059220592e-04
2025-02-25,6.3037275981e-04,7.5192210879e-04,9.0320315982e-04,9.0432352875e-04
2025-02-26,1.2119826627e-03,1.5269495425e-03,1.5338181390e-03,1.5336314937e-03
2025-02-27,1.4395913535e-03,1.8130083954e-03,2.2659480417e-03,2.2647260644e-03
2025-02-28,1.0311127696e-03,1.2849787217e-03,1.0331563650e-03,1.0318476203e-03
2025-03-01,2.1911639407e-03,2.6951074654e-03,1.0916690841e-03,1.0884113086e-03
2025-03-02,8.9659734938e-04,1.0785883283e-03,9.4932437876e-04,9.4961981426e-04
2025-03-03,1.8495937815e-03,2.2078604546e-03,3.7846377493e-03,3.7610080994e-03
2025-03-04,1.9327892321e-03,2.2507326776e-03,3.6127302490e-03,3.5836238930e-03
2025-03-05,2.2286990649e-03,2.5498120633e-03,2.4599983621e-03,2.4445579273e-03
2025-03-06,1.5659702385e-03,1.7419502087e-03,2.1990611672e-03,2.2005054612e-03
2025-03-07,1.6970711160e-03,1.8852668660e-03,1.5628194283e-03,1.5628194283e-03
2025-03-08,2.5440318029e-03,2.7908643708e-03,1.4335880489e-03,1.4318875106e-03
2025-03-09,8.8980281266e-04,9.4226556538e-04,8.2531736818e-04,8.2450163803e-04
2025-03-10,1.1848768211e-03,1.2487557409e-03,2.3421897697e-03,2.3445139454e-03
2025-03-11,2.1585255228e-03,2.2816485633e-03,2.3454553971e-03,2.3446277514e-03
2025-03-12,1.9547487506e-03,2.0361811211e-03,2.4804599266e-03,2.4797756602e-03
2025-03-13,1.3155884076e-03,1.3367432371e-03,1.4698346919e-03,1.4689082570e-03
2025-03-14,1.1426018648e-03,1.1544620472e-03,1.2065004378e-03,1.2021301459e-03
2025-03-15,1.0390285276e-03,1.0433527429e-03,6.2455799464e-04,6.2609626186e-04
2025-03-16,4.8174198377e-04,4.6834344352e-04,4.2480291173e-04,4.2547177989e-04
2025-03-17,9.3137455700e-04,9.0923325653e-04,1.1557071489e-03,1.1553176025e-03
2025-03-18,7.6789418575e-04,7.3940818288e-04,7.7126951839e-04,7.7194595215e-04
2025-03-19,7.7264544409e-04,7.4267601946e-04,7.8384613945e-04,7.8587648652e-04
2025-03-20,8.1669072486e-04,7.9319340733e-04,1.0059445638e-03,1.0099342154e-03
2025-03-21,8.6798381977e-04,8.5911157748e-04,8.0447209380e-04,8.0417567861e-04
2025-03-22,6.4418018775e-04,6.3294560249e-04,3.0189712137e-04,3.0364530893e-04
2025-03-23,2.5518175172e-04,2.5016343124e-04,2.3677578706e-04,2.3724655287e-04
2025-03-24,3.9719307031e-04,3.9349181514e-04,5.8092964769e-04,5.8487985854e-04
2025-03-25,6.2344213666e-04,6.3508786429e-04,6.2696450704e-04,6.3025132314e-04
2025-03-26,5.4912396045e-04,5.6570891985e-04,5.2953738457e-04,5.3319560973e-04
2025-03-27,5.2622143413e-04,5.5649144226e-04,5.7258086004e-04,5.7640161590e-04
2025-03-28,4.7991925817e-04,5.1556911604e-04,4.2299691198e-04,4.2462500913e-04
2025-03-29,5.6287155962e-04,6.1956220590e-04,3.4240512318e-04,3.4240512318e-04
2025-03-30,4.9150720742e-04,5.6309658585e-04,4.4389360921e-04,4.4390485528e-04
2025-03-31,4.4963094438e-04,5.1388407594e-04,6.1448297956e-04,6.1464097768e-04
2025-04-01,7.1318916160e-04,8.3218100127e-04,7.3410167191e-04,7.3415167314e-04
2025-04-02,5.4949286135e-04,6.6332982428e-04,7.5957567943e-04,7.5951302823e-04
2025-04-03,1.0083217612e-03,1.2698958299e-03,1.4114942536e-03,1.4122877359e-03
2025-04-04,7.5525695390e-04,9.5196274054e-04,7.7572341821e-04,7.7605342154e-04
2025-04-05,1.0717721194e-03,1.3577951851e-03,5.9287433390e-04,5.9303171265e-04
2025-04-06,4.0142753821e-04,4.9709694360e-04,4.3724668787e-04,4.3716809283e-04
2025-04-07,8.2341658562e-04,1.0299717403e-03,1.7892783969e-03,1.7886974872e-03
2025-04-08,1.9746758788e-03,2.4388709559e-03,2.0171861365e-03,2.0268208819e-03
2025-04-09,1.0870513589e-03,1.3102737399e-03,1.6732092113e-03,1.6638893479e-03
2025-04-10,1.8679475290e-03,2.2302420527e-03,3.0983094674e-03,3.0953118976e-03
2025-04-11,1.1384504178e-03,1.3377141782e-03,1.4601901483e-03,1.4504385363e-03
2025-04-12,1.1452748405e-03,1.3412651334e-03,8.3061866921e-04,8.3048874177e-04
2025-04-13,7.3336636227e-04,8.3547712044e-04,7.2999307122e-04,7.2874486342e-04
2025-04-14,9.2667431586e-04,1.0528061538e-03,1.4233290099e-03,1.4186894913e-03
2025-04-15,9.0460428282e-04,1.0063041275e-03,9.8186294381e-04,9.8596912186e-04
2025-04-16,6.6348057575e-04,7.2833108469e-04,8.0864736166e-04,8.0397199762e-04
2025-04-17,7.7176166716e-04,8.4640524906e-04,8.7430845258e-04,8.7794248793e-04
2025-04-18,5.1329713084e-04,5.5577766292e-04,5.1830950591e-04,5.1697657055e-04
2025-04-19,2.5273105292e-04,2.6671726487e-04,1.6771850368e-04,1.6731747124e-04
2025-04-20,2.9333206627e-04,3.0842796209e-04,2.5697626425e-04,2.5697626425e-04
2025-04-21,2.9959261417e-04,3.1382623022e-04,4.0251843416e-04,4.0286887245e-04
2025-04-22,6.1892340288e-04,6.5924928919e-04,6.2645409724e-04,6.2637540745e-04
2025-04-23,8.5461542789e-04,9.2915665484e-04,1.0944843393e-03,1.0932775262e-03
2025-04-24,7.4444483406e-04,8.1099565156e-04,8.0291416220e-04,8.0251333038e-04
2025-04-25,5.6128423632e-04,6.1612400144e-04,5.2498461271e-04,5.2498470342e-04
2025-04-26,6.3257033825e-04,7.0169539813e-04,3.4055960238e-04,3.4058176098e-04
2025-04-27,3.6012914227e-04,3.9716025510e-04,3.2785614525e-04,3.2848401549e-04
2025-04-28,3.8764301095e-04,4.2326906849e-04,5.6547819414e-04,5.6511696659e-04
2025-04-29,5.0724307822e-04,5.5809129183e-04,5.5161267443e-04,5.5121302036e-04
2025-04-30,4.4352634248e-04,5.1160148493e-04,5.2395782616e-04,5.2506892324e-04
2025-05-01,4.4579491343e-04,5.1914121377e-04,5.2288205901e-04,5.2421538122e-04
2025-05-02,4.1992511344e-04,5.1455360665e-04,4.6285021043e-04,4.6368477253e-04
2025-05-03,3.8008202370e-04,4.7203593322e-04,2.2593084273e-04,2.2667960971e-04
2025-05-04,2.0639718859e-04,2.5561582180e-04,2.2844601655e-04,2.2957719331e-04
2025-05-05,3.0119091021e-04,3.7788538928e-04,5.0808187653e-04,5.0887855941e-04
2025-05-06,3.6061215101e-04,4.5921390648e-04,4.3920277356e-04,4.4006419623e-04
2025-05-07,3.8373118210e-04,4.9614900181e-04,5.2061658302e-04,5.2313109334e-04
2025-05-08,4.1400098308e-04,5.3873451134e-04,5.3273230304e-04,5.3522705811e-04
2025-05-09,5.3788557161e-04,7.1323216780e-04,7.2433307553e-04,7.2703637990e-04
2025-05-10,4.8839030970e-04,6.4505426008e-04,2.9254785364e-04,2.9414697297e-04
2025-05-11,3.4211353038e-04,4.4505930158e-04,3.6855139873e-04,3.7065659984e-04
2025-05-12,4.6063794547e-04,5.9948737698e-04,7.2523514227e-04,7.2523514227e-04
2025-05-13,6.8307535795e-04,8.8771756101e-04,8.5343359533e-04,8.5337503447e-04
2025-05-14,4.7731444314e-04,6.1576744544e-04,6.5911515941e-04,6.5929770956e-04
2025-05-15,3.7656743380e-04,4.9060339231e-04,5.6826367677e-04,5.6866225962e-04
2025-05-16,5.0758965907e-04,6.7224014216e-04,5.3755478573e-04,5.3823559112e-04
2025-05-17,3.9165883864e-04,5.1516847491e-04,2.5473841747e-04,2.5515930777e-04
2025-05-18,2.6742648199e-04,3.4696214972e-04,2.7517067073e-04,2.7561075387e-04
2025-05-19,4.2383940062e-04,5.5245379377e-04,7.2780377453e-04,7.2826790395e-04
2025-05-20,5.4880300150e-04,7.1661028362e-04,6.7556541866e-04,6.7794604665e-04
2025-05-21,5.7851703559e-04,7.5295349107e-04,7.3339617090e-04,7.3616975653e-04
2025-05-22,7.9857179957e-04,1.0394026625e-03,1.1024492094e-03,1.1047485128e-03
2025-05-23,5.9716583707e-04,7.7117073009e-04,6.8559164972e-04,6.8795195851e-04
2025-05-24,6.5571235491e-04,8.4450271313e-04,4.9955717609e-04,5.0089699160e-04
2025-05-25,4.5713156198e-04,5.8111786575e-04,4.5285714486e-04,4.5350504878e-04
2025-05-26,4.4576181278e-04,5.6125093969e-04,7.5348697088e-04,7.5531978300e-04
2025-05-27,3.9841650351e-04,4.9382950566e-04,5.1585139536e-04,5.1780508045e-04
2025-05-28,4.6186618056e-04,5.7204771142e-04,5.7904043162e-04,5.8075001291e-04
2025-05-29,3.6632225352e-04,4.4862802676e-04,5.1345017721e-04,5.1524760999e-04
2025-05-30,4.8780940986e-04,6.0288155294e-04,5.2319461611e-04,5.2511845686e-04
2025-05-31,5.0575544944e-04,6.2936974021e-04,3.0187086620e-04,3.0336034554e-04
2025-06-01,3.6204893405e-04,4.4866082818e-04,3.3914193340e-04,3.4004404377e-04
2025-06-02,3.0357135756e-04,3.7332585096e-04,5.0153999100e-04,5.0358154706e-04
2025-06-03,3.9462946486e-04,4.8999258776e-04,4.8392955326e-04,4.8392955326e-04
2025-06-04,3.5438688707e-04,4.4270837936e-04,4.5992746087e-04,4.6005925574e-04
2025-06-05,2.8166658226e-04,3.4898775931e-04,3.9752012584e-04,3.9778046056e-04
2025-06-06,5.2157137655e-04,6.5704925127e-04,5.7977984555e-04,5.7999924772e-04
2025-06-07,3.5692885297e-04,4.4846174623e-04,2.4167279777e-04,2.4181902005e-04
2025-06-08,2.4949264041e-04,3.1060714139e-04,2.5904731124e-04,2.5933791200e-04
2025-06-09,2.0776163496e-04,2.5674750759e-04,3.5357575681e-04,3.5407470914e-04
2025-06-10,4.1354036069e-04,5.2285979330e-04,6.0268123281e-04,6.0435285206e-04
2025-06-11,3.6626824586e-04,4.6175709126e-04,4.3709518295e-04,4.3875820252e-04
2025-06-12,3.5387415683e-04,4.5030697990e-04,5.0472893024e-04,5.0523237083e-04
2025-06-13,4.0784301257e-04,5.3454741080e-04,4.9247825864e-04,4.9460968752e-04
2025-06-14,5.8103486783e-04,7.7346249460e-04,3.2674945671e-04,3.2798978627e-04
2025-06-15,2.4959172313e-04,3.2892257165e-04,2.7918246722e-04,2.8031006163e-04
2025-06-16,2.5470743271e-04,3.3629468076e-04,4.5173239710e-04,4.5295803285e-04
2025-06-17,3.7827879909e-04,5.0421067160e-04,5.1980693901e-04,5.2281598385e-04
2025-06-18,4.4318688035e-04,5.9030636945e-04,6.4740409031e-04,6.5152397434e-04
2025-06-19,4.1396317115e-04,5.4618099366e-04,5.4901858362e-04,5.5097489861e-04
2025-06-20,2.9158733522e-04,3.8255793694e-04,3.3422613934e-04,3.3598302165e-04
2025-06-21,4.2276907193e-04,5.6380522242e-04,2.7300381542e-04,2.7529861048e-04
2025-06-22,4.1069157220e-04,5.4929118385e-04,4.0565556594e-04,4.0897624383e-04
2025-06-23,6.9288410323e-04,9.2614397957e-04,1.0250377195e-03,1.0280836422e-03
2025-06-24,6.5651633331e-04,8.6525441416e-04,9.7265362628e-04,9.7819762478e-04
2025-06-25,4.3142000675e-04,5.6327028941e-04,6.2827008812e-04,6.2827008812e-04
2025-06-26,4.2357459305e-04,5.5129265240e-04,6.6373521704e-04,6.6432999702e-04
2025-06-27,3.8290286673e-04,4.9528534853e-04,4.5230947496e-04,4.5310751779e-04
2025-06-28,3.2667965606e-04,4.2010655256e-04,2.0884124584e-04,2.0924349105e-04
2025-06-29,1.1095627143e-04,1.3749121208e-04,1.3551702987e-04,1.3610383824e-04
2025-06-30,1.9427778561e-04,2.4230797510e-04,3.2970427095e-04,3.3025739397e-04
2025-07-01,2.6259276596e-04,3.2756594273e-04,3.3421440413e-04,3.3462108242e-04
2025-07-02,2.5429014783e-04,3.1759907016e-04,3.3516233903e-04,3.3637131333e-04
2025-07-03,3.0122263906e-04,3.7912104567e-04,4.2959105885e-04,4.3091433964e-04
2025-07-04,3.2081441824e-04,4.0834002707e-04,3.2660817798e-04,3.2785375034e-04
2025-07-05,2.4192633692e-04,3.0841984797e-04,1.6504167910e-04,1.6626917243e-04
2025-07-06,1.3803804217e-04,1.7630745711e-04,1.5354445543e-04,1.5480404346e-04
2025-07-07,1.7985088544e-04,2.3050117731e-04,3.1271911586e-04,3.1487971760e-04
2025-07-08,2.3875862479e-04,3.0649269956e-04,3.1028371467e-04,3.1232364582e-04
2025-07-09,2.0909864522e-04,2.6726827088e-04,2.7102260762e-04,2.7364431296e-04
2025-07-10,2.8659081356e-04,3.7351609245e-04,4.0210465708e-04,4.0527680492e-04
2025-07-11,5.5639061727e-04,7.4596157875e-04,6.3666772042e-04,6.3934976140e-04
2025-07-12,4.2858330573e-04,5.7050541042e-04,2.6989390565e-04,2.7241086134e-04
2025-07-13,2.0936221333e-04,2.7614860263e-04,2.3614620193e-04,2.3857239922e-04
2025-07-14,2.7329528896e-04,3.6531610692e-04,5.1289429821e-04,5.1747165162e-04
2025-07-15,5.1084538592e-04,7.0691121905e-04,6.6249926846e-04,6.6699759476e-04
2025-07-16,5.6590244188e-04,7.8428380720e-04,7.8961372886e-04,7.9518223731e-04
2025-07-17,4.1937098616e-04,5.7449526799e-04,6.2469690942e-04,6.2469690942e-04
2025-07-18,4.6857525657e-04,6.4331615269e-04,5.2627127314e-04,5.2651589615e-04
2025-07-19,4.4332972761e-04,6.0633498403e-04,3.0552320152e-04,3.0580643723e-04
2025-07-20,2.3337299024e-04,3.1310979793e-04,2.6834809695e-04,2.6882599209e-04
2025-07-21,2.7015939213e-04,3.5769073146e-04,4.7273716076e-04,4.7358085461e-04
2025-07-22,3.7301037355e-04,4.9307553235e-04,4.6972581363e-04,4.7070614118e-04
2025-07-23,4.3814468384e-04,5.7628569682e-04,5.9457167166e-04,5.9558762903e-04
2025-07-24,3.7915145015e-04,4.9377085751e-04,5.3820401780e-04,5.3979781819e-04
2025-07-25,3.5311388301e-04,4.6047381397e-04,3.8483642979e-04,3.8625901054e-04
2025-07-26,5.0171762031e-04,6.5915301375e-04,2.9411636644e-04,2.9545431926e-04
2025-07-27,1.9331236521e-04,2.4731405135e-04,2.2006402696e-04,2.2088370170e-04
2025-07-28,2.4534601507e-04,3.1255876347e-04,4.3519110939e-04,4.3667616162e-04
2025-07-29,3.3417271330e-04,4.2611547217e-04,4.4460753704e-04,4.4608822187e-04
2025-07-30,3.4081278593e-04,4.3341458541e-04,4.2782037394e-04,4.2997300828e-04
2025-07-31,3.0690996980e-04,3.8472506977e-04,3.9528785424e-04,3.9739587209e-04
2025-08-01,2.9570033517e-04,3.7240992098e-04,3.4123948821e-04,3.4258467733e-04
2025-08-02,4.9670828413e-04,6.4493690823e-04,3.0559674736e-04,3.0803831533e-04
2025-08-03,3.0242575738e-04,3.8933165501e-04,2.9955908478e-04,3.0156849064e-04
2025-08-04,2.4138378370e-04,3.0750384446e-04,4.3479343772e-04,4.3721976260e-04
2025-08-05,2.8337593269e-04,3.6168210860e-04,3.8457858143e-04,3.8689652214e-04
2025-08-06,3.2730328914e-04,4.2403146651e-04,4.4720852772e-04,4.5100709758e-04
2025-08-07,2.7660886132e-04,3.5907753829e-04,3.9026112407e-04,3.9378802472e-04
2025-08-08,2.7271278268e-04,3.5604152759e-04,3.2054792658e-04,3.2054792658e-04
2025-08-09,2.5801037346e-04,3.4009413004e-04,1.6533951182e-04,1.6542055773e-04
2025-08-10,1.8249980109e-04,2.4020526115e-04,1.9024887355e-04,1.9046201688e-04
2025-08-11,2.7557182110e-04,3.6448936995e-04,4.7140180410e-04,4.7183092026e-04
2025-08-12,3.8984493005e-04,5.1885588644e-04,4.7471893735e-04,4.7513543048e-04
2025-08-13,3.1276592579e-04,4.1533954683e-04,4.3414834656e-04,4.3476656481e-04
2025-08-14,4.1834549397e-04,5.6346202189e-04,6.3367030673e-04,6.3448435193e-04
2025-08-15,6.8877345569e-04,9.3360225503e-04,8.7379426968e-04,8.7564225489e-04
2025-08-16,3.5095621851e-04,4.6822046939e-04,2.4686139303e-04,2.4745437076e-04
2025-08-17,1.7338517237e-04,2.2966809945e-04,2.1504118761e-04,2.1536991449e-04
2025-08-18,1.8988311258e-04,2.5115938741e-04,3.7558883723e-04,3.7713898208e-04
2025-08-19,3.6163125481e-04,4.8163095088e-04,5.0663451574e-04,5.0905367528e-04
2025-08-20,3.2792602371e-04,4.2674527370e-04,4.8327106186e-04,4.8507996460e-04
2025-08-21,3.4248125843e-04,4.4641571370e-04,4.7140586296e-04,4.7210304363e-04
2025-08-22,3.4349668297e-04,4.4986448853e-04,3.9410690488e-04,3.9703643477e-04
2025-08-23,5.4117221529e-04,7.1582495381e-04,3.6063847526e-04,3.6278144852e-04
2025-08-24,2.2891589204e-04,2.9938450162e-04,2.6838304543e-04,2.7010568575e-04
2025-08-25,4.5894217939e-04,6.0771632493e-04,7.6204204190e-04,7.6563173664e-04
2025-08-26,5.8259893795e-04,7.6752499669e-04,8.4210676170e-04,8.4741799920e-04
2025-08-27,5.2672770403e-04,6.8740361757e-04,7.1947800351e-04,7.2319397384e-04
2025-08-28,4.1286214212e-04,5.3157598403e-04,5.9374216201e-04,5.9595270714e-04
2025-08-29,3.6012605821e-04,4.6254961377e-04,4.3288145603e-04,4.3562294005e-04
2025-08-30,4.3036147199e-04,5.5194511244e-04,3.2730618895e-04,3.2730618895e-04
2025-08-31,2.3932172188e-04,2.9959138880e-04,2.4731909157e-04,2.4745995161e-04
2025-09-01,2.1948745629e-04,2.7115224613e-04,3.6899867099e-04,3.6935436285e-04
2025-09-02,3.9387352610e-04,4.9281573317e-04,4.6713525756e-04,4.6725947305e-04
2025-09-03,4.1910257992e-04,5.2766742570e-04,5.3861049627e-04,5.3900111484e-04
2025-09-04,3.5977199531e-04,4.4996072013e-04,4.7263020538e-04,4.7307337737e-04
2025-09-05,3.4697261198e-04,4.3723870821e-04,3.7783479750e-04,3.7843078724e-04
2025-09-06,3.9111351905e-04,5.0616877782e-04,2.2749248531e-04,2.2831036126e-04
2025-09-07,1.6744383563e-04,2.1163437783e-04,1.9141765605e-04,1.9218439145e-04
2025-09-08,1.7699851285e-04,2.2177147019e-04,3.1859154037e-04,3.1959265730e-04
2025-09-09,2.5885684365e-04,3.2511816290e-04,3.3264925845e-04,3.3378905080e-04
2025-09-10,2.9116677442e-04,3.6704093599e-04,3.6104693933e-04,3.6279638680e-04
2025-09-11,3.1439257818e-04,3.9633678797e-04,4.3220863655e-04,4.3397223408e-04
2025-09-12,2.8312946006e-04,3.5910899358e-04,3.0845438827e-04,3.0988819927e-04
2025-09-13,2.7402865624e-04,3.4967623905e-04,1.6536877763e-04,1.6686009124e-04
2025-09-14,1.4789225602e-04,1.8862073115e-04,1.6125876063e-04,1.6281744879e-04
2025-09-15,1.6244318453e-04,2.0660450047e-04,2.8686556823e-04,2.8912095768e-04
2025-09-16,2.6618276700e-04,3.4484073808e-04,3.1958804730e-04,3.2182842535e-04
2025-09-17,2.1720169234e-04,2.8467592632e-04,2.9975145884e-04,3.0278809196e-04
2025-09-18,3.0633206909e-04,4.1053859741e-04,4.0270933145e-04,4.0629286153e-04
2025-09-19,2.2874834687e-04,3.0752719099e-04,2.6344051011e-04,2.6610554834e-04
2025-09-20,1.8028266173e-04,2.4251908457e-04,1.3286797470e-04,1.3505556409e-04
2025-09-21,9.0439195416e-05,1.2045725824e-04,1.1230074212e-04,1.1230074212e-04
2025-09-22,1.0831172503e-04,1.4452496686e-04,2.1152606606e-04,2.1191152818e-04
2025-09-23,3.2052101381e-04,4.3552857646e-04,4.2786006257e-04,4.2769905571e-04
2025-09-24,2.1913370807e-04,2.9760594826e-04,3.0263204602e-04,3.0287334564e-04
2025-09-25,2.1775636429e-04,2.9985432116e-04,3.3640332618e-04,3.3679065724e-04
2025-09-26,3.6536257851e-04,5.1330416838e-04,4.9385204345e-04,4.9461090933e-04
2025-09-27,3.1576230369e-04,4.4415990936e-04,2.0624592584e-04,2.0664393298e-04
2025-09-28,1.1035936822e-04,1.5221514379e-04,1.4140314301e-04,1.4192140465e-04
2025-09-29,1.7664093768e-04,2.4497678700e-04,3.6638332408e-04,3.6675831871e-04
2025-09-30,2.4951461480e-04,3.4698239028e-04,3.7754304747e-04,3.7957356686e-04
2025-10-01,2.3077213383e-04,3.1690313978e-04,3.1519717645e-04,3.1713111777e-04
2025-10-02,2.7419089395e-04,3.7684960956e-04,4.5392846010e-04,4.5571185889e-04
2025-10-03,2.8801427923e-04,3.9987911093e-04,3.3890967127e-04,3.4126284410e-04
2025-10-04,3.7362426641e-04,5.2152289410e-04,2.3599944755e-04,2.3787338606e-04
2025-10-05,1.7120137331e-04,2.3485002947e-04,1.9550626293e-04,1.9720751548e-04
2025-10-06,4.1113288620e-04,5.6979737781e-04,6.5478735479e-04,6.5787588610e-04
2025-10-07,3.6284057342e-04,4.9595381788e-04,4.9941134194e-04,5.0318898258e-04
2025-10-08,4.0278365026e-04,5.4909618462e-04,6.3444020127e-04,6.3879465795e-04
2025-10-09,3.7697927351e-04,5.0815900763e-04,5.7537713695e-04,5.7846651242e-04
2025-10-10,3.8474625717e-04,5.2072800871e-04,4.6497596274e-04,4.6817965371e-04
2025-10-11,3.5510171874e-03,4.4752510392e-03,2.5065010152e-03,2.4666404544e-03
2025-10-12,1.1203852344e-03,1.3581100577e-03,1.1995561584e-03,1.1763551835e-03
2025-10-13,1.1365793939e-03,1.3645855316e-03,2.1862442643e-03,2.1862442643e-03
2025-10-14,9.1952086253e-04,1.0910549772e-03,1.2968457743e-03,1.3003331258e-03
2025-10-15,1.0428975056e-03,1.2376093450e-03,1.6268126428e-03,1.6353701246e-03
2025-10-16,7.1150488067e-04,7.8377183653e-04,9.4633083223e-04,9.4759907517e-04
2025-10-17,9.9941573264e-04,1.1037629987e-03,9.9621709491e-04,9.9435029436e-04
2025-10-18,9.4244074323e-04,1.0341854337e-03,4.8127718934e-04,4.8041426067e-04
2025-10-19,4.4254409480e-04,4.7318092806e-04,4.0109233848e-04,4.0142283946e-04
2025-10-20,6.0132999145e-04,6.4393773210e-04,8.4073868422e-04,8.4166613906e-04
2025-10-21,6.7879961171e-04,7.2616701409e-04,7.6756383596e-04,7.6858578514e-04
2025-10-22,1.0348737797e-03,1.1122762023e-03,1.1050332040e-03,1.1045733721e-03
2025-10-23,8.0899621535e-04,8.5583304498e-04,8.8281043818e-04,8.8181197925e-04
2025-10-24,7.6720802197e-04,8.1226716830e-04,7.6095818093e-04,7.6033719674e-04
2025-10-25,6.0456881850e-04,6.3477767989e-04,3.1416664748e-04,3.1463096664e-04
2025-10-26,3.0423431534e-04,3.1226173728e-04,2.9047480338e-04,2.9117722779e-04
2025-10-27,5.2142467158e-04,5.3454154069e-04,7.2000356147e-04,7.2053093225e-04
2025-10-28,4.5782152924e-04,4.6372181264e-04,4.6403810374e-04,4.6368439577e-04
2025-10-29,5.4475690329e-04,5.5148765757e-04,5.4160047612e-04,5.4188899510e-04
2025-10-30,8.5578008614e-04,8.8668633758e-04,9.4410252945e-04,9.4147996311e-04
2025-10-31,9.2813240165e-04,9.7322857315e-04,8.1767806703e-04,8.1677608953e-04
2025-11-01,8.4980615334e-04,8.9079083311e-04,3.9943146940e-04,4.0018430624e-04
2025-11-02,3.1913451651e-04,3.6911837769e-04,3.2894694646e-04,3.2980011970e-04
2025-11-03,3.8757565876e-04,4.5461135196e-04,6.2422858022e-04,6.2846885303e-04
2025-11-04,7.0718307639e-04,8.4452364604e-04,9.7292219191e-04,9.7292219191e-04
2025-11-05,1.0515874794e-03,1.2604666021e-03,1.4784764253e-03,1.4776784115e-03
2025-11-06,8.1062576712e-04,9.6252532372e-04,1.0683188473e-03,1.0683321626e-03
2025-11-07,8.3356617871e-04,9.9376043851e-04,9.6125214141e-04,9.6134896879e-04
2025-11-08,9.1058146316e-04,1.0981618310e-03,5.2413264901e-04,5.2421077838e-04
2025-11-09,5.1321886240e-04,6.1211783568e-04,5.2278671388e-04,5.2284869938e-04
2025-11-10,5.6357247908e-04,6.6315290246e-04,9.1567551926e-04,9.1593130131e-04
2025-11-11,6.0511641880e-04,7.0872784008e-04,7.3431498549e-04,7.3365085263e-04
2025-11-12,6.6970819837e-04,7.8268785551e-04,8.9445202515e-04,8.9561302925e-04
2025-11-13,6.0682421484e-04,7.0964241185e-04,7.7915063525e-04,7.7985986360e-04
2025-11-14,8.3338277055e-04,9.9003925371e-04,8.6447831444e-04,8.6497702376e-04
2025-11-15,1.2216049395e-03,1.4633068525e-03,8.0120138262e-04,8.0197628942e-04
2025-11-16,6.7249888433e-04,7.8946875567e-04,6.1174990131e-04,6.1239362434e-04
2025-11-17,8.6580292089e-04,1.0150139511e-03,1.2790757200e-03,1.2808825398e-03
2025-11-18,9.6863039960e-04,1.1329888157e-03,1.2331597086e-03,1.2329819701e-03
2025-11-19,1.1087009207e-03,1.2880447579e-03,1.2448656385e-03,1.2479920282e-03
2025-11-20,9.7564306941e-04,1.1129680979e-03,1.2284384142e-03,1.2292808005e-03
2025-11-21,1.0704076502e-03,1.2278440130e-03,1.4287509381e-03,1.4269766516e-03
2025-11-22,1.9439563136e-03,2.2462927834e-03,9.4874123353e-04,9.5132146052e-04
2025-11-23,8.4923406979e-04,9.5651614654e-04,7.5522929255e-04,7.5583638900e-04
2025-11-24,8.2028651575e-04,9.1472728207e-04,1.3204463183e-03,1.3238056816e-03
2025-11-25,1.1060289597e-03,1.2342597919e-03,1.2953089322e-03,1.2963166151e-03
2025-11-26,9.6745887750e-04,1.0721537505e-03,1.1671143460e-03,1.1671143460e-03
2025-11-27,8.1159295975e-04,8.8269784737e-04,1.0759851311e-03,1.0759260475e-03
2025-11-28,6.2740924380e-04,6.7889494364e-04,6.3454205096e-04,6.3463796285e-04
2025-11-29,6.7976202619e-04,7.3969104443e-04,3.4418059745e-04,3.4416153766e-04
2025-11-30,3.7503861241e-04,3.9929719015e-04,3.2468359074e-04,3.2480405900e-04
2025-12-01,4.0217167550e-04,4.2510483959e-04,5.5134546743e-04,5.5151828913e-04
2025-12-02,1.0241735562e-03,1.1163414704e-03,1.2390924658e-03,1.2377550819e-03
2025-12-03,8.5030123256e-04,9.2348210811e-04,1.1196313952e-03,1.1207656021e-03
2025-12-04,1.0575616502e-03,1.1590624657e-03,1.2246590483e-03,1.2264970779e-03
2025-12-05,8.7423469035e-04,9.5647071287e-04,8.8306543753e-04,8.8364958401e-04
2025-12-06,8.4747538538e-04,9.3324268364e-04,5.1486062580e-04,5.1556865801e-04
2025-12-07,4.1351389591e-04,4.4852315752e-04,3.7924513997e-04,3.7973148083e-04
2025-12-08,7.6746272957e-04,8.4470036307e-04,1.0263734158e-03,1.0231907307e-03
2025-12-09,7.2339292267e-04,7.9055529168e-04,7.4217724499e-04,7.4286793413e-04
2025-12-10,7.9190192484e-04,8.7022634245e-04,8.9376981281e-04,8.9476490957e-04
2025-12-11,8.7863412048e-04,9.7559269726e-04,9.7657128524e-04,9.7943306103e-04
2025-12-12,7.8953170926e-04,8.8271806906e-04,7.5117851775e-04,7.5239492114e-04
2025-12-13,7.0622036964e-04,7.9179606415e-04,4.1536635192e-04,4.1663609202e-04
2025-12-14,2.4638705378e-04,2.7784908421e-04,2.6348659639e-04,2.6317145638e-04
2025-12-15,4.4575576227e-04,5.0990870598e-04,7.4815616537e-04,7.4676788602e-04
2025-12-16,7.2331004303e-04,8.3481577632e-04,8.3642464628e-04,8.3784434577e-04
2025-12-17,5.6222225607e-04,6.4667789060e-04,6.6883397532e-04,6.6968757031e-04
2025-12-18,9.7434260147e-04,1.1442564304e-03,1.1614563142e-03,1.1614563142e-03
2025-12-19,1.0222825663e-03,1.2083340173e-03,9.8412918028e-04,9.8411160193e-04
2025-12-20,9.3450901282e-04,1.0996827215e-03,5.4790362703e-04,5.4791509358e-04
2025-12-21,2.7260260795e-04,3.0887087040e-04,3.0691470670e-04,3.0685835662e-04
2025-12-22,4.2217859432e-04,4.8266059990e-04,6.8809779449e-04,6.8871700905e-04
2025-12-23,6.7404204568e-04,7.7056756309e-04,7.3380520165e-04,7.3386469238e-04
2025-12-24,5.9259586540e-04,6.7490355340e-04,7.0149201867e-04,7.0148880365e-04
2025-12-25,4.2230047518e-04,4.7298137641e-04,5.0171620919e-04,5.0184193232e-04
2025-12-26,3.4674771859e-04,3.9338448726e-04,3.7411299658e-04,3.7453868623e-04
2025-12-27,5.1196254466e-04,5.9429129746e-04,2.5662721341e-04,2.5727280765e-04
2025-12-28,1.6491922743e-04,1.8412554511e-04,1.7503000149e-04,1.7547781614e-04
2025-12-29,1.7678135181e-04,1.9539498794e-04,2.7523763629e-04,2.7616547109e-04
2025-12-30,4.7448008804e-04,5.4696478929e-04,4.9850871414e-04,4.9890869296e-04
2025-12-31,4.1452448425e-04,4.8044814171e-04,4.8743563555e-04,4.8863678583e-04
2026-01-01,3.0588592345e-04,3.5225022130e-04,3.9767789813e-04,3.9888450294e-04
2026-01-02,1.8629414335e-04,2.1526504719e-04,2.3431467838e-04,2.3514291826e-04
2026-01-03,4.9617693581e-04,6.0201585636e-04,2.6033414077e-04,2.6194381908e-04
2026-01-04,2.2405117819e-04,2.6492874437e-04,2.1576687546e-04,2.1667930677e-04
2026-01-05,2.8528399106e-04,3.3719245035e-04,4.2180810998e-04,4.2230580381e-04
2026-01-06,4.1348283210e-04,4.9654164120e-04,5.0840425377e-04,5.1025904163e-04
2026-01-07,4.8256101551e-04,5.9314095375e-04,5.5108283048e-04,5.5430571370e-04
2026-01-08,4.0741204173e-04,4.9748784220e-04,5.9925669630e-04,6.0205283807e-04
2026-01-09,4.2502432985e-04,5.3631700100e-04,4.5710724639e-04,4.5710724639e-04
2026-01-10,5.1208724291e-04,6.6825477619e-04,2.8891213019e-04,2.8887920844e-04
2026-01-11,1.3704572851e-04,1.7518797996e-04,1.7382185661e-04,1.7377624589e-04
2026-01-12,2.1149635412e-04,2.7113775016e-04,3.8055609640e-04,3.8099035059e-04
2026-01-13,4.4468509614e-04,5.8126571466e-04,5.3013086164e-04,5.3052962396e-04
2026-01-14,4.6432316162e-04,6.1069635386e-04,7.0607789475e-04,7.0645101636e-04
2026-01-15,4.7603925895e-04,6.2537656931e-04,6.5477447414e-04,6.5542430169e-04
2026-01-16,5.1186071463e-04,6.7521574592e-04,6.0481702703e-04,6.0541497649e-04
2026-01-17,3.7043364346e-04,4.8362816097e-04,2.2998535033e-04,2.3095737570e-04
2026-01-18,1.6130399903e-04,2.0583588556e-04,2.0016592682e-04,2.0093430235e-04
2026-01-19,2.6340127586e-04,3.3713041928e-04,4.8691285961e-04,4.8788169956e-04
2026-01-20,3.4645809568e-04,4.4107024841e-04,4.5077695268e-04,4.5198278764e-04
2026-01-21,6.1512432502e-04,7.9551840012e-04,9.1538681182e-04,9.1732826642e-04
2026-01-22,7.1460082506e-04,9.2436280649e-04,8.9951817950e-04,9.0126040849e-04
2026-01-23,4.6372892231e-04,5.9144039480e-04,5.2930972208e-04,5.3145790229e-04
2026-01-24,5.4655529366e-04,6.9642780077e-04,3.1000183174e-04,3.1230368979e-04
2026-01-25,1.6346717977e-04,2.0186956416e-04,2.1443229778e-04,2.1571183192e-04
2026-01-26,4.2578927370e-04,5.3439171753e-04,7.8639313787e-04,7.8843761335e-04
2026-01-27,5.0341076736e-04,6.2377729938e-04,6.2128182940e-04,6.2172189467e-04
2026-01-28,4.1962327592e-04,5.1668287700e-04,5.3012509711e-04,5.3193478057e-04
2026-01-29,4.5451428071e-04,5.6091596782e-04,5.5822996573e-04,5.6111072762e-04
2026-01-30,6.1472890161e-04,7.7008827502e-04,8.7415342911e-04,8.7714607118e-04
2026-01-31,9.2751134948e-04,1.1690074989e-03,4.5993779732e-04,4.5993779732e-04
2026-02-01,1.0099243259e-03,1.2649825958e-03,1.2521390115e-03,1.2497575770e-03
2026-02-02,1.1942314699e-03,1.4747158238e-03,1.8270896371e-03,1.8192012413e-03
2026-02-03,1.4840352854e-03,1.8044863660e-03,1.7745996176e-03,1.7688964520e-03
2026-02-04,1.4215992149e-03,1.7033210225e-03,2.0680104380e-03,2.0648288792e-03
2026-02-05,1.6305349841e-03,1.9266269099e-03,2.3679829698e-03,2.3639157184e-03
2026-02-06,2.9134830532e-03,3.3715650801e-03,6.8030390560e-03,6.7780936051e-03
2026-02-07,3.0205105081e-03,3.3949910581e-03,2.3763971263e-03,2.3710985795e-03
2026-02-08,1.9677027377e-03,2.1534008916e-03,1.7207528092e-03,1.7132065093e-03
2026-02-09,1.5559367612e-03,1.6742275615e-03,2.3095829851e-03,2.3069611007e-03
2026-02-10,1.6171093764e-03,1.7238019040e-03,1.8172352473e-03,1.8164590188e-03
2026-02-11,1.3736149303e-03,1.4285472058e-03,1.6756178182e-03,1.6786327194e-03
2026-02-12,1.4964332831e-03,1.5292275019e-03,1.7860927729e-03,1.7808994236e-03
2026-02-13,1.3202478208e-03,1.3362075165e-03,1.1805830273e-03,1.1804566623e-03
2026-02-14,1.0792703088e-03,1.0798806073e-03,5.8187352654e-04,5.8105657863e-04
2026-02-15,7.3126642038e-04,7.1862318510e-04,5.9298322857e-04,5.9437148069e-04
2026-02-16,1.0401614611e-03,1.0264548456e-03,1.2889011240e-03,1.2886811329e-03
2026-02-17,1.0528318744e-03,1.0300502708e-03,9.4472602235e-04,9.4509774759e-04
2026-02-18,1.0317119947e-03,1.0031318214e-03,1.0609508248e-03,1.0616428393e-03
2026-02-19,1.0024377878e-03,9.7117147949e-04,1.0652255109e-03,1.0639267375e-03
2026-02-20,9.2704846119e-04,8.9731382169e-04,7.8482751484e-04,7.8699908360e-04
2026-02-21,1.0475405274e-03,1.0173317704e-03,4.5685040207e-04,4.5557911677e-04
2026-02-22,4.7010949918e-04,4.4518006464e-04,3.6825644535e-04,3.6825644535e-04
2026-02-23,4.2735925839e-04,4.0317487923e-04,5.6615053336e-04,5.6670960606e-04
2026-02-24,1.0937927943e-03,1.0711078702e-03,1.2271816704e-03,1.2269491577e-03
2026-02-25,1.1160515963e-03,1.1074703649e-03,1.0326660788e-03,1.0327425710e-03
2026-02-26,1.2828962780e-03,1.2893475973e-03,1.6043369711e-03,1.6042951544e-03
2026-02-27,1.0721196830e-03,1.0888822938e-03,9.3675596070e-04,9.3650889386e-04
2026-02-28,9.6158346812e-04,1.0165722714e-03,5.2907978969e-04,5.2890262580e-04
2026-03-01,1.2808534936e-03,1.4151643610e-03,9.8093786104e-04,9.8365279068e-04
2026-03-02,1.2787061396e-03,1.4230929685e-03,1.7488271181e-03,1.7451644406e-03
2026-03-03,1.3053687293e-03,1.4495207977e-03,1.6414281666e-03,1.6439900151e-03
2026-03-04,1.2754278713e-03,1.4181099279e-03,1.3922314020e-03,1.3910073038e-03
2026-03-05,1.4046754527e-03,1.5651221038e-03,2.1119897661e-03,2.1184680566e-03
2026-03-06,1.1246554414e-03,1.2478315508e-03,1.2593031041e-03,1.2594547574e-03
2026-03-07,1.0448861912e-03,1.1563804860e-03,6.7306634373e-04,6.6987344471e-04
2026-03-08,5.3156942791e-04,5.7544958478e-04,5.2291173292e-04,5.2315299197e-04
2026-03-09,1.0012201357e-03,1.0929438701e-03,1.3989161745e-03,1.3968853465e-03
2026-03-10,1.0494258310e-03,1.1386290479e-03,1.2285699845e-03,1.2312851803e-03
2026-03-11,1.1122623336e-03,1.2067508812e-03,1.2200697728e-03,1.2199721215e-03
2026-03-12,9.1323723317e-04,9.8489303991e-04,1.0157038937e-03,1.0177775166e-03
2026-03-13,8.4608404604e-04,9.1526058073e-04,8.1188739178e-04,8.1278855212e-04
2026-03-14,9.7409911075e-04,1.0549135828e-03,4.6087542420e-04,4.5969359908e-04
2026-03-15,4.3751732616e-04,4.6215991553e-04,3.9438649295e-04,3.9347377997e-04
2026-03-16,5.7382177426e-04,6.0324775515e-04,8.2441399476e-04,8.2441399476e-04
2026-03-17,9.6226483182e-04,1.0211882330e-03,1.0203522169e-03,1.0203107038e-03
2026-03-18,8.2467435506e-04,8.7533112087e-04,8.9238268301e-04,8.9240017778e-04
2026-03-19,7.5276053523e-04,7.9798410594e-04,1.0220624420e-03,1.0219656367e-03
2026-03-20,8.2806586579e-04,8.9251986173e-04,8.2742861553e-04,8.2753672363e-04
2026-03-21,7.9114229121e-04,8.5677199606e-04,3.8735415267e-04,3.8737681337e-04
2026-03-22,4.8125751912e-04,5.1183232195e-04,4.6128053328e-04,4.6132916039e-04
2026-03-23,6.6923534217e-04,7.2383597573e-04,9.1919420359e-04,9.1914085204e-04
2026-03-24,1.5095617207e-03,1.6872829984e-03,1.6951712150e-03,1.6958292835e-03
2026-03-25,8.2995551917e-04,9.1956137838e-04,9.4274581227e-04,9.4350146780e-04
2026-03-26,7.1226720746e-04,7.9255237946e-04,9.1505035547e-04,9.1602831332e-04
2026-03-27,7.4841894685e-04,8.4660754142e-04,9.6128391093e-04,9.6173694636e-04
2026-03-28,8.1850041749e-04,9.3331495838e-04,5.3149912863e-04,5.3202068045e-04
2026-03-29,4.0593125809e-04,4.4666561319e-04,3.5165093676e-04,3.5160443822e-04
2026-03-30,6.1138658316e-04,6.7654455030e-04,8.0204240888e-04,7.9846948045e-04
2026-03-31,7.7600166343e-04,8.7026063650e-04,8.2074788742e-04,8.2237486547e-04
2026-04-01,9.1256911854e-04,1.0354157529e-03,1.0286407904e-03,1.0304616907e-03
2026-04-02,6.5061212230e-04,7.3616649252e-04,7.7480235636e-04,7.7638754485e-04
2026-04-03,7.1606887248e-04,8.1863009900e-04,7.7878966756e-04,7.8006899397e-04
2026-04-04,4.4286375632e-04,5.0065949219e-04,2.5063824875e-04,2.5142818638e-04
2026-04-05,2.3597895442e-04,2.6266565173e-04,2.4852110519e-04,2.4873923043e-04
2026-04-06,4.4025076774e-04,4.9031711944e-04,6.5883395770e-04,6.5587782477e-04
2026-04-07,5.4001503996e-04,6.0302562659e-04,5.5335060860e-04,5.5335060860e-04
2026-04-08,7.0641379658e-04,8.0074704882e-04,8.6067248764e-04,8.6061212900e-04
2026-04-09,5.9901700995e-04,6.8185150021e-04,7.3065078773e-04,7.3055006844e-04
2026-04-10,7.0257071657e-04,8.1073879157e-04,6.8736928590e-04,6.8736727988e-04
2026-04-11,5.4266800961e-04,6.2574875565e-04,3.0817180480e-04,3.0819380932e-04
2026-04-12,3.7730175163e-04,4.3193117430e-04,3.4533686541e-04,3.4536075765e-04
2026-04-13,5.5991025425e-04,6.4184628941e-04,9.1423713987e-04,9.1429818184e-04
2026-04-14,6.3879888505e-04,7.3491648065e-04,8.6720202089e-04,8.6703381370e-04
2026-04-15,5.8325438192e-04,6.8916114043e-04,6.5985152702e-04,6.6053453787e-04
2026-04-16,5.4419760994e-04,6.4510275057e-04,6.8698752998e-04,6.8729493074e-04
2026-04-17,6.6858627347e-04,8.0079018185e-04,6.6168303648e-04,6.6267472078e-04
2026-04-18,6.5707613320e-04,7.8733400391e-04,3.7881115450e-04,3.7949840914e-04
2026-04-19,3.8831632571e-04,4.5985832643e-04,4.0472587344e-04,4.0454233452e-04
2026-04-20,4.9119955325e-04,5.8161118056e-04,8.2582951769e-04,8.2686508586e-04
2026-04-21,5.6238566420e-04,6.6852132414e-04,7.2572029772e-04,7.2629090331e-04
2026-04-22,6.1004803642e-04,7.2831493875e-04,6.9817227189e-04,6.9991871693e-04
2026-04-23,4.9096196436e-04,5.8743349177e-04,6.8361791696e-04,6.8449919428e-04
2026-04-24,5.3168758935e-04,6.4116044735e-04,5.3937096496e-04,5.4054739315e-04
2026-04-25,4.3102912416e-04,5.1943231910e-04,2.5533797720e-04,2.5604824652e-04
2026-04-26,1.9041152427e-04,2.2327740809e-04,2.0671801895e-04,2.0674849612e-04
2026-04-27,3.6865058545e-04,4.3430430999e-04,5.5130534818e-04,5.5322109042e-04
2026-04-28,4.5419531869e-04,5.3689815572e-04,5.4933806943e-04,5.5029797742e-04
2026-04-29,3.1736737782e-04,3.7049869433e-04,4.0750740823e-04,4.0750740823e-04
2026-04-30,4.8147071571e-04,5.7588694675e-04,5.7561936922e-04,5.7560407809e-04
2026-05-01,3.4493461011e-04,4.1348890686e-04,3.8005318877e-04,3.8008604264e-04
2026-05-02,3.9824219204e-04,4.8399869536e-04,2.3869657170e-04,2.3875708964e-04
2026-05-03,2.0707193086e-04,2.4663352623e-04,2.0961129052e-04,2.0972175596e-04
2026-05-04,2.8095659362e-04,3.3721079026e-04,4.2414073099e-04,4.2445680192e-04
2026-05-05,5.8137698116e-04,7.1305891108e-04,6.5033077743e-04,6.5068104457e-04
2026-05-06,3.7174909881e-04,4.5427557808e-04,4.8277358827e-04,4.8291758407e-04
2026-05-07,3.8416534473e-04,4.7263891495e-04,5.0713383786e-04,5.0823176560e-04
2026-05-08,3.7323936755e-04,4.6328144458e-04,4.5772454727e-04,4.5830076001e-04
2026-05-09,3.5735206525e-04,4.4886105826e-04,2.0777117335e-04,2.0840942586e-04
2026-05-10,1.7772410024e-04,2.1830884949e-04,1.8893184805e-04,1.8937363044e-04
2026-05-11,3.2055776441e-04,3.9953549995e-04,5.0952409682e-04,5.0971586782e-04
2026-05-12,3.6391180197e-04,4.5604505115e-04,4.3468422087e-04,4.3623516729e-04
2026-05-13,3.0520821742e-04,3.8290854140e-04,4.1689857511e-04,4.1805747382e-04
2026-05-14,2.8055320501e-04,3.5492438156e-04,4.1395003267e-04,4.1590260415e-04
2026-05-15,4.1607526228e-04,5.3808198757e-04,4.8187893031e-04,4.8419206485e-04
2026-05-16,3.6310466548e-04,4.7065604564e-04,2.4061435495e-04,2.4216857849e-04
2026-05-17,2.2052853367e-04,2.8179760943e-04,2.4222775219e-04,2.4303058748e-04
2026-05-18,2.4626005614e-04,3.1366987633e-04,4.2171625528e-04,4.2293016855e-04
2026-05-19,3.8335483756e-04,4.9509562600e-04,4.7572191716e-04,4.7883796708e-04
2026-05-20,3.1453359394e-04,4.0350371424e-04,3.9906214857e-04,4.0172254382e-04
2026-05-21,2.8181187169e-04,3.5881583352e-04,3.9570684494e-04,3.9570684494e-04
2026-05-22,3.3924636032e-04,4.3967134526e-04,3.6644014479e-04,3.6650264040e-04
2026-05-23,3.1454568600e-04,4.0759182039e-04,2.1736273720e-04,2.1745438929e-04
2026-05-24,3.4992491976e-04,4.5375176363e-04,3.3519725871e-04,3.3529859890e-04
2026-05-25,2.9949950707e-04,3.8426869177e-04,4.7147910736e-04,4.7178700888e-04
2026-05-26,2.3578095703e-04,3.0001435416e-04,3.2262627934e-04,3.2275328302e-04
2026-05-27,3.8864200248e-04,5.0893259657e-04,5.3201978658e-04,5.3253940510e-04
2026-05-28,3.3524816732e-04,4.3739137673e-04,5.1818235654e-04,5.1891366765e-04
2026-05-29,4.0125468943e-04,5.2531382193e-04,4.5730125717e-04,4.5857040220e-04
2026-05-30,4.0526776091e-04,5.3064794522e-04,2.2708245478e-04,2.2741022263e-04
2026-05-31,1.9033305884e-04,2.4525409237e-04,2.1774235680e-04,2.1811613217e-04
2026-06-01,2.2939851245e-04,2.9396531199e-04,3.9270621646e-04,3.9416843044e-04
2026-06-02,4.0631474027e-04,5.2809881323e-04,5.9709509243e-04,5.9821755020e-04
2026-06-03,6.1603628333e-04,8.0478706151e-04,1.1002486842e-03,1.1029690802e-03
2026-06-04,7.7805922045e-04,1.0088661381e-03,1.2114728818e-03,1.2150312729e-03
2026-06-05,1.3534164939e-03,1.7323767754e-03,1.2762409333e-03,1.2802422304e-03
2026-06-06,1.6611173237e-03,2.0776079468e-03,1.0833091034e-03,1.0807567656e-03
2026-06-07,1.0811408442e-03,1.3243812707e-03,9.7261054158e-04,9.7241996605e-04
2026-06-08,1.3295486171e-03,1.6072937692e-03,2.2813832112e-03,2.2796459362e-03
2026-06-09,1.0256210165e-03,1.2171570032e-03,1.2949549095e-03,1.2913728048e-03
2026-06-10,9.1522492204e-04,1.0672174912e-03,1.2923988496e-03,1.2940500906e-03
2026-06-11,9.6882685576e-04,1.1068029782e-03,1.1567651416e-03,1.1552408246e-03
2026-06-12,7.7882901207e-04,8.7684051803e-04,9.1676428186e-04,9.1676428186e-04
2026-06-13,6.4114327165e-04,7.0916441050e-04,3.2293585166e-04,3.2291901625e-04
2026-06-14,3.5128548269e-04,3.7929191273e-04,3.4497546783e-04,3.4511633012e-04
2026-06-15,5.0504252334e-04,5.4711399957e-04,7.3990031395e-04,7.3996115271e-04
2026-06-16,5.4688093256e-04,5.8664831445e-04,5.7247939360e-04,5.7252486199e-04
2026-06-17,5.1921651729e-04,5.5180506895e-04,5.5528531335e-04,5.5536317694e-04
2026-06-18,8.0479466361e-04,8.6900241159e-04,8.9310499376e-04,8.9259528109e-04
2026-06-19,6.8106706678e-04,7.3510805645e-04,7.0800036322e-04,7.0876020218e-04
2026-06-20,5.8528035049e-04,6.3006257685e-04,2.9073967308e-04,2.9123356412e-04
2026-06-21,4.5477336372e-04,4.8577159558e-04,3.9169721412e-04,3.9194628473e-04
2026-06-22,4.3694960474e-04,4.6420244266e-04,6.5768739807e-04,6.5854788311e-04
2026-06-23,5.8096012598e-04,6.1453608662e-04,5.9629884018e-04,5.9707209584e-04
2026-06-24,5.5603979330e-04,5.8554089329e-04,6.2691432782e-04,6.2651816119e-04
2026-06-25,7.4485841744e-04,7.9765063023e-04,8.9187389519e-04,8.9273397644e-04
2026-06-26,1.1624704247e-03,1.2802709045e-03,1.0741721911e-03,1.0759905923e-03
2026-06-27,1.0726829520e-03,1.2092583234e-03,4.9488485670e-04,4.9574795733e-04
2026-06-28,4.6526510125e-04,5.2969414820e-04,4.4177774062e-04,4.4251590021e-04
2026-06-29,6.0789292937e-04,7.0349053896e-04,9.3890644568e-04,9.4073372266e-04
2026-06-30,8.6457167097e-04,1.0216065279e-03,1.0103564109e-03,1.0123162832e-03
2026-07-01,6.3445758767e-04,7.3878465728e-04,8.8703807238e-04,8.8543827333e-04
2026-07-02,7.0825587525e-04,8.2181406677e-04,9.0994136492e-04,9.0978201355e-04
2026-07-03,6.3699162353e-04,7.4486152338e-04,7.1674449475e-04,7.1879091678e-04
2026-07-04,4.7912319628e-04,5.5776122485e-04,2.8504589763e-04,2.8504589763e-04
2026-07-05,3.7277160931e-04,4.2806925837e-04,3.4837474073e-04,3.4841376602e-04
2026-07-06,3.6169814286e-04,4.1197784208e-04,5.4841831675e-04,5.4852843525e-04
2026-07-07,7.0771955955e-04,8.1622050791e-04,7.1879253737e-04,7.1870709785e-04
2026-07-08,5.4930934734e-04,6.2735975407e-04,6.3402688548e-04,6.3413941868e-04
2026-07-09,5.8684104603e-04,6.7271824323e-04,7.5485165789e-04,7.5493758346e-04
2026-07-10,5.7178095573e-04,6.6249831860e-04,5.9886829318e-04,5.9900014382e-04
2026-07-11,4.3823120118e-04,5.0714258097e-04,2.5615402426e-04,2.5642450546e-04
2026-07-12,2.8729640480e-04,3.2600060560e-04,2.7470947719e-04,2.7513699690e-04
2026-07-13,2.7130260965e-04,3.0535818554e-04,4.0837165851e-04,4.0830877414e-04
2026-07-14,4.7122544502e-04,5.3488974619e-04,5.6356495994e-04,5.6427733643e-04
2026-07-15,4.8102559934e-04,5.4563009815e-04,6.1397300330e-04,6.1465143756e-04
2026-07-16,4.0795371885e-04,4.6207212831e-04,4.8444190619e-04,4.8528136120e-04
2026-07-17,4.1058028625e-04,4.7110777119e-04,4.3933089348e-04,4.4040616503e-04
2026-07-18,4.4896122612e-04,5.3163673423e-04,2.2910407420e-04,2.2990323379e-04
2026-07-19,1.8627835688e-04,2.1895518444e-04,2.0581540887e-04,2.0667738081e-04
2026-07-20,2.1564048634e-04,2.5239811120e-04,3.3925008835e-04,3.3976056113e-04
2026-07-21,5.0194663590e-04,6.0423421280e-04,5.4268138547e-04,5.4414316117e-04
2026-07-22,3.2642171671e-04,3.9370077186e-04,4.3374726998e-04,4.3544189398e-04
2026-07-23,2.9717034883e-04,3.5841590928e-04,3.9740654213e-04,3.9898272817e-04
2026-07-24,3.0248857505e-04,3.7178707512e-04,3.6200936679e-04,3.6362105508e-04
2026-07-25,3.5173719075e-04,4.3972768138e-04,2.1184729079e-04,2.1331936788e-04
2026-07-26,1.3639517387e-04,1.6450443934e-04,1.4666563238e-04,1.4666563238e-04
2026-07-27,1.8000184152e-04,2.1796669163e-04,3.0814248356e-04,3.0831225463e-04
2026-07-28,3.4264019114e-04,4.2315992359e-04,4.4926015718e-04,4.4932441688e-04
2026-07-29,3.4454948919e-04,4.3405332294e-04,4.0503234849e-04,4.0517239978e-04
2026-07-30,4.0200178518e-04,5.1190428463e-04,4.9201426357e-04,4.9207226082e-04
2026-07-31,3.1541514237e-04,4.0523265324e-04,3.7462567014e-04,3.7489776512e-04
2026-08-01,3.5233236905e-04,4.5938209424e-04,2.4678382170e-04,2.4706202680e-04
2026-08-02,1.6027342607e-04,2.0459152961e-04,1.8100631347e-04,1.8153844277e-04
2026-08-03,2.5759348867e-04,3.3063401497e-04,4.3626498977e-04,4.3690269600e-04
2026-08-04,3.0143081626e-04,3.8403743316e-04,3.6148672783e-04,3.6238149494e-04
2026-08-05,2.8605965965e-04,3.6591911822e-04,3.7074826404e-04,3.7163574921e-04
2026-08-06,2.7497603636e-04,3.5285487004e-04,3.7686579766e-04,3.7825741537e-04
2026-08-07,2.2125920436e-04,2.8490481001e-04,2.6801514950e-04,2.6906008848e-04
2026-08-08,2.3529740105e-04,3.0488129407e-04,1.4379667493e-04,1.4468321045e-04
2026-08-09,8.0430369921e-05,1.0153094778e-04,9.9235018400e-05,9.9920904667e-05
2026-08-10,1.1886546315e-04,1.4997813079e-04,2.0668383590e-04,2.0816215667e-04
2026-08-11,2.2828626728e-04,2.9150687627e-04,2.8925039105e-04,2.9116923845e-04
2026-08-12,1.8228777559e-04,2.3539158144e-04,2.3883670841e-04,2.4080189703e-04
2026-08-13,1.8680203517e-04,2.4188744061e-04,2.4918644230e-04,2.5159119699e-04
2026-08-14,2.3746114191e-04,3.1327973595e-04,2.5553968942e-04,2.5772007675e-04
2026-08-15,1.8200704613e-04,2.4022755252e-04,1.1563157295e-04,1.1720091678e-04
2026-08-16,7.9199176357e-05,1.0242042395e-04,9.4616613627e-05,9.5944074408e-05
2026-08-17,9.6114386617e-05,1.2412912921e-04,1.7899663089e-04,1.7899663089e-04
2026-08-18,2.1589170376e-04,2.8474029328e-04,2.9438411508e-04,2.9437028168e-04
2026-08-19,1.7880351037e-04,2.3538257055e-04,2.2759939365e-04,2.2776743427e-04
2026-08-20,5.2412444469e-04,7.2071754884e-04,8.9299900620e-04,8.9138574924e-04
2026-08-21,6.1730412029e-04,8.5154149402e-04,8.3975163205e-04,8.3827508724e-04
2026-08-22,1.1119383968e-03,1.5012508194e-03,7.9801666887e-04,7.9255213449e-04
2026-08-23,6.0500490585e-04,7.9965103990e-04,6.6510592412e-04,6.6355403116e-04
2026-08-24,5.6090549771e-04,7.3337614818e-04,1.0049482113e-03,1.0041143299e-03
2026-08-25,7.2236540490e-04,9.3498314546e-04,9.9780252513e-04,9.9899625375e-04
2026-08-26,7.7369076090e-04,9.8762674990e-04,1.0110765502e-03,1.0047535509e-03
2026-08-27,5.1776396904e-04,6.3851986841e-04,7.1080292028e-04,7.1140093877e-04
2026-08-28,5.4609699382e-04,6.6995889995e-04,6.2650151778e-04,6.2413798749e-04
2026-08-29,6.1944816852e-04,7.5668357651e-04,3.9596929907e-04,3.9602204672e-04
2026-08-30,2.4572905731e-04,2.8996275452e-04,2.6298031542e-04,2.6341545031e-04
2026-08-31,3.7284199248e-04,4.3811963259e-04,5.6874020512e-04,5.6844902163e-04
