date,rv5,flag,Naive,EWMA,GARCH,HAR,evaluable
2020-01-01,1.8985855001e-04,False,2.8537085354e-04,6.7631534305e-04,9.1053867692e-04,4.8589897788e-04,True
2020-01-02,3.8895524807e-04,False,1.8985855001e-04,6.3577299840e-04,8.8398747804e-04,4.3309013544e-04,True
2020-01-03,1.8563860175e-03,False,3.8895524807e-04,6.6375916320e-04,9.4864710835e-04,5.2000482461e-04,True
2020-01-04,4.0968807449e-04,False,1.8563860175e-03,7.9256790361e-04,1.1409804438e-03,1.2199364013e-03,True
2020-01-05,3.1771763962e-04,False,4.0968807449e-04,7.4510682744e-04,1.0702618004e-03,6.2515570143e-04,True
2020-01-06,5.0161658239e-04,False,3.1771763962e-04,7.0042428783e-04,1.0130063762e-03,5.8812753863e-04,True
2020-01-07,1.2483680637e-03,False,5.0161658239e-04,8.2588781572e-04,1.1914489104e-03,6.7993418930e-04,True
2020-01-08,2.1774001087e-03,False,1.2483680637e-03,9.1871806310e-04,1.3021044396e-03,1.0364973828e-03,True
2020-01-09,1.0309028260e-03,False,2.1774001087e-03,8.7088662190e-04,1.2094107257e-03,1.4544873092e-03,True
2020-01-10,1.4837231315e-03,False,1.0309028260e-03,8.7269321653e-04,1.1956904994e-03,9.7896213722e-04,True
2020-01-11,1.3000546682e-03,False,1.4837231315e-03,9.5498144623e-04,1.2952048757e-03,1.2251534840e-03,True
2020-01-12,5.1279259133e-04,False,1.3000546682e-03,9.2627812576e-04,1.2315983718e-03,1.1960441628e-03,True
2020-01-13,2.7184713752e-04,False,5.1279259133e-04,8.9557589830e-04,1.1772619098e-03,8.3892051871e-04,True
2020-01-14,1.9584047282e-03,False,2.7184713752e-04,8.4687675385e-04,1.1056421843e-03,6.4850604627e-04,True
2020-01-15,1.4734996516e-03,False,1.9584047282e-03,1.2069058260e-03,1.5906473355e-03,1.4012215559e-03,True
2020-01-16,8.8914703738e-04,False,1.4734996516e-03,1.1345918101e-03,1.4335668000e-03,1.2071639965e-03,True
2020-01-17,9.2065688499e-04,False,8.8914703738e-04,1.0745361715e-03,1.3165623010e-03,9.5103605122e-04,True
2020-01-18,4.8684374918e-04,False,9.2065688499e-04,1.0388982220e-03,1.2512341098e-03,9.8781867001e-04,True
2020-01-19,2.6141934517e-03,False,4.8684374918e-04,9.7656975137e-04,1.1591767130e-03,8.1693323396e-04,True
2020-01-20,4.9974059750e-04,False,2.6141934517e-03,9.5347650363e-04,1.1307453267e-03,1.7607378089e-03,True
2020-01-21,5.7596034536e-04,False,4.9974059750e-04,8.9907822869e-04,1.0652171609e-03,8.3979753975e-04,True
2020-01-22,2.3275408193e-04,False,5.7596034536e-04,8.5210774209e-04,1.0186331435e-03,8.6045416844e-04,True
2020-01-23,6.6831788752e-04,False,2.3275408193e-04,8.0325984119e-04,9.7961778794e-04,6.8559024610e-04,True
2020-01-24,5.4358816965e-04,False,6.6831788752e-04,8.1853181102e-04,1.0214058942e-03,8.8007345657e-04,True
2020-01-25,3.9511522625e-04,False,5.4358816965e-04,7.7042563202e-04,9.7711703110e-04,7.3674007137e-04,True
2020-01-26,4.3802279011e-04,False,3.9511522625e-04,7.3245716002e-04,9.5018680747e-04,6.5196777898e-04,True
2020-01-27,6.1363689871e-04,False,4.3802279011e-04,7.5138694723e-04,9.9627587894e-04,6.6347418862e-04,True
2020-01-28,1.3672636298e-03,False,6.1363689871e-04,7.7322373208e-04,1.0388909579e-03,7.5690305819e-04,True
2020-01-29,6.9187508079e-04,False,1.3672636298e-03,8.8326277684e-04,1.1854674610e-03,1.1124312729e-03,True
2020-01-30,6.7246370324e-04,False,6.9187508079e-04,8.3390188812e-04,1.1141985261e-03,8.3156800666e-04,True
2020-01-31,5.4185014511e-04,False,6.7246370324e-04,8.1424940715e-04,1.0893739441e-03,8.1732346590e-04,True
2020-02-01,2.8983765688e-04,False,5.4185014511e-04,7.8272622776e-04,1.0530649144e-03,7.6141654773e-04,True
2020-02-02,3.7942439098e-04,False,2.8983765688e-04,7.3645044296e-04,1.0025276602e-03,6.2698835106e-04,True
2020-02-03,7.2527773178e-04,False,3.7942439098e-04,6.9419525557e-04,9.6294927660e-04,6.0794517572e-04,True
2020-02-04,4.5596155340e-04,False,7.2527773178e-04,6.5361062782e-04,9.2960007964e-04,7.5560294060e-04,True
2020-02-05,5.9152942283e-04,False,4.5596155340e-04,6.2075954428e-04,9.0908323410e-04,6.3592213128e-04,True
2020-02-06,7.4579227914e-04,False,5.9152942283e-04,7.0039825009e-04,1.0302473027e-03,6.7752995268e-04,True
2020-02-07,3.7844163725e-04,False,7.4579227914e-04,6.7471861105e-04,1.0034298629e-03,7.5321544376e-04,True
2020-02-08,3.4260758120e-04,False,3.7844163725e-04,6.3532500082e-04,9.6256930191e-04,5.9399803862e-04,True
2020-02-09,3.5044079083e-04,False,3.4260758120e-04,6.0129143552e-04,9.3298844920e-04,5.5435527534e-04,True
2020-02-10,9.6091242739e-04,False,3.6567734695e-04,6.0457080026e-04,9.5288353174e-04,5.5796616646e-04,True
2020-02-11,8.6018127431e-04,False,9.6091242739e-04,6.2225652654e-04,9.8770912700e-04,8.0180023454e-04,True
2020-02-12,6.4377119246e-04,False,8.6018127431e-04,6.6701977936e-04,1.0508700584e-03,7.6974384662e-04,True
2020-02-13,1.6222073816e-03,False,6.4377119246e-04,6.3307276922e-04,1.0074339175e-03,6.9260906473e-04,True
2020-02-14,4.6850204269e-04,False,1.6222073816e-03,6.0041385549e-04,9.5053645857e-04,1.1744183960e-03,True
2020-02-15,1.3519196500e-03,False,4.6850204269e-04,5.7185243216e-04,9.2348679301e-04,6.9734349649e-04,True
2020-02-16,7.2672273783e-04,False,1.3519196500e-03,6.5071134934e-04,1.0352642302e-03,1.0918320127e-03,True
2020-02-17,9.7364345275e-04,False,7.2672273783e-04,6.1176487485e-04,9.8428454089e-04,8.3040531877e-04,True
2020-02-18,9.7254824907e-04,False,9.7364345275e-04,6.0288030095e-04,9.7810620441e-04,9.5429849876e-04,True
2020-02-19,3.2000812850e-03,True,9.7254824907e-04,6.9465009547e-04,1.0935432360e-03,9.2894667684e-04,False
2020-02-20,9.4320117540e-04,False,4.2432017039e-03,8.5346243674e-04,1.2835664516e-03,2.4881447271e-03,True
2020-02-21,5.0993976560e-04,False,9.4320117540e-04,8.0225919833e-04,1.1876156511e-03,1.1051629611e-03,True
2020-02-22,2.1302423628e-04,False,5.0993976560e-04,7.5832403825e-04,1.1137893490e-03,9.1347553138e-04,True
2020-02-23,4.8041656579e-04,False,2.1302423628e-04,7.1326526544e-04,1.0492456213e-03,7.5087696031e-04,True
2020-02-24,8.4286312452e-04,False,4.8041656579e-04,7.2147981779e-04,1.0573618124e-03,8.4071912469e-04,True
2020-02-25,7.3569270219e-04,False,8.4286312452e-04,7.2730925551e-04,1.0647413756e-03,8.4285259149e-04,True
2020-02-26,1.5985784877e-03,False,7.3569270219e-04,7.6089925649e-04,1.1060169836e-03,7.8921302808e-04,True
2020-02-27,1.4576611040e-03,False,1.5985784877e-03,9.2157833890e-04,1.3010696131e-03,1.2098989824e-03,True
2020-02-28,1.6156499258e-03,False,1.4576611040e-03,8.6739901701e-04,1.2031149537e-03,1.2188161535e-03,True
2020-02-29,6.6760664597e-04,False,1.6156499258e-03,8.2863636635e-04,1.1389794729e-03,1.3464121411e-03,True
2020-03-01,9.8040038538e-04,False,6.6760664597e-04,8.0212750421e-04,1.0990054291e-03,9.4961683638e-04,True
2020-03-02,6.2439828292e-04,False,9.8040038538e-04,7.5405628186e-04,1.0364633874e-03,1.0976563596e-03,True
2020-03-03,9.7697493744e-04,False,6.2439828292e-04,8.2472190309e-04,1.1265477705e-03,9.0939545305e-04,True
2020-03-04,3.4812237584e-04,True,9.7697493744e-04,7.9373617246e-04,1.0828695074e-03,1.0337025370e-03,False
2020-03-05,5.3182378588e-04,False,3.8208553446e-04,7.4617824939e-04,1.0233657486e-03,7.2682176802e-04,True
2020-03-06,3.1797580758e-04,False,5.3182378588e-04,7.7129334578e-04,1.0592947631e-03,7.8084408753e-04,True
2020-03-07,5.5576264280e-04,False,3.1797580758e-04,7.2934038482e-04,1.0056078398e-03,6.4591130875e-04,True
2020-03-08,1.3780746804e-03,False,5.5576264280e-04,7.3003668512e-04,1.0138332571e-03,7.4193476023e-04,True
2020-03-09,2.5890082341e-03,False,1.3780746804e-03,1.2977447065e-03,1.6849626606e-03,1.1009798660e-03,True
2020-03-10,1.6658452700e-03,False,2.5890082341e-03,1.2299577282e-03,1.5356838168e-03,1.7262810131e-03,True
2020-03-11,1.3997744379e-03,False,1.6658452700e-03,1.1573552207e-03,1.4015448610e-03,1.4034638489e-03,True
2020-03-12,4.9027183008e-02,False,1.3997744379e-03,1.0894434187e-03,1.2906868889e-03,1.3469438658e-03,True
2020-03-13,1.1055610341e-01,False,4.9027183008e-02,1.6180901147e-02,1.8920998286e-02,2.3808011345e-02,True
2020-03-14,7.5666709790e-03,False,1.1055610341e-01,1.6565848054e-02,1.7372041823e-02,1.3389477344e-01,True
2020-03-15,9.1917371669e-03,False,7.5666709790e-03,1.5915424930e-02,1.4911982843e-02,1.2531113974e-03,True
2020-03-16,2.0542316184e-02,False,9.1917371669e-03,1.5037980704e-02,1.2562222427e-02,6.3716242787e-03,True
2020-03-17,6.4037537820e-03,False,2.0542316184e-02,1.4381394983e-02,1.0815988979e-02,1.6704681461e-02,True
2020-03-18,6.2152185017e-03,False,6.4037537820e-03,1.3699178629e-02,9.2918611422e-03,7.9053061022e-03,True
2020-03-19,6.0166926264e-03,False,6.2152185017e-03,1.2890764560e-02,7.8358239948e-03,6.9760963204e-03,True
2020-03-20,1.1648557618e-02,False,6.0166926264e-03,1.3184287408e-02,7.8589678312e-03,6.9311832652e-03,True
2020-03-21,6.1964593623e-03,False,1.1648557618e-02,1.2396547209e-02,6.6379521916e-03,9.5251503058e-03,True
2020-03-22,4.4714365732e-03,False,6.1964593623e-03,1.1653468397e-02,5.6244402172e-03,7.2122058914e-03,True
2020-03-23,5.9648440036e-03,False,4.4714365732e-03,1.1183427121e-02,5.0537724482e-03,6.4723717575e-03,True
2020-03-24,4.6012867375e-03,False,5.9648440036e-03,1.1188043161e-02,5.0993598751e-03,7.1341858288e-03,True
2020-03-25,3.9113089676e-03,False,4.6012867375e-03,1.0622599158e-02,4.4726774983e-03,6.5459519611e-03,True
2020-03-26,1.5768331541e-03,False,3.9113089676e-03,9.9912754044e-03,3.8384636572e-03,6.1526562354e-03,True
2020-03-27,2.6167470532e-03,False,1.5768331541e-03,9.3965889055e-03,3.3116065244e-03,5.0019453594e-03,True
2020-03-28,2.5778125382e-03,False,2.6167470532e-03,9.0331033778e-03,3.1054763046e-03,5.3336198690e-03,True
2020-03-29,1.3984414575e-03,False,2.5778125382e-03,8.5138042428e-03,3.0686646010e-03,5.1968844195e-03,True
2020-03-30,2.1061347921e-03,False,1.3984414575e-03,8.2093297971e-03,3.0533967518e-03,4.5296143531e-03,True
2020-03-31,1.0456116647e-03,False,2.1061347921e-03,8.1363208187e-03,3.4761207788e-03,4.6970369965e-03,True
2020-04-01,1.7820473717e-03,False,1.0456116647e-03,7.6485191034e-03,2.9157645432e-03,4.0865439678e-03,True
2020-04-02,4.5060706760e-03,False,1.7820473717e-03,7.2657508994e-03,2.6326639941e-03,4.2795364869e-03,True
2020-04-03,1.8927920887e-03,False,4.5060706760e-03,6.8601848707e-03,2.3132122742e-03,5.4547177206e-03,True
2020-04-04,1.6245078611e-03,False,1.8927920887e-03,6.4532932706e-03,2.0122496642e-03,3.7819693525e-03,True
2020-04-05,7.1655381879e-04,False,1.6245078611e-03,6.0857184042e-03,1.8025292525e-03,2.5198323603e-03,True
2020-04-06,1.1305465038e-03,False,7.1655381879e-04,5.7297369263e-03,1.6206828941e-03,2.0704200340e-03,True
2020-04-07,1.3515636377e-03,False,1.1305465038e-03,5.7608890942e-03,2.2528576596e-03,2.1430588581e-03,True
2020-04-08,9.8316675544e-04,False,1.3515636377e-03,5.4352263730e-03,1.9996656674e-03,1.9867005720e-03,True
2020-04-09,7.8055836230e-04,False,9.8316675544e-04,5.1395555880e-03,1.8152256490e-03,1.7661877350e-03,True
2020-04-10,1.7599718237e-03,False,7.8055836230e-04,4.8379452684e-03,1.6251393896e-03,1.6140514335e-03,True
2020-04-11,5.5074680354e-04,False,1.7599718237e-03,4.7641513140e-03,1.9396851650e-03,1.9865667461e-03,True
2020-04-12,9.5358053960e-04,False,5.5074680354e-04,4.4787102709e-03,1.7067565205e-03,1.3757340624e-03,True
2020-04-13,2.0523703540e-03,False,9.5358053960e-04,4.2109062296e-03,1.5243151705e-03,1.4798426681e-03,True
2020-04-14,7.9323778373e-04,False,2.0523703540e-03,3.9637681085e-03,1.3933148660e-03,1.9198304710e-03,True
2020-04-15,6.6049991041e-04,False,7.9323778373e-04,3.7271530996e-03,1.2781833692e-03,1.3583002809e-03,True
2020-04-16,2.4643058430e-03,False,6.6049991041e-04,3.5843029494e-03,1.3679941047e-03,1.2461894373e-03,True
2020-04-17,6.8535602568e-04,False,2.4643058430e-03,3.6639619188e-03,1.8818489758e-03,1.9961532101e-03,True
2020-04-18,3.7618361443e-04,False,6.8535602568e-04,3.4507768650e-03,1.6773107866e-03,1.2614831473e-03,True
2020-04-19,4.3617048043e-04,False,3.7618361443e-04,3.3012794805e-03,1.6186887162e-03,1.0845306759e-03,True
2020-04-20,1.2463969836e-03,False,4.3617048043e-04,3.1222060510e-03,1.4857735109e-03,1.0807532329e-03,True
2020-04-21,6.4405276354e-04,False,1.2463969836e-03,3.0414771866e-03,1.5823755712e-03,1.4172901072e-03,True
2020-04-22,3.8630867713e-04,False,6.4405276354e-04,2.8592601479e-03,1.4291525132e-03,1.1270208048e-03,True
2020-04-23,1.5874255361e-03,False,3.8630867713e-04,2.7868078017e-03,1.5047989107e-03,1.0100828543e-03,True
2020-04-24,5.4346165353e-04,False,1.5874255361e-03,2.7632062518e-03,1.6545895845e-03,1.5156492928e-03,True
2020-04-25,3.7204627709e-04,True,5.4346165353e-04,2.5979600884e-03,1.4863529022e-03,1.0549362348e-03,False
2020-04-26,5.0262389336e-04,False,4.1530747210e-04,2.4432847235e-03,1.3550255622e-03,9.7432696721e-04,True
2020-04-27,5.3261906376e-04,False,5.0262389336e-04,2.3213595972e-03,1.2968778347e-03,9.9548582745e-04,True
2020-04-28,2.6855612426e-04,False,5.3261906376e-04,2.1887444774e-03,1.2159546817e-03,1.0076221094e-03,True
2020-04-29,3.1809362484e-03,False,2.6855612426e-04,2.0586864773e-03,1.1443181915e-03,8.6855457183e-04,True
2020-04-30,4.6050868036e-03,False,3.1809362484e-03,2.8883850620e-03,3.0286892959e-03,2.1132539541e-03,True
2020-05-01,1.2037797967e-03,False,4.6050868036e-03,2.7350185188e-03,2.6121365357e-03,2.8013976889e-03,True
2020-05-02,6.1034493816e-04,False,1.2037797967e-03,2.6046916244e-03,2.3041128707e-03,1.4382576391e-03,True
2020-05-03,1.4978667606e-03,False,6.1034493816e-04,2.4643584031e-03,2.0264591231e-03,1.1869143409e-03,True
2020-05-04,1.1616654332e-03,False,1.4978667606e-03,2.3210584788e-03,1.7897400214e-03,1.5767645332e-03,True
2020-05-05,1.2175195185e-03,False,1.1616654332e-03,2.1821697121e-03,1.5935070425e-03,1.4076951680e-03,True
2020-05-06,1.1648975951e-03,False,1.2175195185e-03,2.0680762031e-03,1.4690691976e-03,1.3640824682e-03,True
2020-05-07,1.7231870923e-03,False,1.1648975951e-03,1.9546571456e-03,1.3591197697e-03,1.3455048126e-03,True
2020-05-08,1.1462666823e-03,False,1.7231870923e-03,2.3046017207e-03,2.2007953052e-03,1.6013078863e-03,True
2020-05-09,9.5133237214e-04,False,1.1462666823e-03,2.1876240746e-03,1.9636631414e-03,1.3483269728e-03,True
2020-05-10,1.2633961741e-02,False,9.5133237214e-04,2.0999538865e-03,1.8248817851e-03,1.2679399089e-03,True
2020-05-11,6.1859503500e-03,False,1.2633961741e-02,2.4545044488e-03,2.6324293092e-03,6.3212373084e-03,True
2020-05-12,1.5135678059e-03,False,6.1859503500e-03,2.3281239106e-03,2.2236237472e-03,3.8561522408e-03,True
2020-05-13,9.7392508239e-04,False,1.5135678059e-03,2.2378556796e-03,2.0439937241e-03,1.9618637883e-03,True
2020-05-14,2.1547249540e-03,False,9.7392508239e-04,2.2853769229e-03,2.1307772222e-03,1.7409295404e-03,True
2020-05-15,2.3638706739e-03,False,2.1547249540e-03,2.3015255313e-03,2.1502263576e-03,2.2569788809e-03,True
2020-05-16,9.5867790392e-04,False,2.3638706739e-03,2.3121482578e-03,2.1789035028e-03,2.1759049905e-03,True
2020-05-17,8.3825174561e-04,False,9.5867790392e-04,2.1763064420e-03,1.9299974581e-03,1.5225947343e-03,True
2020-05-18,1.1515250228e-03,False,8.3825174561e-04,2.1047007357e-03,1.8259628360e-03,1.4657996814e-03,True
2020-05-19,1.1183583537e-03,False,1.1515250228e-03,1.9802679650e-03,1.6465859934e-03,1.6012927202e-03,True
2020-05-20,1.0065189128e-03,False,1.1183583537e-03,1.8625430981e-03,1.5022590994e-03,1.5755069253e-03,True
2020-05-21,1.4131924255e-03,False,1.0065189128e-03,1.7957969641e-03,1.4719423956e-03,1.5138453897e-03,True
2020-05-22,8.2097182043e-04,False,1.4131924255e-03,1.8243995858e-03,1.6147563820e-03,1.6683948827e-03,True
2020-05-23,4.4029872589e-04,False,8.2097182043e-04,1.7223467044e-03,1.4866471921e-03,1.3906618044e-03,True
2020-05-24,1.1594405033e-03,False,4.4029872589e-04,1.6190655811e-03,1.3733878072e-03,1.2160628399e-03,True
2020-05-25,8.3907472074e-04,False,1.1594405033e-03,1.6796776736e-03,1.5749487493e-03,1.5126106302e-03,True
2020-05-26,6.0979186958e-04,False,8.3907472074e-04,1.6039459272e-03,1.4843032610e-03,1.3729694128e-03,True
2020-05-27,6.9980859482e-04,False,6.0979186958e-04,1.5103787056e-03,1.3777903745e-03,1.2602391840e-03,True
2020-05-28,6.0712242526e-04,False,6.9980859482e-04,1.5168410753e-03,1.4509887743e-03,1.2886987361e-03,True
2020-05-29,6.5642994053e-04,False,6.0712242526e-04,1.5199330587e-03,1.5042630605e-03,1.2476791423e-03,True
2020-05-30,7.7896722373e-04,False,6.5642994053e-04,1.4434571186e-03,1.4171036330e-03,1.2477927507e-03,True
2020-05-31,5.6587034801e-04,False,7.7896722373e-04,1.4049216642e-03,1.3975952850e-03,1.2920326381e-03,True
2020-06-01,1.2292540288e-03,False,5.6587034801e-04,1.3613711234e-03,1.3804848275e-03,1.2003847348e-03,True
2020-06-02,4.5314805123e-03,False,1.2292540288e-03,1.6320325388e-03,1.9001586757e-03,1.3664506734e-03,True
2020-06-03,3.5940644387e-04,False,4.5314805123e-03,1.8220459922e-03,2.2186927562e-03,2.7561887377e-03,True
2020-06-04,6.2897587171e-04,False,3.5940644387e-04,1.7270462302e-03,1.9792182523e-03,1.0510799455e-03,True
2020-06-05,5.2570023283e-04,False,6.2897587171e-04,1.6329884592e-03,1.7805694913e-03,1.1533337803e-03,True
2020-06-06,2.6755751906e-04,False,5.2570023283e-04,1.5529677891e-03,1.6436426606e-03,1.0941546248e-03,True
2020-06-07,4.9417432576e-04,False,2.6755751906e-04,1.4611042983e-03,1.5002965707e-03,9.5181985735e-04,True
2020-06-08,2.6542219215e-04,False,4.9417432576e-04,1.3775843086e-03,1.3902180653e-03,9.6927782612e-04,True
2020-06-09,6.9813228528e-04,False,2.6542219215e-04,1.2957010139e-03,1.2975726839e-03,8.6865885271e-04,True
2020-06-10,5.8868959569e-04,False,6.9813228528e-04,1.2180165569e-03,1.2234761705e-03,1.0398752952e-03,True
2020-06-11,1.6977731510e-03,False,5.8868959569e-04,1.1528062496e-03,1.1754266440e-03,9.9090085021e-04,True
2020-06-12,4.3895953996e-04,False,1.6977731510e-03,1.3226390350e-03,1.5609398615e-03,1.4709576702e-03,True
2020-06-13,2.2917815493e-04,False,4.3895953996e-04,1.2665894316e-03,1.4698016766e-03,9.5071658452e-04,True
2020-06-14,3.3388836739e-04,False,2.2917815493e-04,1.1906391689e-03,1.3603321842e-03,8.5854286453e-04,True
2020-06-15,8.7098561356e-04,False,3.3388836739e-04,1.1308777579e-03,1.2968515799e-03,8.9277148349e-04,True
2020-06-16,5.2650965122e-04,False,8.7098561356e-04,1.0678236028e-03,1.2290579006e-03,1.1115960499e-03,True
2020-06-17,2.8391763553e-04,False,5.2650965122e-04,1.0103791583e-03,1.1778901587e-03,9.4856629035e-04,True
2020-06-18,2.4714394023e-04,False,2.8391763553e-04,9.5218818424e-04,1.1334517376e-03,8.4376827104e-04,True
2020-06-19,3.1623326086e-04,False,2.4714394023e-04,8.9925254251e-04,1.1015794040e-03,8.2387835619e-04,True
2020-06-20,1.5284666791e-04,False,3.1623326086e-04,8.4927249176e-04,1.0757353516e-03,8.4784315653e-04,True
2020-06-21,9.5766392792e-05,False,1.5284666791e-04,7.9995061350e-04,1.0480509109e-03,7.6356327232e-04,True
2020-06-22,2.7429608071e-04,False,9.5766392792e-05,7.5480176657e-04,1.0308040896e-03,7.2537533340e-04,True
2020-06-23,1.8253615171e-04,False,2.7429608071e-04,8.1139105766e-04,1.1809121487e-03,7.9372150069e-04,True
2020-06-24,5.5617637960e-04,False,1.8253615171e-04,7.6508679246e-04,1.1357526465e-03,7.4428900198e-04,True
2020-06-25,6.6943785256e-04,False,5.5617637960e-04,7.9149171618e-04,1.2030269692e-03,8.5985379654e-04,True
2020-06-26,5.4618694544e-04,False,6.6943785256e-04,7.4554359152e-04,1.1463788651e-03,9.1719054093e-04,True
2020-06-27,5.5442803266e-04,False,5.4618694544e-04,7.0620433645e-04,1.1088771532e-03,8.7372456113e-04,True
2020-06-28,2.7309526810e-04,True,5.5442803266e-04,6.8022731060e-04,1.0997708430e-03,8.8162187904e-04,False
2020-06-29,2.3440401532e-04,False,3.1972128948e-04,6.4736590662e-04,1.0719336474e-03,7.8971495274e-04,True
2020-06-30,1.6377106625e-04,False,2.3440401532e-04,6.1268224632e-04,1.0437007870e-03,7.4626539625e-04,True
2020-07-01,2.0509954562e-04,False,1.6377106625e-04,5.7800476874e-04,1.0204248010e-03,7.0709568564e-04,True
2020-07-02,4.0947767667e-04,False,2.0509954562e-04,5.4953507502e-04,1.0058547269e-03,7.1222844231e-04,True
2020-07-03,1.2500613412e-04,False,4.0947767667e-04,5.3169631611e-04,1.0152479420e-03,7.9000195099e-04,True
2020-07-04,1.5419570929e-04,False,1.2500613412e-04,5.0037753423e-04,9.9452446788e-04,6.5510810404e-04,True
2020-07-05,2.3833099234e-04,False,1.5419570929e-04,4.7467611874e-04,9.8221432810e-04,6.6184091897e-04,True
2020-07-06,2.2417945992e-04,False,2.3833099234e-04,4.4935481281e-04,9.7355573522e-04,6.9646430758e-04,True
2020-07-07,1.5984085336e-04,False,2.2417945992e-04,4.7584992229e-04,1.0476442813e-03,6.8918092737e-04,True
2020-07-08,2.3263366287e-04,False,1.5984085336e-04,4.5252598020e-04,1.0298051039e-03,6.5094352290e-04,True
2020-07-09,2.1834469271e-04,False,2.3263366287e-04,4.4730055446e-04,1.0391832041e-03,6.7855310336e-04,True
2020-07-10,1.6733233556e-04,False,2.1834469271e-04,4.4901940606e-04,1.0666712092e-03,6.7243580489e-04,True
2020-07-11,1.1521304999e-04,False,1.6733233556e-04,4.2426537266e-04,1.0364989986e-03,6.4894116338e-04,True
2020-07-12,2.4340698849e-04,False,1.1521304999e-04,4.0087283509e-04,1.0146396277e-03,6.2308890286e-04,True
2020-07-13,1.3016327292e-04,False,2.4340698849e-04,3.8011893797e-04,9.9667555803e-04,6.7654348699e-04,True
2020-07-14,1.7249142778e-04,False,1.3016327292e-04,3.5983485071e-04,9.8381260541e-04,6.2843530936e-04,True
2020-07-15,9.0580115310e-05,False,1.7249142778e-04,3.3836752040e-04,9.6771589105e-04,6.4293674401e-04,True
2020-07-16,1.5249193570e-04,False,9.0580115310e-05,3.2045686155e-04,9.6044810066e-04,6.0665585434e-04,True
2020-07-17,7.3681365902e-05,False,1.5249193570e-04,3.0414390312e-04,8.6135061086e-04,6.2749009971e-04,True
2020-07-18,6.1522009547e-05,False,7.3681365902e-05,2.8619978606e-04,8.4977057663e-04,5.8581800836e-04,True
2020-07-19,6.6740471623e-05,False,6.1522009547e-05,2.6920985625e-04,8.4038601504e-04,5.7395732296e-04,True
2020-07-20,6.1347241684e-05,False,6.6740471623e-05,2.5412190383e-04,8.3404979725e-04,5.6846484428e-04,True
2020-07-21,1.9633422355e-04,False,6.1347241684e-05,2.4052761704e-04,8.3231786705e-04,5.6229115602e-04,True
2020-07-22,1.7225801218e-04,False,1.9633422355e-04,2.6274276493e-04,8.9292815779e-04,6.1653637947e-04,True
2020-07-23,1.4612072886e-04,False,1.7225801218e-04,2.5800452948e-04,8.9353085331e-04,6.0780579052e-04,True
2020-07-24,1.6859354794e-04,False,1.4612072886e-04,2.4727911430e-04,8.8273755131e-04,5.9729684267e-04,True
2020-07-25,2.4636006583e-04,False,1.6859354794e-04,2.3525017209e-04,8.7389520454e-04,6.0495625773e-04,True
2020-07-26,7.2955860971e-04,False,2.4636006583e-04,2.3828460676e-04,8.8959270087e-04,6.4014609552e-04,True
2020-07-27,3.5350178011e-03,False,7.2955860971e-04,2.5725341738e-04,9.3234616425e-04,8.5047247330e-04,True
2020-07-28,2.4603086875e-03,False,3.5350178011e-03,9.0205447137e-04,2.1820949920e-03,2.0795879598e-03,True
2020-07-29,1.1740098266e-03,False,2.4603086875e-03,8.5556192530e-04,1.9235623689e-03,1.7083958506e-03,True
2020-07-30,6.7293115684e-04,False,1.1740098266e-03,8.2293015492e-04,1.7319404564e-03,1.2152041373e-03,True
2020-07-31,6.5801817377e-04,False,6.7293115684e-04,7.7355475779e-04,1.5459573005e-03,1.0235442374e-03,True
2020-08-01,1.0994578628e-03,False,6.5801817377e-04,7.5366676250e-04,1.4445791952e-03,1.0200230144e-03,True
2020-08-02,5.3547685286e-03,False,1.0994578628e-03,8.0571240675e-04,1.4983383229e-03,1.1659843522e-03,True
2020-08-03,7.1246300031e-04,False,5.3547685286e-03,1.0018869896e-03,1.8551711983e-03,2.9938367690e-03,True
2020-08-04,6.2301672221e-04,False,7.1246300031e-04,9.5241955443e-04,1.6623829075e-03,1.1121931855e-03,True
2020-08-05,7.0042493719e-04,False,6.2301672221e-04,8.9564471846e-04,1.4916100102e-03,1.0794100155e-03,True
2020-08-06,5.6562184373e-04,False,7.0042493719e-04,9.8143580439e-04,1.6173217954e-03,1.1160653087e-03,True
2020-08-07,6.8251531396e-04,False,5.6562184373e-04,9.2268342577e-04,1.4541917323e-03,1.0563636452e-03,True
2020-08-08,4.7084673642e-04,False,6.8251531396e-04,8.7977360158e-04,1.3478512217e-03,1.0275994806e-03,True
2020-08-09,4.1687250247e-04,False,4.7084673642e-04,8.3928452528e-04,1.2609217732e-03,9.4124894857e-04,True
2020-08-10,2.1517588914e-03,False,4.1687250247e-04,7.9170351096e-04,1.1790594590e-03,9.1876726999e-04,True
2020-08-11,1.3938099434e-03,False,2.1517588914e-03,7.6347202918e-04,1.1378995934e-03,1.6663844442e-03,True
2020-08-12,6.6921746206e-04,False,1.3938099434e-03,8.2873216647e-04,1.2971100422e-03,1.3878268565e-03,True
2020-08-13,7.7525192440e-04,False,6.6921746206e-04,7.9252080965e-04,1.2223711324e-03,1.0990906638e-03,True
2020-08-14,4.6714203988e-04,False,7.7525192440e-04,7.6545534575e-04,1.1747753605e-03,1.1527713556e-03,True
2020-08-15,5.7002228565e-04,False,4.6714203988e-04,7.1969203272e-04,1.1035745006e-03,1.0316941931e-03,True
2020-08-16,3.1410411709e-04,False,5.7002228565e-04,6.8014269925e-04,1.0504488003e-03,1.0493310387e-03,True
2020-08-17,1.3949490399e-03,False,3.1410411709e-04,6.4079359353e-04,1.0045285698e-03,9.2716139240e-04,True
2020-08-18,9.7002131365e-04,False,1.3949490399e-03,6.5853343540e-04,1.0647913403e-03,1.3831222769e-03,True
2020-08-19,8.3815576679e-04,False,9.7002131365e-04,6.6522624515e-04,1.1105514546e-03,1.1887856522e-03,True
2020-08-20,2.9560627969e-04,False,8.3815576679e-04,6.4080700834e-04,1.0853907519e-03,1.1252889112e-03,True
2020-08-21,4.1260720836e-04,False,2.9560627969e-04,6.0657567094e-04,1.0368180259e-03,8.9176451648e-04,True
2020-08-22,3.2012962454e-04,False,4.1260720836e-04,6.1575055898e-04,1.0868639639e-03,9.3744879123e-04,True
2020-08-23,2.1139486116e-04,False,3.2012962454e-04,5.8653414266e-04,1.0438546858e-03,8.7734380908e-04,True
2020-08-24,1.8072250265e-04,False,2.1139486116e-04,5.5143922748e-04,9.9839892329e-04,8.1053689473e-04,True
2020-08-25,6.4213416918e-04,False,1.8072250265e-04,5.2274352426e-04,9.6737165951e-04,7.3394427257e-04,True
2020-08-26,4.5953043588e-04,False,6.4213416918e-04,5.7471560331e-04,1.1059336220e-03,9.2532601758e-04,True
2020-08-27,6.4686870891e-04,False,4.5953043588e-04,5.4969185269e-04,1.0620980656e-03,8.5014133238e-04,True
2020-08-28,2.6886651370e-04,False,6.4686870891e-04,5.2464516434e-04,1.0308515883e-03,9.3058443875e-04,True
2020-08-29,1.8104513095e-04,False,2.6886651370e-04,5.1091001933e-04,1.0163961104e-03,7.7511905759e-04,True
2020-08-30,2.3198818350e-04,False,1.8104513095e-04,4.8194853642e-04,9.4616355191e-04,7.3379789708e-04,True
2020-08-31,2.5123243004e-04,False,2.3198818350e-04,4.7992189350e-04,9.5868048468e-04,7.4412039208e-04,True
2020-09-01,4.5322965663e-04,False,2.5123243004e-04,4.5279808932e-04,9.2640944779e-04,7.4589746961e-04,True
2020-09-02,8.0879642316e-04,False,4.5322965663e-04,4.5769893154e-04,9.5252051934e-04,8.0652799038e-04,True
2020-09-03,3.1666627903e-03,False,8.0879642316e-04,5.5595984481e-04,1.1775928972e-03,9.5352079534e-04,True
2020-09-04,2.5875005905e-03,False,3.1666627903e-03,1.3304601873e-03,2.7233335444e-03,1.9854161203e-03,True
2020-09-05,3.4118915491e-03,False,2.5875005905e-03,1.3034555295e-03,2.4312684852e-03,1.8116208290e-03,True
2020-09-06,1.0466573713e-03,False,3.4118915491e-03,1.2693986023e-03,2.1961618315e-03,2.2312840324e-03,True
2020-09-07,1.0371394627e-03,False,1.0466573713e-03,1.1978449472e-03,1.9196913733e-03,1.2893142932e-03,True
2020-09-08,1.9306418087e-03,False,1.0371394627e-03,1.1337258068e-03,1.7036542262e-03,1.2962554116e-03,True
2020-09-09,5.6349982977e-04,False,1.9306418087e-03,1.1004876411e-03,1.5938822217e-03,1.6420332834e-03,True
2020-09-10,6.2348508115e-04,False,5.6349982977e-04,1.0394245162e-03,1.4377680141e-03,1.0494298379e-03,True
2020-09-11,3.1037553860e-04,False,6.2348508115e-04,9.8492356234e-04,1.3177484741e-03,1.0227445480e-03,True
2020-09-12,1.5820218563e-04,False,3.1037553860e-04,9.2728265248e-04,1.2107846740e-03,8.8283658952e-04,True
2020-09-13,3.6599853795e-04,False,1.5820218563e-04,8.7320139908e-04,1.1252400698e-03,8.0271898397e-04,True
2020-09-14,4.7260795627e-04,False,3.6599853795e-04,8.2730702495e-04,1.0708178724e-03,8.5954280533e-04,True
2020-09-15,5.9633503098e-04,False,4.7260795627e-04,8.4017197705e-04,1.1256756313e-03,9.0315400751e-04,True
2020-09-16,5.2560355298e-04,False,5.9633503098e-04,7.9648176077e-04,1.0656938753e-03,9.5644035143e-04,True
2020-09-17,3.5081106798e-04,False,5.2560355298e-04,7.6314615229e-04,1.0315023739e-03,9.2985265622e-04,True
2020-09-18,2.3863873289e-04,False,3.5081106798e-04,7.1745579722e-04,9.8052352467e-04,8.6073948617e-04,True
2020-09-19,2.5550140629e-04,False,2.3863873289e-04,6.7443030018e-04,9.3933872487e-04,8.0831010656e-04,True
2020-09-20,3.4172125418e-04,False,2.5550140629e-04,6.4470423503e-04,9.2354726203e-04,8.1050668516e-04,True
2020-09-21,6.7504433094e-04,False,3.4172125418e-04,6.1877434801e-04,9.1978275780e-04,8.4192866472e-04,True
2020-09-22,3.7818088515e-04,False,6.7504433094e-04,7.1509977391e-04,1.1726389329e-03,9.8339907807e-04,True
2020-09-23,4.0308434179e-04,False,3.7818088515e-04,6.7910315514e-04,1.1020586606e-03,8.6446168917e-04,True
2020-09-24,4.8282667784e-04,False,4.0308434179e-04,6.8455106217e-04,1.1358137939e-03,8.7626778179e-04,True
2020-09-25,3.5002248635e-04,False,4.8282667784e-04,7.7708156294e-04,1.3188676371e-03,9.0862319709e-04,True
2020-09-26,1.8724919324e-04,False,3.5002248635e-04,7.3174578259e-04,1.2109535881e-03,8.2597124963e-04,True
2020-09-27,1.9732170069e-04,False,1.8724919324e-04,6.8876109313e-04,1.1222232995e-03,7.2666262659e-04,True
2020-09-28,4.1860507530e-04,False,1.9732170069e-04,6.4851711566e-04,1.0520222144e-03,6.9437713649e-04,True
2020-09-29,2.2216671347e-04,False,4.1860507530e-04,6.1278421879e-04,1.0036517456e-03,7.7728648327e-04,True
2020-09-30,2.2868249504e-04,False,2.2216671347e-04,5.8680076426e-04,9.7500989431e-04,6.8436763704e-04,True
2020-10-01,6.0692283215e-04,False,2.2868249504e-04,5.5368917506e-04,9.3996039763e-04,6.6700205055e-04,True
2020-10-02,4.7219205023e-04,False,6.0692283215e-04,5.3346693417e-04,9.3654738040e-04,8.2743474216e-04,True
2020-10-03,1.1296760726e-04,False,4.7219205023e-04,5.0272821423e-04,9.0740072520e-04,7.7573667346e-04,True
2020-10-04,1.0540579131e-04,False,1.1296760726e-04,4.7299696926e-04,8.8205335657e-04,6.2233654533e-04,True
2020-10-05,1.2006803993e-04,False,1.0540579131e-04,4.5289696300e-04,8.7387156833e-04,6.1594181619e-04,True
2020-10-06,2.5345402123e-04,False,1.2006803993e-04,4.3394272532e-04,8.6726642744e-04,6.1673757586e-04,True
2020-10-07,9.9524426414e-05,False,2.5345402123e-04,4.2735189150e-04,8.9275185907e-04,6.6169654489e-04,True
2020-10-08,2.5842633373e-04,False,9.9524426414e-05,4.0407388117e-04,8.7189570153e-04,5.8713392040e-04,True
2020-10-09,2.0956297532e-04,False,2.5842633373e-04,4.1441317561e-04,9.1561893281e-04,6.5064187964e-04,True
2020-10-10,7.6211013869e-04,False,2.0956297532e-04,3.9732196962e-04,8.9959372753e-04,6.3061027347e-04,True
2020-10-11,2.1842675355e-04,False,7.6211013869e-04,4.0177304245e-04,9.2551604429e-04,8.7052275557e-04,True
2020-10-12,4.9855639335e-04,False,2.1842675355e-04,3.8035167804e-04,8.9844350602e-04,6.4893884634e-04,True
2020-10-13,3.5654802495e-04,False,4.9855639335e-04,3.6913724699e-04,8.4944652745e-04,7.7042086240e-04,True
2020-10-14,3.3477628488e-04,False,3.5654802495e-04,3.5227404915e-04,8.3853170639e-04,7.1091318165e-04,True
2020-10-15,3.0714053001e-04,False,3.3477628488e-04,3.3114088641e-04,8.1587169697e-04,7.0329932352e-04,True
2020-10-16,3.3020032093e-04,False,3.0714053001e-04,3.1474782598e-04,8.0283078943e-04,6.8263537377e-04,True
2020-10-17,1.3788577905e-04,False,3.3020032093e-04,3.1176751374e-04,8.2609770868e-04,6.9181760891e-04,True
2020-10-18,8.7741935923e-05,False,1.3788577905e-04,2.9384123241e-04,8.0646545839e-04,6.0485068065e-04,True
2020-10-19,2.4596433858e-04,False,8.7741935923e-05,2.8559179365e-04,8.0638081729e-04,5.7811295501e-04,True
2020-10-20,4.2479834081e-04,False,2.4596433858e-04,2.9582689853e-04,8.4174371838e-04,6.4047678143e-04,True
2020-10-21,1.6943706465e-03,False,4.2479834081e-04,2.8884960564e-04,8.3709265252e-04,7.1451215459e-04,True
2020-10-22,8.1647977562e-04,False,1.6943706465e-03,5.7040251114e-04,1.4266344502e-03,1.2676646850e-03,True
2020-10-23,4.1411542840e-04,False,8.1647977562e-04,5.4891251529e-04,1.3057112481e-03,9.3019025371e-04,True
2020-10-24,3.2722547374e-04,False,4.1411542840e-04,5.1671730573e-04,1.1897025367e-03,7.7064665675e-04,True
2020-10-25,5.6072795491e-04,False,3.2722547374e-04,4.9831737412e-04,1.1171649082e-03,7.3484115515e-04,True
2020-10-26,5.5625142911e-04,False,5.6072795491e-04,4.7083208809e-04,1.0442756370e-03,8.3585954360e-04,True
2020-10-27,6.0135833981e-04,False,5.5625142911e-04,4.4277469706e-04,9.7916142686e-04,8.1842484911e-04,True
2020-10-28,1.1709474680e-03,False,6.0135833981e-04,5.3115638739e-04,1.1578467529e-03,8.3751584785e-04,True
2020-10-29,8.6758466651e-04,False,1.1709474680e-03,5.4463329301e-04,1.1740541647e-03,1.0906467375e-03,True
2020-10-30,8.6598419952e-04,False,8.6758466651e-04,5.2399971372e-04,1.1036439241e-03,9.8506949893e-04,True
2020-10-31,1.0981326487e-03,False,8.6598419952e-04,4.9614383733e-04,1.0317198498e-03,9.9579936395e-04,True
2020-11-01,4.8198311829e-04,False,1.0981326487e-03,4.8348048552e-04,1.0004283741e-03,1.1082483862e-03,True
2020-11-02,6.3289441151e-04,False,4.8198311829e-04,4.5474678363e-04,9.4569006477e-04,8.5358361356e-04,True
2020-11-03,8.0267837641e-04,False,6.3289441151e-04,4.4194175194e-04,9.3638145054e-04,9.0911940570e-04,True
2020-11-04,1.1690648877e-03,False,8.0267837641e-04,4.8641273514e-04,1.0118288585e-03,9.7954980821e-04,True
2020-11-05,1.9700860443e-03,False,1.1690648877e-03,4.6161882119e-04,9.5570593887e-04,1.1414001024e-03,True
2020-11-06,2.0736950904e-03,False,1.9700860443e-03,1.0024233432e-03,2.0758118455e-03,1.4979769354e-03,True
2020-11-07,1.5842301746e-03,False,2.0736950904e-03,9.4230314150e-04,1.7983798668e-03,1.5863795608e-03,True
2020-11-08,8.2067156915e-04,False,1.5842301746e-03,1.0364858303e-03,1.9163206922e-03,1.4180157390e-03,True
2020-11-09,1.8177743966e-03,False,8.2067156915e-04,1.0871508529e-03,1.8941434267e-03,1.1160796073e-03,True
2020-11-10,6.4710397559e-04,False,1.8177743966e-03,1.0273645521e-03,1.6684229309e-03,1.5487707857e-03,True
2020-11-11,7.3347368133e-04,False,6.4710397559e-04,9.6597176587e-04,1.4745304368e-03,1.0558377091e-03,True
2020-11-12,1.2993171694e-03,False,7.3347368133e-04,9.4547125491e-04,1.3886574945e-03,1.0701797848e-03,True
2020-11-13,6.4741997453e-04,False,1.2993171694e-03,9.7542498250e-04,1.4198091741e-03,1.2900284709e-03,True
2020-11-14,5.0806660802e-04,False,6.4741997453e-04,9.1708716969e-04,1.2746969266e-03,1.0212070868e-03,True
2020-11-15,4.7104397392e-04,False,5.0806660802e-04,8.7638790701e-04,1.1956141742e-03,9.4249413516e-04,True
2020-11-16,6.1695905061e-04,False,4.7104397392e-04,8.2681610683e-04,1.1053078992e-03,9.2540437153e-04,True
2020-11-17,1.1219661349e-03,False,6.1695905061e-04,9.0595836068e-04,1.2800862673e-03,9.8254826767e-04,True
2020-11-18,3.7858927330e-03,False,1.1219661349e-03,1.0334053962e-03,1.5288662932e-03,1.1894439822e-03,True
2020-11-19,1.2310520944e-03,False,3.7858927330e-03,9.7400588594e-04,1.3649536619e-03,2.3559589191e-03,True
2020-11-20,1.1603832265e-03,False,1.2310520944e-03,9.1570069270e-04,1.2309452846e-03,1.3355737889e-03,True
2020-11-21,8.8903051080e-04,False,1.1603832265e-03,9.9213514371e-04,1.3856703217e-03,1.3218265013e-03,True
2020-11-22,1.2551179695e-03,False,8.8903051080e-04,9.3300536419e-04,1.2476128811e-03,1.2167125752e-03,True
2020-11-23,1.5103863530e-03,False,1.2551179695e-03,8.9161188606e-04,1.1746250050e-03,1.3685352108e-03,True
2020-11-24,1.5861570914e-03,False,1.5103863530e-03,8.3849758201e-04,1.0812399127e-03,1.4427761966e-03,True
2020-11-25,1.4071103391e-03,False,1.5861570914e-03,8.9511549028e-04,1.2160873819e-03,1.4894691430e-03,True
2020-11-26,7.0125251855e-03,False,1.4071103391e-03,8.7392709090e-04,1.1909041535e-03,1.4275514531e-03,True
2020-11-27,2.3995088471e-03,False,7.0125251855e-03,1.2816822346e-03,2.0629461554e-03,3.8635407172e-03,True
2020-11-28,8.1105987769e-04,False,2.3995088471e-03,1.2048015097e-03,1.7957063587e-03,2.0230488721e-03,True
2020-11-29,8.2574308085e-04,False,8.1105987769e-04,1.1990411130e-03,1.7014030813e-03,1.3555993473e-03,True
2020-11-30,2.5326524862e-03,False,8.2574308085e-04,1.1673815920e-03,1.5762829147e-03,1.3397511820e-03,True
2020-12-01,4.2156429092e-03,False,2.6427678117e-03,1.4795402366e-03,2.1419521064e-03,2.1144743997e-03,True
2020-12-02,2.0423222891e-03,False,4.2156429092e-03,1.5314240577e-03,2.1628555005e-03,2.7270148767e-03,True
2020-12-03,1.2015688098e-03,False,2.0423222891e-03,1.4716439136e-03,1.9300501275e-03,1.8578322211e-03,True
2020-12-04,9.7116394946e-04,False,1.2015688098e-03,1.3909769005e-03,1.6996537630e-03,1.5297998517e-03,True
2020-12-05,5.1722406195e-04,False,9.7116394946e-04,1.4060658517e-03,1.7208835470e-03,1.4354526901e-03,True
2020-12-06,4.4319137259e-04,False,5.1722406195e-04,1.3632237767e-03,1.5941885962e-03,1.2128633665e-03,True
2020-12-07,4.0114853943e-04,False,4.4319137259e-04,1.2886871491e-03,1.4304128472e-03,1.1157141596e-03,True
2020-12-08,9.0958158754e-04,False,4.0114853943e-04,1.2173578308e-03,1.3059203553e-03,1.0686410740e-03,True
2020-12-09,1.2934847912e-03,False,9.0958158754e-04,1.2656390569e-03,1.4537953045e-03,1.2714836492e-03,True
2020-12-10,7.4317693207e-04,False,1.2934847912e-03,1.1980295298e-03,1.3199552088e-03,1.4337709686e-03,True
2020-12-11,1.1429476803e-03,False,7.4317693207e-04,1.1407135334e-03,1.2372625427e-03,1.1838027926e-03,True
2020-12-12,4.9286600318e-04,False,1.1429476803e-03,1.0809389695e-03,1.1577126684e-03,1.3563590242e-03,True
2020-12-13,5.7798872186e-04,False,4.9286600318e-04,1.1215190672e-03,1.2658520585e-03,1.0879765977e-03,True
2020-12-14,4.7250629592e-04,False,5.7798872186e-04,1.0765491432e-03,1.1946092985e-03,1.1127896262e-03,True
2020-12-15,4.7217782665e-04,False,4.7250629592e-04,1.0135202182e-03,1.1019139014e-03,1.0471727330e-03,True
2020-12-16,1.8390194164e-03,False,4.7217782665e-04,9.5647457881e-04,1.0310039084e-03,1.0310496368e-03,True
2020-12-17,6.0120002544e-03,False,1.8390194164e-03,1.4263036301e-03,1.9920637759e-03,1.5981575345e-03,True
2020-12-18,1.5506755032e-03,False,6.0120002544e-03,1.6041699570e-03,2.2115852160e-03,3.4310910880e-03,True
2020-12-19,1.2545002134e-03,False,1.5506755032e-03,1.5188815270e-03,1.9376072176e-03,1.5889970982e-03,True
2020-12-20,1.3488678439e-03,False,1.2545002134e-03,1.4833467065e-03,1.7971825318e-03,1.4711246934e-03,True
2020-12-21,2.5529115337e-03,True,1.3488678439e-03,1.4087372737e-03,1.6242123836e-03,1.5297977604e-03,False
2020-12-22,1.4709399991e-03,False,3.0381757095e-03,1.3851664472e-03,1.5827616232e-03,2.2544529152e-03,True
2020-12-23,2.1573109091e-03,False,1.4709399991e-03,1.4340668846e-03,1.6537151233e-03,1.5306489078e-03,True
2020-12-24,1.2982771800e-03,False,2.1573109091e-03,1.3842601472e-03,1.5553758907e-03,1.7974815259e-03,True
2020-12-25,1.5838485278e-03,False,1.2982771800e-03,1.3280261397e-03,1.4387208697e-03,1.4437809863e-03,True
2020-12-26,1.3728993744e-03,False,1.6527115073e-03,1.3472540507e-03,1.4766586559e-03,1.5967251260e-03,True
2020-12-27,4.1284971262e-03,False,1.3728993744e-03,1.5569622917e-03,1.8664072223e-03,1.4588379353e-03,True
2020-12-28,1.7854171738e-03,False,4.1284971262e-03,1.4674075425e-03,1.6561376204e-03,2.6555283222e-03,True
2020-12-29,1.5271557417e-03,False,1.7854171738e-03,1.4330119533e-03,1.5678444704e-03,1.7174437151e-03,True
2020-12-30,2.0743530846e-03,False,1.5271557417e-03,1.3545869069e-03,1.4155889039e-03,1.6286936609e-03,True
2020-12-31,1.9974668149e-03,False,2.0743530846e-03,1.4418482055e-03,1.5878579296e-03,1.8689147680e-03,True
2021-01-01,9.2223943043e-04,False,1.9974668149e-03,1.3555034546e-03,1.4213890040e-03,1.8561626647e-03,True
2021-01-02,5.1296656186e-03,False,9.2223943043e-04,1.2859493698e-03,1.3051025735e-03,1.3679091830e-03,True
2021-01-03,4.1313780132e-03,False,5.1296656186e-03,1.7235529898e-03,2.1538401966e-03,3.1653429501e-03,True
2021-01-04,9.1537966814e-03,False,4.1313780132e-03,1.6582901014e-03,1.9390272462e-03,2.8473468616e-03,True
2021-01-05,5.7041807857e-03,False,9.1537966814e-03,1.6169225493e-03,1.8295023090e-03,5.0941175926e-03,True
2021-01-06,5.3266947809e-03,False,5.7041807857e-03,1.7322649515e-03,2.0021111241e-03,3.8216902163e-03,True
2021-01-07,5.9792854424e-03,False,5.3266947809e-03,2.0103145481e-03,2.4609138440e-03,3.8000680852e-03,True
2021-01-08,8.6660507458e-03,False,5.9792854424e-03,2.1830230569e-03,2.6612073430e-03,4.1280601858e-03,True
2021-01-09,3.6397777160e-03,False,8.6660507458e-03,2.1016692659e-03,2.3372869793e-03,5.3387794309e-03,True
2021-01-10,6.7303999891e-03,False,3.6397777160e-03,1.9845905856e-03,2.0530535570e-03,3.2228729915e-03,True
2021-01-11,2.8659683774e-02,False,6.7303999891e-03,2.0128644272e-03,2.1039625687e-03,4.5551136205e-03,True
2021-01-12,9.7576719309e-03,False,2.8659683774e-02,2.2267921824e-03,2.5115131210e-03,1.4266823879e-02,True
2021-01-13,6.7922800932e-03,False,9.7576719309e-03,2.1843119487e-03,2.3619032299e-03,6.7313848202e-03,True
2021-01-14,3.1747716561e-03,False,6.7922800932e-03,2.5726254577e-03,2.9847355701e-03,5.5666185198e-03,True
2021-01-15,5.9833858297e-03,False,3.1747716561e-03,2.5471937368e-03,2.7721492933e-03,4.0951049860e-03,True
2021-01-16,4.1741137152e-03,False,5.9833858297e-03,2.6350294736e-03,2.8666344485e-03,5.2728471937e-03,True
2021-01-17,3.6143545857e-03,False,4.1741137152e-03,2.5022585028e-03,2.5145712030e-03,4.0540470183e-03,True
2021-01-18,2.7761498840e-03,False,3.6143545857e-03,2.3534107339e-03,2.1775024551e-03,3.7238955343e-03,True
2021-01-19,1.9976803124e-03,False,2.7761498840e-03,2.2416580898e-03,1.9457450648e-03,3.2884263883e-03,True
2021-01-20,3.0755656474e-03,False,1.9976803124e-03,2.1321331672e-03,1.7717311329e-03,2.9499964721e-03,True
2021-01-21,7.5747393911e-03,False,3.0755656474e-03,2.0126488152e-03,1.5960120755e-03,3.3347319686e-03,True
2021-01-22,6.6774023987e-03,False,7.5747393911e-03,3.0594446554e-03,3.7081744241e-03,5.2747175573e-03,True
2021-01-23,2.8274994264e-03,False,6.6774023987e-03,3.1348965492e-03,3.5913003771e-03,5.0371019176e-03,True
2021-01-24,1.6717728131e-03,False,2.8274994264e-03,2.9894936212e-03,3.1343955472e-03,3.5117075819e-03,True
2021-01-25,2.6050700592e-03,False,1.6717728131e-03,2.8120424305e-03,2.6730506170e-03,2.9987589610e-03,True
2021-01-26,3.3472888176e-03,False,2.6050700592e-03,2.6433217582e-03,2.3005622270e-03,3.3432460993e-03,True
2021-01-27,4.6005219486e-03,False,3.3472888176e-03,2.4873357657e-03,2.0019517064e-03,3.4929534887e-03,True
2021-01-28,2.8498665840e-03,False,4.6005219486e-03,2.6067880160e-03,2.3007148678e-03,3.9438940192e-03,True
2021-01-29,1.4961339004e-02,False,2.8498665840e-03,2.9825137377e-03,2.9589728374e-03,3.2160113104e-03,True
2021-01-30,3.3149085001e-03,False,1.4961339004e-02,2.8448989333e-03,2.5959055526e-03,8.4563566614e-03,True
2021-01-31,1.7493240094e-03,False,3.3149085001e-03,2.6742108289e-03,2.2773326944e-03,3.7599940155e-03,True
2021-02-01,2.1034224214e-03,False,1.7493240094e-03,2.5861759761e-03,2.1445779161e-03,3.0795297464e-03,True
2021-02-02,1.7450637931e-03,False,2.1034224214e-03,2.4411627692e-03,1.9023735222e-03,3.1152221565e-03,True
2021-02-03,1.5975592976e-03,False,1.7450637931e-03,2.4845297650e-03,2.0095508503e-03,2.6653572736e-03,True
2021-02-04,2.4019421649e-03,False,1.5975592976e-03,2.5437839800e-03,2.1292871906e-03,2.2489418812e-03,True
2021-02-05,1.2902738802e-03,False,2.4019421649e-03,2.4112530476e-03,1.9218289360e-03,2.5036148313e-03,True
2021-02-06,1.7533955052e-03,False,1.2902738802e-03,2.3442967422e-03,1.8320985826e-03,2.0323338316e-03,True
2021-02-07,2.3666506785e-03,False,1.7533955052e-03,2.2357901058e-03,1.6822770479e-03,2.1641858751e-03,True
2021-02-08,6.7744936517e-03,False,2.3666506785e-03,2.1076840144e-03,1.5275908217e-03,2.4011468964e-03,True
2021-02-09,4.9798467388e-03,False,6.7744936517e-03,3.8918562811e-03,4.7552822514e-03,4.2905891696e-03,True
2021-02-10,2.8928129734e-03,False,4.9798467388e-03,3.6584027319e-03,4.0222355202e-03,3.6563058381e-03,True
2021-02-11,2.7430680998e-03,True,2.8928129734e-03,3.5139273700e-03,3.5750004986e-03,2.8699201546e-03,False
2021-02-12,2.0991051962e-03,False,2.9022910093e-03,3.5820702130e-03,3.5315266996e-03,2.8948719086e-03,True
2021-02-13,1.2413476520e-03,False,2.0991051962e-03,3.3794454419e-03,3.0514776381e-03,2.5128707201e-03,True
2021-02-14,1.2218791614e-03,False,1.2413476520e-03,3.1771612339e-03,2.6328518753e-03,2.0037833805e-03,True
2021-02-15,2.2075380927e-03,False,1.2218791614e-03,3.0396501753e-03,2.3713198184e-03,1.9033435021e-03,True
2021-02-16,2.8825989445e-03,False,2.2075380927e-03,2.8687294156e-03,2.1019497568e-03,2.2863401322e-03,True
2021-02-17,1.7764851219e-03,False,2.8825989445e-03,2.7346864479e-03,1.9125120136e-03,2.5572523178e-03,True
2021-02-18,8.2454201941e-04,False,1.7764851219e-03,2.7794873695e-03,2.0509838302e-03,2.0949697081e-03,True
2021-02-19,1.6791760013e-03,False,8.2454201941e-04,2.6198998556e-03,1.8312557230e-03,1.6683917471e-03,True
2021-02-20,2.0131364502e-03,False,1.6791760013e-03,2.8570374454e-03,2.3095271567e-03,2.0040353143e-03,True
2021-02-21,1.0709156555e-03,False,2.0131364502e-03,2.6856959263e-03,2.0252690547e-03,1.9980337118e-03,True
2021-02-22,6.0291103726e-03,False,1.0709156555e-03,2.5705311808e-03,1.8955049305e-03,1.5642777108e-03,True
2021-02-23,1.9489248705e-02,False,6.0291103726e-03,2.6293384233e-03,2.0817482656e-03,3.6620714884e-03,True
2021-02-24,5.3522188679e-03,False,1.9489248705e-02,3.0837946958e-03,2.9084434126e-03,9.6255142144e-03,True
2021-02-25,3.6964084359e-03,False,5.3522188679e-03,2.9139979067e-03,2.5672807328e-03,4.0609643731e-03,True
2021-02-26,6.5945663776e-03,False,3.6964084359e-03,2.9128944819e-03,2.5741248949e-03,3.4581104939e-03,True
2021-02-27,3.0597598441e-03,False,6.5945663776e-03,2.7556096997e-03,2.3076157858e-03,4.7745900533e-03,True
2021-02-28,4.5677265175e-03,False,3.0597598441e-03,2.5910900167e-03,2.0523997287e-03,3.3260161652e-03,True
2021-03-01,2.2617632871e-03,False,4.5677265175e-03,2.4627944045e-03,1.8910034681e-03,3.6620361602e-03,True
2021-03-02,2.7004984647e-03,False,2.2617632871e-03,2.8458263529e-03,2.5279884751e-03,2.6853465182e-03,True
2021-03-03,2.1809817193e-03,False,2.7004984647e-03,2.7079022145e-03,2.2971542274e-03,2.7962467662e-03,True
2021-03-04,3.7506810102e-03,False,2.1809817193e-03,2.6350424488e-03,2.1697099191e-03,2.4728643384e-03,True
2021-03-05,2.8491523276e-03,False,3.7506810102e-03,2.5730444112e-03,2.1099123747e-03,3.1179478833e-03,True
2021-03-06,1.1625109929e-03,True,2.8491523276e-03,2.4222896555e-03,1.8872006171e-03,2.7265508851e-03,False
2021-03-07,1.4949891758e-03,False,1.2400117258e-03,2.2773809874e-03,1.6988683483e-03,2.0612911389e-03,True
2021-03-08,1.5832541182e-03,False,1.4949891758e-03,2.2458648417e-03,1.6955299131e-03,2.1398388533e-03,True
2021-03-09,1.2670926240e-03,False,1.5832541182e-03,2.1553763628e-03,1.5998773786e-03,2.1657047300e-03,True
2021-03-10,2.3240940510e-03,False,1.2670926240e-03,2.1574589321e-03,1.6538533153e-03,1.9799285683e-03,True
2021-03-11,2.1658370896e-03,False,2.3240940510e-03,2.0463171973e-03,1.5271248981e-03,2.3821480998e-03,True
2021-03-12,2.1753391129e-03,False,2.1658370896e-03,1.9921913355e-03,1.4965396983e-03,2.3416639223e-03,True
2021-03-13,1.8694199502e-03,False,2.1753391129e-03,1.8781788176e-03,1.3875186746e-03,2.3727877259e-03,True
2021-03-14,1.0265170373e-03,False,1.8694199502e-03,2.0350204321e-03,1.6937863418e-03,2.2586419305e-03,True
2021-03-15,4.0295696145e-03,False,1.0265170373e-03,1.9948696596e-03,1.6891509283e-03,1.9081640517e-03,True
2021-03-16,2.8112338597e-03,False,4.0295696145e-03,2.0820841575e-03,1.8982801184e-03,3.1636272336e-03,True
2021-03-17,1.9552931464e-03,False,2.8112338597e-03,1.9889869367e-03,1.7531624460e-03,2.6607559360e-03,True
2021-03-18,1.5125261039e-03,False,1.9552931464e-03,1.9421129305e-03,1.6921028112e-03,2.1339439994e-03,True
2021-03-19,1.5628631070e-03,False,1.5125261039e-03,1.8538472127e-03,1.5948601884e-03,1.9111282383e-03,True
2021-03-20,7.5549228695e-04,False,1.5628631070e-03,1.7452315334e-03,1.4599315473e-03,1.9190920123e-03,True
2021-03-21,1.2066220309e-03,False,7.5549228695e-04,1.6406105854e-03,1.3455074174e-03,1.4726212818e-03,True
2021-03-22,1.9372875879e-03,False,1.2066220309e-03,1.5523215351e-03,1.2723471988e-03,1.5993208163e-03,True
2021-03-23,1.4865703341e-03,False,1.9372875879e-03,1.6657512314e-03,1.5471240109e-03,1.8606283882e-03,True
2021-03-24,2.7638372362e-03,False,1.4865703341e-03,1.5671613079e-03,1.4188383051e-03,1.6735378380e-03,True
2021-03-25,3.1756585937e-03,False,2.7638372362e-03,1.5607356533e-03,1.4692354660e-03,2.2039458713e-03,True
2021-03-26,1.4055930489e-03,False,3.1756585937e-03,1.4898987016e-03,1.3989261600e-03,2.4262564363e-03,True
2021-03-27,1.0450431828e-03,False,1.4055930489e-03,1.6964302828e-03,1.7398227205e-03,1.7051863586e-03,True
2021-03-28,8.4517349305e-04,False,1.0450431828e-03,1.6068840958e-03,1.5931351522e-03,1.5254657257e-03,True
2021-03-29,1.2374680025e-03,False,8.4517349305e-04,1.5105011342e-03,1.4575505496e-03,1.4289241454e-03,True
2021-03-30,7.5758583763e-04,False,1.2374680025e-03,1.4842848956e-03,1.4330633244e-03,1.5507873144e-03,True
2021-03-31,1.5134919368e-03,False,7.5758583763e-04,1.4171040075e-03,1.3502291835e-03,1.3036625843e-03,True
2021-04-01,6.7146242692e-04,False,1.5134919368e-03,1.3320783971e-03,1.2543008335e-03,1.6074162885e-03,True
2021-04-02,5.4494620033e-04,False,6.7146242692e-04,1.2521607281e-03,1.1742733224e-03,1.2489671032e-03,True
2021-04-03,8.1036527435e-04,False,5.4494620033e-04,1.1779445828e-03,1.1070042025e-03,1.1753731856e-03,True
2021-04-04,5.8699313056e-04,False,8.1036527435e-04,1.1715341100e-03,1.1687787648e-03,1.2571938784e-03,True
2021-04-05,5.9951989267e-04,False,5.8699313056e-04,1.1251409124e-03,1.1323047039e-03,1.1514473465e-03,True
2021-04-06,5.7114329732e-04,False,5.9951989267e-04,1.0726456704e-03,1.0893675973e-03,1.1331667233e-03,True
2021-04-07,1.4012977838e-03,False,5.7114329732e-04,1.0309800110e-03,1.0737691675e-03,1.0832967634e-03,True
2021-04-08,5.9173993277e-04,False,1.4012977838e-03,1.0458921478e-03,1.1597783365e-03,1.4142116417e-03,True
2021-04-09,3.9182743014e-04,False,5.9173993277e-04,1.0664307028e-03,1.2103868030e-03,1.0747533033e-03,True
2021-04-10,9.1412310627e-04,False,3.9182743014e-04,1.0025199785e-03,1.1366254346e-03,9.7944145905e-04,True
2021-04-11,6.9376197413e-04,False,9.1412310627e-04,9.8804697744e-04,1.1357053547e-03,1.1853735608e-03,True
2021-04-12,7.3129980248e-04,False,6.9376197413e-04,9.2967477297e-04,1.0743469353e-03,1.0995693564e-03,True
2021-04-13,1.1554672961e-03,False,7.3129980248e-04,8.7423316854e-04,1.0248862986e-03,1.0956791942e-03,True
2021-04-14,1.9344616035e-03,False,1.1554672961e-03,1.0393068942e-03,1.3001522029e-03,1.2665420056e-03,True
2021-04-15,6.8628501304e-04,False,1.9344616035e-03,9.8262672069e-04,1.2251842026e-03,1.6107030975e-03,True
2021-04-16,1.3964497074e-03,False,6.8628501304e-04,9.2427537832e-04,1.1489392030e-03,1.0901096321e-03,True
2021-04-17,8.6996188601e-04,False,1.3964497074e-03,9.2041088321e-04,1.1799591062e-03,1.3666271351e-03,True
2021-04-18,1.1036821414e-02,False,8.6996188601e-04,8.9394135199e-04,1.1665302418e-03,1.1551797784e-03,True
2021-04-19,2.0370771163e-03,False,1.1036821414e-02,1.1050711763e-03,1.5480009377e-03,5.4836778561e-03,True
2021-04-20,2.0813923575e-03,True,2.0370771163e-03,1.0438982056e-03,1.4312004933e-03,1.9407828988e-03,False
2021-04-21,1.5961009415e-03,False,2.3234147247e-03,9.9324924847e-04,1.3343435690e-03,2.0978531961e-03,True
2021-04-22,3.7817900250e-03,False,1.5961009415e-03,1.0711396582e-03,1.4787986078e-03,1.8239377886e-03,True
2021-04-23,5.0024488770e-03,False,3.7817900250e-03,1.1017256155e-03,1.5285378790e-03,2.7691321248e-03,True
2021-04-24,1.8028731088e-03,False,5.0024488770e-03,1.0428907384e-03,1.4190804954e-03,3.1728195090e-03,True
2021-04-25,1.6717080595e-03,True,1.8028731088e-03,1.0075310388e-03,1.3636314656e-03,1.9235324511e-03,False
2021-04-26,2.6191204844e-03,False,2.0824045032e-03,9.7059521965e-04,1.3108019764e-03,2.0413940142e-03,True
2021-04-27,9.3899228222e-04,False,2.6191204844e-03,1.4633371204e-03,2.0512600034e-03,2.2947950067e-03,True
2021-04-28,1.3506203136e-03,False,9.3899228222e-04,1.3961630384e-03,1.8641998342e-03,1.5788503021e-03,True
2021-04-29,1.1432835365e-03,False,1.3506203136e-03,1.3129395849e-03,1.6759041900e-03,1.6728819438e-03,True
2021-04-30,1.0017980160e-03,False,1.1432835365e-03,1.2682184911e-03,1.5921503191e-03,1.5747639679e-03,True
2021-05-01,7.3371011335e-04,False,1.0017980160e-03,1.5246819051e-03,1.9363970125e-03,1.5006653514e-03,True
2021-05-02,7.3886961537e-04,False,7.3371011335e-04,1.4334035345e-03,1.7487243267e-03,1.3593488975e-03,True
2021-05-03,1.0686446945e-03,False,7.3886961537e-04,1.3748031376e-03,1.6421229135e-03,1.3547884951e-03,True
2021-05-04,2.0788812308e-03,False,1.0686446945e-03,1.2987979198e-03,1.5078988538e-03,1.4819822031e-03,True
2021-05-05,1.7044617995e-03,False,2.0788812308e-03,1.5315648081e-03,1.8919994804e-03,1.9123975233e-03,True
2021-05-06,1.7309182218e-03,False,1.7044617995e-03,1.7918588761e-03,2.2169908666e-03,1.7853918332e-03,True
2021-05-07,1.3943053926e-03,False,1.7309182218e-03,1.7044761238e-03,2.0226938907e-03,1.8142091158e-03,True
2021-05-08,1.3376559181e-03,False,1.3943053926e-03,1.6179557297e-03,1.8389556006e-03,1.7025500708e-03,True
2021-05-09,1.1794766282e-03,False,1.3376559181e-03,1.5634551680e-03,1.7213957731e-03,1.6849281828e-03,True
2021-05-10,2.7816528273e-03,False,1.1794766282e-03,1.4764018576e-03,1.5833717482e-03,1.6069827255e-03,True
2021-05-11,1.6283915350e-03,False,2.7816528273e-03,1.4963139152e-03,1.6354689339e-03,2.1738536896e-03,True
2021-05-12,4.1994835695e-03,False,1.6283915350e-03,1.4203651199e-03,1.5115546301e-03,1.7144001517e-03,True
2021-05-13,1.0928969639e-02,False,4.1994835695e-03,2.3904785929e-03,3.0535740238e-03,2.8028590220e-03,True
2021-05-14,1.9287737907e-03,False,1.0928969639e-02,2.2470881403e-03,2.6862463153e-03,5.7546224074e-03,True
2021-05-15,3.2600923716e-03,False,1.9287737907e-03,2.1129672277e-03,2.3779908167e-03,2.2064971190e-03,True
2021-05-16,5.1780918890e-03,False,3.2600923716e-03,2.2300703467e-03,2.5169639563e-03,2.7218442844e-03,True
2021-05-17,7.3879814687e-03,False,5.1780918890e-03,2.0993026399e-03,2.2437974717e-03,3.5863629142e-03,True
2021-05-18,4.4840253268e-03,False,7.3879814687e-03,2.2217463170e-03,2.4114939218e-03,4.5825789641e-03,True
2021-05-19,7.0439258137e-02,False,4.4840253268e-03,2.1036760887e-03,2.1774672319e-03,3.3273666754e-03,True
2021-05-20,1.3299908073e-02,False,7.0439258137e-02,3.4225628199e-03,4.2149651592e-03,3.1717127750e-02,True
2021-05-21,1.7833927415e-02,False,1.3299908073e-02,3.8106611451e-03,4.6820132650e-03,9.5725465584e-03,True
2021-05-22,7.2448003137e-03,False,1.7833927415e-02,4.0079419522e-03,4.7701043871e-03,1.2030259976e-02,True
2021-05-23,1.7012245600e-02,False,7.2448003137e-03,3.7691467654e-03,4.1398884793e-03,8.3623825913e-03,True
2021-05-24,9.2270102173e-03,False,1.7012245600e-02,3.9038406315e-03,4.2079713344e-03,1.2661969902e-02,True
2021-05-25,5.1008099487e-03,False,9.2270102173e-03,4.4340614704e-03,4.8258535875e-03,7.7924129558e-03,True
2021-05-26,3.4421799502e-03,False,5.1008099487e-03,4.1769914293e-03,4.2053407155e-03,6.1638562091e-03,True
2021-05-27,3.5086245928e-03,False,3.4421799502e-03,3.9599318315e-03,3.7068913540e-03,5.0886483517e-03,True
2021-05-28,6.0799202063e-03,False,3.5086245928e-03,3.7424483627e-03,3.2823274264e-03,4.9778484354e-03,True
2021-05-29,5.2706328727e-03,False,6.0799202063e-03,3.8765038634e-03,3.4816434824e-03,5.4779682722e-03,True
2021-05-30,2.6398981045e-03,False,5.2706328727e-03,3.6983644299e-03,3.1513395562e-03,5.1096241884e-03,True
2021-05-31,2.7607627570e-03,False,2.6398981045e-03,3.5286836572e-03,2.8457342549e-03,4.1486414502e-03,True
2021-06-01,2.6846975724e-03,False,2.7607627570e-03,3.4344463102e-03,2.6852061499e-03,4.1605848292e-03,True
2021-06-02,1.2482524172e-03,False,2.6846975724e-03,3.2421795619e-03,2.4101111498e-03,4.0857108776e-03,True
2021-06-03,1.2512794595e-03,False,1.2482524172e-03,3.0810161973e-03,2.1937050714e-03,3.4008606260e-03,True
2021-06-04,2.5980123541e-03,False,1.2512794595e-03,3.0107310297e-03,2.1313507981e-03,3.1962722578e-03,True
2021-06-05,2.6761234714e-03,False,2.5980123541e-03,3.0726632750e-03,2.3232921402e-03,3.5493660243e-03,True
2021-06-06,1.1563141884e-03,False,2.6761234714e-03,2.9677186319e-03,2.2169980591e-03,3.5668563812e-03,True
2021-06-07,1.8842854176e-03,False,1.1563141884e-03,2.7934384702e-03,1.9905462196e-03,2.9652466051e-03,True
2021-06-08,3.5494837130e-03,False,1.8842854176e-03,2.8771901154e-03,2.2189292582e-03,3.1835395996e-03,True
2021-06-09,4.7960069654e-03,False,3.5494837130e-03,2.7061431663e-03,1.9939130145e-03,3.7829499149e-03,True
2021-06-10,3.6087547848e-03,False,4.7960069654e-03,3.3149393193e-03,2.9703674168e-03,4.2847741072e-03,True
2021-06-11,1.9887079673e-03,False,3.6087547848e-03,3.1382447949e-03,2.6652930935e-03,3.3461405693e-03,True
2021-06-12,2.1635026122e-03,False,1.9887079673e-03,2.9688227214e-03,2.3766689095e-03,2.7486532875e-03,True
2021-06-13,2.0234151296e-03,False,2.1635026122e-03,2.9348686589e-03,2.3668874565e-03,2.6794716693e-03,True
2021-06-14,1.9496759433e-03,False,2.0234151296e-03,3.2806022312e-03,2.8825697888e-03,2.5302964448e-03,True
2021-06-15,1.5476018056e-03,False,1.9496759433e-03,3.1686601694e-03,2.6706446216e-03,2.2685409233e-03,True
2021-06-16,1.5601884077e-03,False,1.5476018056e-03,2.9836522766e-03,2.3872380015e-03,1.9931885829e-03,True
2021-06-17,1.2038689081e-03,False,1.5601884077e-03,2.9301909424e-03,2.3460632748e-03,1.9502582147e-03,True
2021-06-18,1.8796522062e-03,False,1.2038689081e-03,2.7570720513e-03,2.1082208603e-03,1.7781719730e-03,True
2021-06-19,1.6840271805e-03,False,1.8796522062e-03,2.8187880924e-03,2.2717995407e-03,1.9787370911e-03,True
2021-06-20,1.8507322055e-03,False,1.6840271805e-03,2.6549939588e-03,2.0505359036e-03,1.8670632565e-03,True
2021-06-21,7.6893514554e-03,False,1.8507322055e-03,2.4963383039e-03,1.8514866883e-03,1.9033804438e-03,True
2021-06-22,7.9308201103e-03,False,7.6893514554e-03,3.1949398073e-03,3.0279639530e-03,4.0826047594e-03,True
2021-06-23,3.9603290772e-03,False,7.9308201103e-03,3.0506015567e-03,2.7396952531e-03,4.4669942921e-03,True
2021-06-24,2.1383976826e-03,False,3.9603290772e-03,2.9423846014e-03,2.5353345267e-03,3.2587784667e-03,True
2021-06-25,3.7917866846e-03,False,2.1383976826e-03,2.8157066374e-03,2.3268675445e-03,2.6869252066e-03,True
2021-06-26,4.1190964567e-03,False,3.7917866846e-03,3.1658216624e-03,2.9156151425e-03,3.3232387110e-03,True
2021-06-27,2.7027068695e-03,False,4.1190964567e-03,3.0046384497e-03,2.6186322525e-03,3.3104369685e-03,True
2021-06-28,1.4728292588e-03,False,2.7027068695e-03,3.1370315648e-03,2.7831347718e-03,2.6514843934e-03,True
2021-06-29,1.6588075825e-03,False,1.4728292588e-03,2.9509254668e-03,2.4764741733e-03,2.1583553119e-03,True
2021-06-30,1.5967433357e-03,False,1.6588075825e-03,2.8710871454e-03,2.3452620619e-03,2.1985779434e-03,True
2021-07-01,2.0118168570e-03,False,1.5967433357e-03,2.7346344394e-03,2.1650270491e-03,2.0786099538e-03,True
2021-07-02,1.2104835440e-03,False,2.0118168570e-03,2.6917731513e-03,2.1512918205e-03,2.1110786262e-03,True
2021-07-03,7.0527035410e-04,False,1.2104835440e-03,2.5344775771e-03,1.9401629783e-03,1.7721033488e-03,True
2021-07-04,5.1008225448e-04,False,7.0527035410e-04,2.4223066865e-03,1.8269882851e-03,1.5663244438e-03,True
2021-07-05,1.2763953197e-03,False,5.1008225448e-04,2.2956619065e-03,1.6894612556e-03,1.4442148507e-03,True
2021-07-06,1.5733995820e-03,False,1.2763953197e-03,2.2865187301e-03,1.7583767806e-03,1.6757712963e-03,True
2021-07-07,8.1974771588e-04,False,1.5733995820e-03,2.1639392190e-03,1.6258162693e-03,1.7529334454e-03,True
2021-07-08,1.5165261035e-03,False,8.1974771588e-04,2.0407349817e-03,1.5105920443e-03,1.4850050475e-03,True
2021-07-09,8.2490568059e-04,False,1.5165261035e-03,1.9707287800e-03,1.4873973091e-03,1.7426060263e-03,True
2021-07-10,6.5521760086e-04,False,8.2490568059e-04,1.9001803605e-03,1.4401177615e-03,1.5245259642e-03,True
2021-07-11,5.1435523425e-04,False,6.5521760086e-04,1.7913559683e-03,1.3501834639e-03,1.4344251769e-03,True
2021-07-12,6.8543595697e-04,False,5.1435523425e-04,1.7137599438e-03,1.2991571743e-03,1.3376315785e-03,True
2021-07-13,7.3574462778e-04,False,6.8543595697e-04,1.6836791995e-03,1.3396922178e-03,1.3777909021e-03,True
2021-07-14,1.2038226484e-03,False,7.3574462778e-04,1.5897142635e-03,1.2681521778e-03,1.3048477891e-03,True
2021-07-15,1.1562852461e-03,False,1.2038226484e-03,1.4947863576e-03,1.1927204711e-03,1.4145284074e-03,True
2021-07-16,9.6697567608e-04,False,1.1562852461e-03,1.4557676381e-03,1.2144236681e-03,1.3937738814e-03,True
2021-07-17,6.7590334513e-04,False,9.6697567608e-04,1.3831823329e-03,1.1748355788e-03,1.3386777972e-03,True
2021-07-18,5.3445227336e-04,False,6.7590334513e-04,1.3013165448e-03,1.1138417043e-03,1.2161478919e-03,True
2021-07-19,6.4255883606e-04,False,5.3445227336e-04,1.2272399010e-03,1.0649065239e-03,1.1311894447e-03,True
2021-07-20,1.1511440831e-03,False,6.4255883606e-04,1.2075718479e-03,1.1110147487e-03,1.1272679044e-03,True
2021-07-21,1.8161508244e-03,False,1.1511440831e-03,1.2070164264e-03,1.1784564648e-03,1.2903973501e-03,True
2021-07-22,8.9015023864e-04,False,1.8161508244e-03,1.4816769222e-03,1.6047617238e-03,1.5414162043e-03,True
2021-07-23,6.3959270317e-04,False,8.9015023864e-04,1.3939637655e-03,1.4793002379e-03,1.2405255631e-03,True
2021-07-24,5.9647746949e-04,False,6.3959270317e-04,1.4104480980e-03,1.5065296199e-03,1.1504041473e-03,True
2021-07-25,7.8578986801e-04,False,5.9647746949e-04,1.3460996423e-03,1.4191841231e-03,1.1287924194e-03,True
2021-07-26,7.9566317518e-03,False,7.8578986801e-04,1.3277425124e-03,1.3963337199e-03,1.1771529800e-03,True
2021-07-27,2.5533905457e-03,False,7.9566317518e-03,1.4050173272e-03,1.5171182674e-03,3.8194124385e-03,True
2021-07-28,2.8568512431e-03,False,2.5533905457e-03,1.5219617638e-03,1.6834137786e-03,2.1281713191e-03,True
2021-07-29,1.0191755143e-03,False,2.8568512431e-03,1.4426316363e-03,1.5558562518e-03,2.3226218970e-03,True
2021-07-30,1.6436632719e-03,False,1.0191755143e-03,1.3560740935e-03,1.4349421999e-03,1.7397231750e-03,True
2021-07-31,9.4702865685e-04,False,1.6436632719e-03,1.4450337981e-03,1.5691179305e-03,1.9766290904e-03,True
2021-08-01,1.4030092891e-03,False,9.4702865685e-04,1.3773377117e-03,1.4809628950e-03,1.4847964194e-03,True
2021-08-02,1.1008602558e-03,False,1.4030092891e-03,1.3895740765e-03,1.5279314261e-03,1.5964185716e-03,True
2021-08-03,1.7044990183e-03,False,1.1008602558e-03,1.3249190178e-03,1.4456207459e-03,1.4362793244e-03,True
2021-08-04,8.9514155889e-04,False,1.7044990183e-03,1.2809252920e-03,1.4034792973e-03,1.6678651226e-03,True
2021-08-05,2.1167533388e-03,False,8.9514155889e-04,1.2949316740e-03,1.4283985625e-03,1.3764414386e-03,True
2021-08-06,2.1274892832e-03,False,2.1167533388e-03,1.2652107470e-03,1.3889428153e-03,1.8272663175e-03,True
2021-08-07,2.0775419628e-03,False,2.1274892832e-03,1.3228970728e-03,1.4772580228e-03,1.8666083739e-03,True
2021-08-08,1.5837213611e-03,False,2.0775419628e-03,1.3381782042e-03,1.4962563965e-03,1.8967743775e-03,True
2021-08-09,2.2075256042e-03,False,1.5837213611e-03,1.2764999526e-03,1.4186293587e-03,1.7386823522e-03,True
2021-08-10,1.1102104198e-03,False,2.2075256042e-03,1.3789742320e-03,1.5679391045e-03,2.0061899820e-03,True
2021-08-11,7.8192599466e-04,False,1.1102104198e-03,1.3089492431e-03,1.4693767964e-03,1.6137250901e-03,True
2021-08-12,1.0698898924e-03,False,7.8192599466e-04,1.2305706170e-03,1.3625230501e-03,1.4521313004e-03,True
2021-08-13,1.0462573419e-03,True,1.0698898924e-03,1.1934518516e-03,1.3351040228e-03,1.5013888515e-03,False
2021-08-14,1.0585875319e-03,False,1.2877013439e-03,1.4487081288e-03,1.7121089080e-03,1.5646578171e-03,True
2021-08-15,9.4987032536e-04,False,1.0585875319e-03,1.3760548890e-03,1.5940575979e-03,1.4498020271e-03,True
2021-08-16,9.8058409354e-04,False,9.4987032536e-04,1.2937349129e-03,1.4683315321e-03,1.4108863150e-03,True
2021-08-17,1.2882401078e-03,False,9.8058409354e-04,1.2481196681e-03,1.4130238500e-03,1.4296772668e-03,True
2021-08-18,1.2653170162e-03,False,1.2882401078e-03,1.2157190606e-03,1.3880205079e-03,1.4812663108e-03,True
2021-08-19,1.1925914857e-03,False,1.2653170162e-03,1.1427785365e-03,1.2941103392e-03,1.4617798733e-03,True
2021-08-20,8.6656973340e-04,False,1.1925914857e-03,1.1954395825e-03,1.3756247780e-03,1.4286931927e-03,True
2021-08-21,7.9230242960e-04,False,8.6656973340e-04,1.2944120619e-03,1.5142998210e-03,1.3174429883e-03,True
2021-08-22,5.3966262195e-04,False,7.9230242960e-04,1.2229914396e-03,1.4143663727e-03,1.2784015796e-03,True
2021-08-23,5.8288859519e-04,False,5.3966262195e-04,1.1539592961e-03,1.3196747617e-03,1.1636474383e-03,True
2021-08-24,8.4343357245e-04,False,5.8288859519e-04,1.0862560915e-03,1.2365438175e-03,1.1444845913e-03,True
2021-08-25,9.0154256009e-04,False,8.4343357245e-04,1.1048314122e-03,1.3031132603e-03,1.2138222404e-03,True
2021-08-26,1.2552558053e-03,False,9.0154256009e-04,1.0819235120e-03,1.2756940367e-03,1.2269520503e-03,True
2021-08-27,9.0811414517e-04,False,1.2552558053e-03,1.1355856062e-03,1.3902345205e-03,1.3628833164e-03,True
2021-08-28,3.6028734240e-04,False,9.0811414517e-04,1.1967709574e-03,1.4684892506e-03,1.2528276055e-03,True
2021-08-29,6.2562337507e-04,False,3.6028734240e-04,1.1257266172e-03,1.3649171911e-03,1.0498440982e-03,True
2021-08-30,7.0401112964e-04,False,6.2562337507e-04,1.0585921928e-03,1.2761893376e-03,1.1153615500e-03,True
2021-08-31,7.5392239757e-04,False,7.0401112964e-04,1.0784956847e-03,1.3362231177e-03,1.1255656899e-03,True
2021-09-01,7.3775915525e-04,False,7.5392239757e-04,1.0141633409e-03,1.2498513119e-03,1.1101418584e-03,True
2021-09-02,7.4009511523e-04,False,7.3775915525e-04,1.0295858605e-03,1.2755340368e-03,1.0948886303e-03,True
2021-09-03,1.0383246146e-03,False,7.4009511523e-04,9.7255826767e-04,1.2023647854e-03,1.1092784537e-03,True
2021-09-04,5.0468310794e-04,False,1.0383246146e-03,9.2800279246e-04,1.1512197465e-03,1.2217936930e-03,True
2021-09-05,4.9121740027e-04,False,5.0468310794e-04,8.7249024456e-04,1.0942255342e-03,1.0328064841e-03,True
2021-09-06,3.4498991940e-04,False,4.9121740027e-04,8.9886712870e-04,1.1469293301e-03,1.0130983027e-03,True
2021-09-07,1.9874078523e-02,False,3.4498991940e-04,8.6304403759e-04,1.1096972281e-03,9.4471645160e-04,True
2021-09-08,2.1762157976e-03,False,1.9874078523e-02,1.6282013082e-03,2.2719898005e-03,8.2066374168e-03,True
2021-09-09,1.1678454032e-03,False,2.1762157976e-03,1.5489956265e-03,2.0816407344e-03,2.4942411798e-03,True
2021-09-10,1.0801043612e-03,False,1.1678454032e-03,1.4594341743e-03,1.8895644700e-03,2.1924845187e-03,True
2021-09-11,5.2570250178e-04,False,1.0801043612e-03,1.4406208625e-03,1.8336824793e-03,2.1825854416e-03,True
2021-09-12,8.4000988196e-04,False,5.2570250178e-04,1.3572689704e-03,1.6785086987e-03,2.0033875916e-03,True
2021-09-13,3.1479260589e-03,False,8.4000988196e-04,1.2967584026e-03,1.5678752545e-03,1.3834231449e-03,True
2021-09-14,8.8093590903e-04,False,3.1479260589e-03,1.2530691737e-03,1.5075668880e-03,2.1856247706e-03,True
2021-09-15,4.2905720919e-04,False,8.8093590903e-04,1.3114028028e-03,1.5723192363e-03,1.4478845877e-03,True
2021-09-16,7.2478824320e-04,False,4.2905720919e-04,1.2597095524e-03,1.4853310414e-03,1.2737542073e-03,True
2021-09-17,5.8083052636e-04,False,7.2478824320e-04,1.1879700870e-03,1.3888504845e-03,1.3742789540e-03,True
2021-09-18,4.7941109483e-04,False,5.8083052636e-04,1.1217858415e-03,1.3090473595e-03,1.3117768137e-03,True
2021-09-19,4.9899058455e-04,False,4.7941109483e-04,1.0803656701e-03,1.2601453556e-03,1.1740796828e-03,True
2021-09-20,3.2120820639e-03,False,4.9899058455e-04,1.0445921872e-03,1.2381625904e-03,1.1665074846e-03,True
2021-09-21,6.0155894884e-03,False,3.2120820639e-03,1.5088636928e-03,1.9514298865e-03,2.1674426634e-03,True
2021-09-22,2.0280552884e-03,False,6.0155894884e-03,1.5964870498e-03,2.0488201879e-03,3.3182163665e-03,True
2021-09-23,1.2201868071e-03,False,2.0280552884e-03,1.7675552848e-03,2.2147239742e-03,2.0994613123e-03,True
2021-09-24,2.5833787876e-03,False,1.2201868071e-03,1.7151454785e-03,2.0661163217e-03,1.8709930453e-03,True
2021-09-25,1.3236065272e-03,False,2.5833787876e-03,1.7440937323e-03,2.0779051190e-03,2.4041297374e-03,True
2021-09-26,2.1334282591e-03,False,1.3236065272e-03,1.6400912289e-03,1.8863109379e-03,1.9296782346e-03,True
2021-09-27,1.3379040963e-03,False,2.1334282591e-03,1.5495160804e-03,1.7284747889e-03,2.0584072454e-03,True
2021-09-28,1.5670251947e-03,False,1.3379040963e-03,1.4904264420e-03,1.6437094331e-03,1.7834517845e-03,True
2021-09-29,1.0986647033e-03,True,1.5670251947e-03,1.4445875352e-03,1.5865612474e-03,1.8804957261e-03,False
2021-09-30,1.2343124898e-03,False,1.1985433127e-03,1.3666376575e-03,1.4712610803e-03,1.5489877233e-03,True
2021-10-01,2.2890864025e-03,False,1.2343124898e-03,1.4589880783e-03,1.5904535679e-03,1.5487583167e-03,True
2021-10-02,5.0295801668e-04,False,2.2890864025e-03,1.9011913076e-03,2.1574984344e-03,1.9039414851e-03,True
2021-10-03,6.9112799721e-04,False,5.0295801668e-04,1.7938375242e-03,1.9708629765e-03,1.2923516276e-03,True
2021-10-04,1.4077316821e-03,False,6.9112799721e-04,1.6945525316e-03,1.8068080566e-03,1.3208272573e-03,True
2021-10-05,8.0924270936e-04,False,1.4077316821e-03,1.6194432478e-03,1.6883992102e-03,1.5640015103e-03,True
2021-10-06,2.3131334852e-03,False,8.0924270936e-04,1.6418263441e-03,1.7050066991e-03,1.3348668363e-03,True
2021-10-07,1.1919984243e-03,False,2.3131334852e-03,1.8544115717e-03,1.9681745739e-03,1.8322922727e-03,True
2021-10-08,8.9584965527e-04,False,1.1919984243e-03,1.7903395829e-03,1.8690851752e-03,1.5039248464e-03,True
2021-10-09,5.3860467175e-04,False,8.9584965527e-04,1.6834904226e-03,1.7121842302e-03,1.4174414126e-03,True
2021-10-10,9.9643802558e-04,False,5.3860467175e-04,1.6026499840e-03,1.5998749067e-03,1.2688568243e-03,True
2021-10-11,8.7358073381e-04,False,9.9643802558e-04,1.5081793754e-03,1.4864993195e-03,1.4272807290e-03,True
2021-10-12,1.0045847053e-03,False,8.7358073381e-04,1.5687264660e-03,1.5732829690e-03,1.3364157795e-03,True
2021-10-13,1.3608086383e-03,False,1.0045847053e-03,1.5151307327e-03,1.5224236660e-03,1.3521478002e-03,True
2021-10-14,9.5487280240e-04,False,1.3608086383e-03,1.4592810602e-03,1.4561063833e-03,1.4439975342e-03,True
2021-10-15,1.5342942418e-03,False,9.5487280240e-04,1.3717308220e-03,1.3599813448e-03,1.3195192752e-03,True
2021-10-16,7.1555054913e-04,False,1.5342942418e-03,1.6065435545e-03,1.6815530134e-03,1.5288801510e-03,True
2021-10-17,8.7465494181e-04,False,7.1555054913e-04,1.5202985626e-03,1.5699753370e-03,1.2429969662e-03,True
2021-10-18,1.1763387107e-03,False,8.7465494181e-04,1.4359061734e-03,1.4629317740e-03,1.2850486493e-03,True
2021-10-19,9.4847715525e-04,False,1.1763387107e-03,1.3533978640e-03,1.3681793889e-03,1.3667110282e-03,True
2021-10-20,9.4856024259e-04,False,9.4847715525e-04,1.3498013003e-03,1.3779880784e-03,1.2895119220e-03,True
2021-10-21,3.0317036088e-03,False,9.4856024259e-04,1.3106890895e-03,1.3412894864e-03,1.2618508205e-03,True
2021-10-22,1.2475722138e-03,False,3.0317036088e-03,1.4439720840e-03,1.5607003707e-03,2.0359035070e-03,True
2021-10-23,7.0786211235e-04,False,1.2475722138e-03,1.3933348101e-03,1.5072803715e-03,1.4759902903e-03,True
2021-10-24,6.3174351278e-04,False,7.0786211235e-04,1.3155136673e-03,1.4101268941e-03,1.2706130828e-03,True
2021-10-25,5.5807679802e-04,False,6.3174351278e-04,1.2396205546e-03,1.3291962862e-03,1.2347677069e-03,True
2021-10-26,8.4124332798e-04,False,5.5807679802e-04,1.2427276022e-03,1.3427932601e-03,1.1946412165e-03,True
2021-10-27,1.8011109119e-03,False,8.4124332798e-04,1.2873779327e-03,1.4368326621e-03,1.1980317626e-03,True
2021-10-28,4.4563755732e-03,False,1.8011109119e-03,1.2725922967e-03,1.4386377001e-03,1.5364727411e-03,True
2021-10-29,1.1805099359e-03,False,4.4563755732e-03,1.2755202911e-03,1.4386794561e-03,2.5522407327e-03,True
2021-10-30,5.7174190740e-04,False,1.1805099359e-03,1.2437758628e-03,1.3965663881e-03,1.5183677290e-03,True
2021-10-31,5.9669637413e-04,False,5.7174190740e-04,1.1715743480e-03,1.3165260555e-03,1.3196010589e-03,True
2021-11-01,9.8610990084e-04,False,5.9669637413e-04,1.1062311317e-03,1.2522718771e-03,1.3182451427e-03,True
2021-11-02,8.9376347447e-04,False,9.8610990084e-04,1.0422849969e-03,1.1930322410e-03,1.4124158156e-03,True
2021-11-03,9.1872483418e-04,False,8.9376347447e-04,1.0628004414e-03,1.2331216342e-03,1.2487183756e-03,True
2021-11-04,6.4885737595e-04,False,9.1872483418e-04,1.0006116434e-03,1.1751060897e-03,1.2458871566e-03,True
2021-11-05,5.9323913381e-04,False,6.4885737595e-04,9.7560203216e-04,1.1758662969e-03,1.1553469377e-03,True
2021-11-06,4.5875023783e-04,False,5.9323913381e-04,9.2042836570e-04,1.1292510385e-03,1.1337149399e-03,True
2021-11-07,4.0511089650e-04,False,4.5875023783e-04,8.6976147509e-04,1.0853562630e-03,1.0607597348e-03,True
2021-11-08,8.7412144482e-04,False,4.0511089650e-04,8.6771907646e-04,1.1006455933e-03,1.0218799761e-03,True
2021-11-09,8.0515015102e-04,False,8.7412144482e-04,1.0694849556e-03,1.3685025964e-03,1.1708487988e-03,True
2021-11-10,3.5420529679e-03,False,8.0515015102e-04,1.0097524998e-03,1.2959157960e-03,1.1509977182e-03,True
2021-11-11,7.7283360573e-04,False,3.5420529679e-03,1.0080774903e-03,1.3130579452e-03,2.1662403601e-03,True
2021-11-12,1.0484427190e-03,False,7.7283360573e-04,9.4775988657e-04,1.2404799762e-03,1.2851409268e-03,True
2021-11-13,4.8202508866e-04,False,1.0484427190e-03,8.9703575334e-04,1.1799968813e-03,1.3804765875e-03,True
2021-11-14,4.9617307226e-04,False,4.8202508866e-04,8.4417933836e-04,1.1247314049e-03,1.1763037953e-03,True
2021-11-15,5.4648204502e-04,False,4.9617307226e-04,8.1198489017e-04,1.0955592504e-03,1.1667849436e-03,True
2021-11-16,2.4653947334e-03,False,5.4648204502e-04,8.1591450686e-04,1.1312541184e-03,1.0691726403e-03,True
2021-11-17,1.7437967736e-03,False,2.4653947334e-03,9.6460523100e-04,1.3601977465e-03,1.7672497928e-03,True
2021-11-18,2.1186418043e-03,False,1.7437967736e-03,9.0808306157e-04,1.2793003844e-03,1.5692419496e-03,True
2021-11-19,1.0456799632e-03,False,2.1186418043e-03,1.0619478187e-03,1.5014458709e-03,1.7543659877e-03,True
2021-11-20,8.1262673865e-04,False,1.0456799632e-03,1.0227018138e-03,1.4250859256e-03,1.3999307626e-03,True
2021-11-21,6.4306549412e-04,False,8.1262673865e-04,1.0087652565e-03,1.3868857455e-03,1.3312770727e-03,True
2021-11-22,1.9365443921e-03,False,6.4306549412e-04,9.6843699762e-04,1.3346040576e-03,1.2083943552e-03,True
2021-11-23,1.7021828209e-03,False,1.9365443921e-03,1.0129423956e-03,1.4050575088e-03,1.6436698255e-03,True
2021-11-24,8.7400301463e-04,False,1.7021828209e-03,9.8321011031e-04,1.3502328358e-03,1.5589920357e-03,True
2021-11-25,5.9960774523e-04,False,8.7400301463e-04,9.2718103668e-04,1.2768936914e-03,1.2856164274e-03,True
2021-11-26,1.7118696242e-03,False,5.9960774523e-04,9.3067342977e-04,1.2740970006e-03,1.1860712283e-03,True
2021-11-27,8.7887230817e-04,False,1.7118696242e-03,1.3933092423e-03,1.9126057548e-03,1.5933452349e-03,True
2021-11-28,1.2459655567e-03,False,8.7887230817e-04,1.3298946114e-03,1.7722347914e-03,1.2878371030e-03,True
2021-11-29,7.8497295779e-04,False,1.2459655567e-03,1.3749393567e-03,1.7790184024e-03,1.3955142735e-03,True
2021-11-30,1.6508967245e-03,False,7.8497295779e-04,1.2970007574e-03,1.6407756485e-03,1.2468192540e-03,True
2021-12-01,1.2059269321e-03,False,1.6508967245e-03,1.2316124100e-03,1.5405551846e-03,1.5716406454e-03,True
2021-12-02,1.1934139436e-03,False,1.2059269321e-03,1.1587202547e-03,1.4335204036e-03,1.4128478919e-03,True
2021-12-03,1.6766255572e-03,False,1.1934139436e-03,1.0983969894e-03,1.3581732413e-03,1.4000148619e-03,True
2021-12-04,7.6402548322e-03,False,1.6766255572e-03,1.1967609496e-03,1.5093080315e-03,1.5795536218e-03,True
2021-12-05,1.8100620672e-03,False,7.6402548322e-03,1.5753608647e-03,2.0066873249e-03,3.8159406482e-03,True
2021-12-06,3.0399087097e-03,False,1.8100620672e-03,1.4823087869e-03,1.8369335490e-03,1.9578268975e-03,True
2021-12-07,1.0233184891e-03,False,3.0399087097e-03,1.4196954743e-03,1.7181118301e-03,2.4444852294e-03,True
2021-12-08,1.4721873802e-03,False,1.0233184891e-03,1.3350220406e-03,1.5886704320e-03,1.7938213702e-03,True
2021-12-09,1.3110310725e-03,False,1.4721873802e-03,1.2552465904e-03,1.4789038879e-03,1.9211578492e-03,True
2021-12-10,2.3553117211e-03,False,1.3110310725e-03,1.3938749104e-03,1.6729944540e-03,1.6276547940e-03,True
2021-12-11,1.4202591582e-03,False,2.3553117211e-03,1.3146344031e-03,1.5582691626e-03,1.9858392206e-03,True
2021-12-12,5.4476757777e-04,False,1.4202591582e-03,1.3661305847e-03,1.6035731081e-03,1.6278631372e-03,True
2021-12-13,1.6063424423e-03,False,5.4476757777e-04,1.2948603497e-03,1.5002405377e-03,1.3258265559e-03,True
2021-12-14,1.7021312093e-03,False,1.6063424423e-03,1.5052963026e-03,1.7883684227e-03,1.6801128875e-03,True
2021-12-15,1.8208445067e-03,False,1.7021312093e-03,1.4864936491e-03,1.7298335813e-03,1.7234983625e-03,True
2021-12-16,7.9156574172e-04,False,1.8208445067e-03,1.4042168448e-03,1.6045569311e-03,1.7426502938e-03,True
2021-12-17,1.5461299590e-03,False,7.9156574172e-04,1.3591264730e-03,1.5487215481e-03,1.3873609878e-03,True
2021-12-18,7.2335652771e-04,False,1.5461299590e-03,1.3391082793e-03,1.5311287810e-03,1.6754010985e-03,True
2021-12-19,1.0147219029e-03,False,7.2335652771e-04,1.2724971108e-03,1.4414061834e-03,1.3689671388e-03,True
2021-12-20,9.3172335338e-04,False,1.0147219029e-03,1.1967918152e-03,1.3532120658e-03,1.4375743078e-03,True
2021-12-21,7.2623322419e-04,False,9.3172335338e-04,1.1264707723e-03,1.2761614262e-03,1.3744516536e-03,True
2021-12-22,4.8294522162e-04,False,7.2623322419e-04,1.1609805985e-03,1.3271434977e-03,1.3050348882e-03,True
2021-12-23,6.5987274524e-04,False,4.8294522162e-04,1.0936211314e-03,1.2581182156e-03,1.1762273090e-03,True
2021-12-24,6.3249295291e-04,False,6.5987274524e-04,1.1510214339e-03,1.3370446224e-03,1.2254430912e-03,True
2021-12-25,3.5829390779e-04,False,6.3249295291e-04,1.0819683646e-03,1.2619871671e-03,1.1969262663e-03,True
2021-12-26,5.4014031570e-04,False,3.5829390779e-04,1.0211891913e-03,1.2051645883e-03,1.0752062824e-03,True
2021-12-27,4.7086755009e-04,False,5.4014031570e-04,9.6322953540e-04,1.1468469106e-03,1.0644059011e-03,True
2021-12-28,1.2461784600e-03,False,4.7086755009e-04,9.0556356211e-04,1.0995723011e-03,1.0295620757e-03,True
2021-12-29,1.0787428855e-03,False,1.2461784600e-03,1.0993314265e-03,1.3839731114e-03,1.2850413050e-03,True
2021-12-30,7.0219474087e-04,False,1.0787428855e-03,1.0649960181e-03,1.3484572221e-03,1.2483904658e-03,True
2021-12-31,1.0444823625e-03,False,7.0219474087e-04,1.0128965763e-03,1.2829153215e-03,1.1333211198e-03,True
2022-01-01,7.1791927852e-04,False,1.0444823625e-03,9.7463418082e-04,1.2493047299e-03,1.2597495441e-03,True
2022-01-02,5.4053596585e-04,False,7.1791927852e-04,9.7782654123e-04,1.2543993105e-03,1.1495413419e-03,True
2022-01-03,5.6604550844e-04,False,5.4053596585e-04,9.2422216755e-04,1.2003028502e-03,1.0578742213e-03,True
2022-01-04,8.3600930494e-04,False,5.6604550844e-04,8.8804841126e-04,1.1738971446e-03,1.0465151443e-03,True
2022-01-05,1.8223829506e-03,False,8.3600930494e-04,8.4539446561e-04,1.1391809540e-03,1.1312984730e-03,True
2022-01-06,8.2816938166e-04,False,1.8223829506e-03,9.6541788139e-04,1.3190652262e-03,1.4788049170e-03,True
2022-01-07,2.1183180512e-03,False,8.2816938166e-04,9.1185271817e-04,1.2548132665e-03,1.1546494133e-03,True
2022-01-08,9.6655986003e-04,False,2.1183180512e-03,9.3411901659e-04,1.2972929625e-03,1.6404491892e-03,True
2022-01-09,7.0527854588e-04,False,9.6655986003e-04,8.7851613420e-04,1.2280712826e-03,1.2802869855e-03,True
2022-01-10,2.1742135318e-03,False,7.0527854588e-04,8.2698049190e-04,1.1690079755e-03,1.1908421516e-03,True
2022-01-11,9.5360058054e-04,False,2.1742135318e-03,7.7742248668e-04,1.1184059111e-03,1.6863889023e-03,True
2022-01-12,6.3773228100e-04,False,9.5360058054e-04,7.5838431822e-04,1.1027018667e-03,1.2990370526e-03,True
2022-01-13,8.5012746687e-04,False,6.3773228100e-04,7.5691424542e-04,1.1079642815e-03,1.1406101095e-03,True
2022-01-14,7.4635331177e-04,False,8.5012746687e-04,7.6937341783e-04,1.1460785169e-03,1.2073155993e-03,True
2022-01-15,3.6383988134e-04,False,7.4635331177e-04,7.3139093820e-04,1.1051749132e-03,1.1759172003e-03,True
2022-01-16,3.6965377159e-04,False,3.6383988134e-04,6.8752662636e-04,1.0630535776e-03,9.8201512361e-04,True
2022-01-17,6.1286930099e-04,False,3.6965377159e-04,6.4628018638e-04,1.0270810227e-03,9.6146300649e-04,True
2022-01-18,6.5919534855e-04,False,6.1286930099e-04,6.3248921126e-04,1.0209072777e-03,1.0388953162e-03,True
2022-01-19,8.0572002113e-04,False,6.5919534855e-04,5.9530021902e-04,9.8930660200e-04,1.0478819268e-03,True
2022-01-20,9.0533924178e-04,False,8.0572002113e-04,5.7587130812e-04,9.8622649512e-04,1.0930723071e-03,True
2022-01-21,4.8418914574e-03,False,9.0533924178e-04,5.7525613932e-04,1.0071491123e-03,1.1437370907e-03,True
2022-01-22,4.9496814526e-03,False,4.8418914574e-03,1.2660302553e-03,1.8990215671e-03,2.6145624573e-03,True
2022-01-23,1.6847499680e-03,False,4.9496814526e-03,1.2786629352e-03,1.8638140643e-03,2.8493028672e-03,True
2022-01-24,4.3269255077e-03,False,1.6847499680e-03,1.2668975165e-03,1.7866676286e-03,1.8460172765e-03,True
2022-01-25,1.8225025050e-03,False,4.3269255077e-03,1.1986905219e-03,1.6551331004e-03,2.8622843007e-03,True
2022-01-26,3.3106045532e-03,False,1.8225025050e-03,1.1307008337e-03,1.5379655216e-03,2.1025193717e-03,True
2022-01-27,2.1241215189e-03,False,3.3106045532e-03,1.0638376792e-03,1.4364891404e-03,2.5454657284e-03,True
2022-01-28,1.3760909713e-03,False,2.1241215189e-03,1.0054041798e-03,1.3512422703e-03,2.0604862968e-03,True
2022-01-29,8.5363344248e-04,False,1.3760909713e-03,9.5833561504e-04,1.2862271497e-03,1.8129977396e-03,True
2022-01-30,5.3712677257e-04,False,8.5363344248e-04,9.0928618794e-04,1.2250873551e-03,1.5027845778e-03,True
2022-01-31,9.5594068407e-04,False,5.3712677257e-04,8.5810162853e-04,1.1710067485e-03,1.3483504994e-03,True
2022-02-01,1.0033707015e-03,False,9.5594068407e-04,8.2071312436e-04,1.1320226656e-03,1.3961604174e-03,True
2022-02-02,8.1757523049e-04,False,1.0033707015e-03,7.7356011641e-04,1.0860011495e-03,1.3587777652e-03,True
2022-02-03,1.0624416778e-03,False,8.1757523049e-04,8.6301726847e-04,1.2246212605e-03,1.2765241543e-03,True
2022-02-04,1.7143236717e-03,False,1.0624416778e-03,8.1875139679e-04,1.1710777675e-03,1.3665168867e-03,True
2022-02-05,6.6301129038e-04,False,1.7143236717e-03,1.4717549336e-03,1.9574480395e-03,1.6278616934e-03,True
2022-02-06,6.6926964216e-04,False,6.6301129038e-04,1.3847307031e-03,1.7980513964e-03,1.2778801654e-03,True
2022-02-07,9.6548304531e-04,False,6.6926964216e-04,1.3357385008e-03,1.6942588585e-03,1.2695088121e-03,True
2022-02-08,1.4649702655e-03,False,9.6548304531e-04,1.3243408329e-03,1.6451740649e-03,1.3751195325e-03,True
2022-02-09,9.5792446368e-04,False,1.4649702655e-03,1.2461609293e-03,1.5226053173e-03,1.5581027034e-03,True
2022-02-10,2.2069104811e-03,False,9.5792446368e-04,1.1747291735e-03,1.4311348065e-03,1.3689952786e-03,True
2022-02-11,1.7735797431e-03,False,2.2069104811e-03,1.1281705084e-03,1.3814844080e-03,1.8408861564e-03,True
2022-02-12,7.4872207772e-04,False,1.7735797431e-03,1.1014390855e-03,1.3592049463e-03,1.7508226429e-03,True
2022-02-13,4.6845294754e-04,False,7.4872207772e-04,1.0361674955e-03,1.2895118036e-03,1.3773650826e-03,True
2022-02-14,5.7393468389e-04,False,4.6845294754e-04,9.7490872143e-04,1.2294160708e-03,1.2102361137e-03,True
2022-02-15,5.5413961111e-04,False,5.7393468389e-04,9.2421582572e-04,1.1818261379e-03,1.2194985365e-03,True
2022-02-16,4.3695098449e-04,False,5.5413961111e-04,9.9653785906e-04,1.2685901230e-03,1.1176120135e-03,True
2022-02-17,1.0967447797e-03,False,4.3695098449e-04,9.5058047801e-04,1.2284742388e-03,1.0170705693e-03,True
2022-02-18,1.2914037543e-03,False,1.0967447797e-03,1.2739283597e-03,1.6228005650e-03,1.2228461383e-03,True
2022-02-19,3.8069897599e-04,False,1.2914037543e-03,1.2083456839e-03,1.5309415603e-03,1.3091397363e-03,True
2022-02-20,6.9444284795e-04,False,3.8069897599e-04,1.1362557066e-03,1.4361160444e-03,9.9998938018e-04,True
2022-02-21,2.8731070328e-03,False,6.9444284795e-04,1.1797478380e-03,1.4902204407e-03,1.1043685221e-03,True
2022-02-22,1.7508162007e-03,False,2.8731070328e-03,1.1892380686e-03,1.5000200928e-03,1.9174224936e-03,True
2022-02-23,1.0583601060e-03,False,1.7508162007e-03,1.1812227176e-03,1.4738627459e-03,1.5884586886e-03,True
2022-02-24,5.7232865730e-03,False,1.0583601060e-03,1.1508375214e-03,1.4385035838e-03,1.3574142614e-03,True
2022-02-25,1.8369247393e-03,False,5.7232865730e-03,1.1305492047e-03,1.4050848702e-03,3.1020886743e-03,True
2022-02-26,8.6205464289e-04,False,1.8369247393e-03,1.0944716277e-03,1.3581911835e-03,1.9034859017e-03,True
2022-02-27,1.8805210572e-03,False,8.6205464289e-04,1.0292138309e-03,1.2879385669e-03,1.5066161128e-03,True
2022-02-28,3.8564312607e-03,False,1.8805210572e-03,1.0492221357e-03,1.3268957725e-03,1.8491206466e-03,True
2022-03-01,1.4402036498e-03,False,3.8564312607e-03,2.0842886463e-03,2.4714006182e-03,2.6176697680e-03,True
2022-03-02,1.6484526462e-03,False,1.4402036498e-03,2.0090070335e-03,2.2991450895e-03,1.6844751030e-03,True
2022-03-03,1.0776329682e-03,False,1.6484526462e-03,1.8970526019e-03,2.0932596508e-03,1.7457097541e-03,True
2022-03-04,1.9556788252e-03,False,1.0776329682e-03,1.8498958255e-03,2.0075476900e-03,1.5713523809e-03,True
2022-03-05,4.9898960724e-04,False,1.9556788252e-03,2.1330962962e-03,2.2987326987e-03,1.8538264932e-03,True
2022-03-06,1.1018911801e-03,False,4.9898960724e-04,2.0075282257e-03,2.1076237120e-03,1.2482084548e-03,True
2022-03-07,1.8763007992e-03,False,1.1018911801e-03,1.9249217182e-03,1.9869858842e-03,1.4317364884e-03,True
2022-03-08,1.5124958997e-03,False,1.8763007992e-03,1.8171270801e-03,1.8466932140e-03,1.7011810889e-03,True
2022-03-09,1.4435185771e-03,False,1.5124958997e-03,1.7305890523e-03,1.7345027442e-03,1.6089392362e-03,True
2022-03-10,2.4468009018e-03,False,1.4435185771e-03,2.0074014159e-03,2.0129420085e-03,1.5751438907e-03,True
2022-03-11,1.6167570854e-03,False,2.4468009018e-03,2.1172757455e-03,2.1215368799e-03,1.9882846577e-03,True
2022-03-12,3.3636519992e-04,False,1.6167570854e-03,2.0090804766e-03,1.9768603847e-03,1.7458057550e-03,True
2022-03-13,7.0384390574e-04,False,3.3636519992e-04,1.8887772174e-03,1.8269755709e-03,1.2679963167e-03,True
2022-03-14,1.2957481650e-03,False,7.0384390574e-04,1.8188686931e-03,1.7499614672e-03,1.3577572672e-03,True
2022-03-15,7.6048636865e-04,False,1.2957481650e-03,1.8533284157e-03,1.7756910916e-03,1.5471846554e-03,True
2022-03-16,4.2006650763e-03,False,7.6048636865e-04,1.7480163032e-03,1.6611327232e-03,1.2930922383e-03,True
2022-03-17,5.4464734420e-04,False,4.2006650763e-03,1.7680327301e-03,1.6790540276e-03,2.5168698840e-03,True
2022-03-18,6.1367881410e-04,False,5.4464734420e-04,1.6633222875e-03,1.5713120147e-03,1.3469264668e-03,True
2022-03-19,2.7805669458e-04,False,6.1367881410e-04,1.5882768481e-03,1.4978742424e-03,1.3206498728e-03,True
2022-03-20,3.7510082754e-04,False,2.7805669458e-04,1.4996807921e-03,1.4166576409e-03,1.1604102988e-03,True
2022-03-21,6.9324127160e-04,False,3.7510082754e-04,1.4400812966e-03,1.3789444424e-03,1.1721382913e-03,True
2022-03-22,1.1400398165e-03,False,6.9324127160e-04,1.3560712205e-03,1.3124160884e-03,1.1312492876e-03,True
2022-03-23,5.5271038159e-04,False,1.1400398165e-03,1.3387665607e-03,1.3133050632e-03,1.2732418118e-03,True
2022-03-24,5.4628557007e-04,False,5.5271038159e-04,1.2673239859e-03,1.2585784766e-03,1.0744048661e-03,True
2022-03-25,4.3083483991e-04,False,5.4628557007e-04,1.2303780563e-03,1.2340053852e-03,1.0724357732e-03,True
2022-03-26,2.0863342526e-04,False,4.3083483991e-04,1.1597406730e-03,1.1841928540e-03,1.0313881783e-03,True
2022-03-27,1.2945887318e-03,False,2.0863342526e-04,1.0913501124e-03,1.1395046355e-03,9.2601020182e-04,True
2022-03-28,6.9284187559e-04,False,1.2945887318e-03,1.1803040547e-03,1.2570519792e-03,1.2871153841e-03,True
2022-03-29,4.7349034330e-04,False,6.9284187559e-04,1.1118432692e-03,1.2034700957e-03,1.0954980082e-03,True
2022-03-30,4.3841377174e-04,False,4.7349034330e-04,1.0477555451e-03,1.1572860337e-03,1.0097252672e-03,True
2022-03-31,6.6899670937e-04,False,4.3841377174e-04,9.8850604797e-04,1.1214500643e-03,9.8893448804e-04,True
2022-04-01,7.9269832328e-04,False,6.6899670937e-04,9.9714956966e-04,1.1657264819e-03,1.0731878105e-03,True
2022-04-02,7.2185078991e-04,False,7.9269832328e-04,9.5434736750e-04,1.1380280992e-03,1.0792324306e-03,True
2022-04-03,6.8854538746e-04,False,7.2185078991e-04,9.0340390269e-04,1.1082384480e-03,1.0495104400e-03,True
2022-04-04,5.0281888812e-04,False,6.8854538746e-04,8.5923637220e-04,1.0815062419e-03,1.0497130451e-03,True
2022-04-05,5.0671088535e-04,False,5.0281888812e-04,8.0851444195e-04,1.0503506577e-03,9.9039690280e-04,True
2022-04-06,1.1250558993e-03,False,5.0671088535e-04,7.9320554179e-04,1.0643078368e-03,9.7820960450e-04,True
2022-04-07,6.8033105174e-04,False,1.1250558993e-03,9.1099943390e-04,1.2259281838e-03,1.1922407046e-03,True
2022-04-08,7.9282459746e-04,False,6.8033105174e-04,8.5873633735e-04,1.1765505598e-03,1.0169651142e-03,True
2022-04-09,2.4488638859e-04,False,7.9282459746e-04,8.5366665980e-04,1.1888795156e-03,1.0589158391e-03,True
2022-04-10,3.5052154202e-04,False,2.4488638859e-04,8.1081541035e-04,1.1497680732e-03,8.6960577835e-04,True
2022-04-11,1.2564662360e-03,False,3.5052154202e-04,7.7395578593e-04,1.1251423820e-03,8.9771093826e-04,True
2022-04-12,8.1825958023e-04,False,1.2564662360e-03,9.7615425238e-04,1.3714168641e-03,1.2010531499e-03,True
2022-04-13,8.7191912178e-04,False,8.1825958023e-04,9.2881344323e-04,1.3105331606e-03,1.0665699034e-03,True
2022-04-14,4.9289249959e-04,False,8.7191912178e-04,9.1496250871e-04,1.2883156763e-03,1.0842334091e-03,True
2022-04-15,4.9534061041e-04,False,4.9289249959e-04,9.1310535273e-04,1.2932103223e-03,9.7107603785e-04,True
2022-04-16,2.0898927227e-04,False,4.9534061041e-04,8.7208078347e-04,1.2361364638e-03,9.7645172356e-04,True
2022-04-17,3.0818650706e-04,False,2.0898927227e-04,8.2085502471e-04,1.1847561766e-03,8.4247638197e-04,True
2022-04-18,1.0497213665e-03,False,3.0818650706e-04,7.8998452725e-04,1.1618126389e-03,8.5538662249e-04,True
2022-04-19,3.4873081142e-04,False,1.0497213665e-03,7.8932312244e-04,1.1636086538e-03,1.0978023797e-03,True
2022-04-20,4.7577553185e-04,False,3.4873081142e-04,7.5893706479e-04,1.1349693161e-03,8.6398410956e-04,True
2022-04-21,9.7804064416e-04,False,4.7577553185e-04,7.1403795295e-04,1.0964545560e-03,9.0362301875e-04,True
2022-04-22,8.2163884727e-04,False,9.7804064416e-04,6.9883322498e-04,1.0962632040e-03,1.0984494132e-03,True
2022-04-23,2.2507445428e-04,False,8.2163884727e-04,6.7908129179e-04,1.0896882821e-03,1.0688095006e-03,True
2022-04-24,3.8152454151e-04,False,2.2507445428e-04,6.4107932362e-04,1.0602611812e-03,8.4072148558e-04,True
2022-04-25,1.5412492162e-03,False,3.8152454151e-04,6.0261736993e-04,1.0303726534e-03,8.8868953572e-04,True
2022-04-26,1.2124086127e-03,False,1.5412492162e-03,6.0229262926e-04,1.0386256244e-03,1.3087081528e-03,True
2022-04-27,8.7266260305e-04,False,1.2124086127e-03,7.7451179747e-04,1.2508979754e-03,1.2183155729e-03,True
2022-04-28,1.1678202475e-03,False,8.7266260305e-04,7.7864494506e-04,1.2447230012e-03,1.1142692921e-03,True
2022-04-29,7.1347311289e-04,False,1.1678202475e-03,7.4179165106e-04,1.1982616623e-03,1.2449009108e-03,True
2022-04-30,3.9836065098e-04,False,7.1347311289e-04,7.4864890051e-04,1.2118697134e-03,1.1116573741e-03,True
2022-05-01,5.6997346399e-04,False,3.9836065098e-04,7.4222233688e-04,1.2088135039e-03,9.6339188430e-04,True
2022-05-02,7.3574040793e-04,False,5.6997346399e-04,7.2676322450e-04,1.1862433330e-03,9.9664090865e-04,True
2022-05-03,4.0104676482e-04,False,7.3574040793e-04,6.8328809406e-04,1.1393294171e-03,1.0477619432e-03,True
2022-05-04,6.5663073340e-04,False,4.0104676482e-04,6.6845886992e-04,1.1316635412e-03,9.0343431976e-04,True
2022-05-05,1.9240350247e-03,False,6.5663073340e-04,7.8240777262e-04,1.2498879354e-03,9.8156411200e-04,True
2022-05-06,1.0662057485e-03,False,1.9240350247e-03,1.1422244748e-03,1.6549270734e-03,1.4555045679e-03,True
2022-05-07,5.0460023355e-04,False,1.0662057485e-03,1.0869421013e-03,1.5627499466e-03,1.2040012856e-03,True
2022-05-08,1.1043274467e-03,False,5.0460023355e-04,1.0354909591e-03,1.4759890245e-03,1.0147639508e-03,True
2022-05-09,4.9106857789e-03,False,1.1043274467e-03,1.0755312399e-03,1.5085760597e-03,1.2414978824e-03,True
2022-05-10,4.2919077332e-03,False,4.9106857789e-03,1.9298650994e-03,2.4382449008e-03,2.6655973390e-03,True
2022-05-11,1.1158367502e-02,False,4.2919077332e-03,1.8709947226e-03,2.2801347426e-03,2.5871501528e-03,True
2022-05-12,1.1135855975e-02,False,1.1158367502e-02,2.0019297757e-03,2.3626192155e-03,5.2812094631e-03,True
2022-05-13,3.1318937645e-03,False,1.1135855975e-02,1.8822048721e-03,2.1593810267e-03,5.7923814946e-03,True
2022-05-14,1.3227013471e-03,False,3.1318937645e-03,1.7739446469e-03,1.9858056599e-03,3.2875911513e-03,True
2022-05-15,1.4198435510e-03,False,1.3227013471e-03,1.7110508887e-03,1.8742341793e-03,2.5635662813e-03,True
2022-05-16,1.8624376170e-03,False,1.4198435510e-03,1.7065897519e-03,1.8343746285e-03,2.4940663136e-03,True
2022-05-17,1.2773738872e-03,False,1.8624376170e-03,1.7398648072e-03,1.8566696467e-03,2.3043252097e-03,True
2022-05-18,1.2837143318e-03,False,1.2773738872e-03,1.6569749898e-03,1.7398762882e-03,1.7467311681e-03,True
2022-05-19,1.3058552928e-03,False,1.2837143318e-03,1.7628121691e-03,1.8522988836e-03,1.6807736746e-03,True
2022-05-20,1.1583146256e-03,False,1.3058552928e-03,1.8342878313e-03,1.8985864865e-03,1.6908169579e-03,True
2022-05-21,4.6346765255e-04,False,1.1583146256e-03,1.8089608359e-03,1.8552041203e-03,1.6327935468e-03,True
2022-05-22,6.6202836214e-04,False,4.6346765255e-04,1.7045793821e-03,1.7217327049e-03,1.3525453696e-03,True
2022-05-23,9.4665797599e-04,False,6.6202836214e-04,1.6507716499e-03,1.6504547536e-03,1.3958718009e-03,True
2022-05-24,7.1315532359e-04,False,9.4665797599e-04,1.6472226576e-03,1.6522785825e-03,1.4785984284e-03,True
2022-05-25,7.2786367649e-04,False,7.1315532359e-04,1.5690666787e-03,1.5619196708e-03,1.3799834684e-03,True
2022-05-26,1.5990158388e-03,False,7.2786367649e-04,1.4757884056e-03,1.4662244089e-03,1.3710005771e-03,True
2022-05-27,1.2685652689e-03,False,1.5990158388e-03,1.3953190393e-03,1.3925543636e-03,1.7041089672e-03,True
2022-05-28,3.7507956726e-04,False,1.2685652689e-03,1.3350434981e-03,1.3468857848e-03,1.6132983493e-03,True
2022-05-29,2.7408418010e-04,False,3.7507956726e-04,1.2665793338e-03,1.2883040393e-03,1.2951620497e-03,True
2022-05-30,1.4057428880e-03,False,2.7408418010e-04,1.2039637605e-03,1.2336750641e-03,1.2431445125e-03,True
2022-05-31,8.9627296750e-04,False,1.4057428880e-03,1.4610613636e-03,1.5308963739e-03,1.6382096984e-03,True
2022-06-01,1.1730867926e-03,False,8.9627296750e-04,1.3736631392e-03,1.4360359520e-03,1.4114508367e-03,True
2022-06-02,9.5099091830e-04,False,1.1730867926e-03,1.5431467300e-03,1.6440460580e-03,1.4705412244e-03,True
2022-06-03,5.9888376574e-04,False,9.5099091830e-04,1.4782104822e-03,1.5606006426e-03,1.3313280317e-03,True
2022-06-04,2.4031191037e-04,False,5.9888376574e-04,1.4270716225e-03,1.5076149376e-03,1.1376761379e-03,True
2022-06-05,3.0515602942e-04,False,2.4031191037e-04,1.3432629618e-03,1.4170680487e-03,9.5232936762e-04,True
2022-06-06,7.1711079484e-04,False,3.0515602942e-04,1.2628715735e-03,1.3377808522e-03,9.4205848389e-04,True
2022-06-07,3.7063883971e-03,False,7.1711079484e-04,1.3221899349e-03,1.4105818712e-03,1.0524861202e-03,True
2022-06-08,1.5556328150e-03,False,3.7063883971e-03,1.2466305678e-03,1.3378269007e-03,2.1428691294e-03,True
2022-06-09,5.6175082688e-04,False,1.5556328150e-03,1.2259123166e-03,1.3345070901e-03,1.4825734643e-03,True
2022-06-10,1.3832106961e-03,False,5.6175082688e-04,1.1529509792e-03,1.2678292239e-03,1.1652192469e-03,True
2022-06-11,8.0200917711e-04,False,1.3832106961e-03,1.1547586802e-03,1.2935529334e-03,1.4726000255e-03,True
2022-06-12,1.9967557916e-03,False,8.0200917711e-04,1.1177692631e-03,1.2710267825e-03,1.2836263564e-03,True
2022-06-13,7.7596669291e-03,False,1.9967557916e-03,1.3225028854e-03,1.5240819025e-03,1.6213469878e-03,True
2022-06-14,8.0421694866e-03,False,7.7596669291e-03,2.9164454429e-03,3.3094857421e-03,3.7881969086e-03,True
2022-06-15,1.0206740419e-02,False,8.0421694866e-03,2.7563081502e-03,2.9901610293e-03,4.2283980738e-03,True
2022-06-16,3.3760310653e-03,False,1.0206740419e-02,2.6149429315e-03,2.7185103663e-03,5.3584993840e-03,True
2022-06-17,2.1060066623e-03,False,3.3760310653e-03,3.0777679434e-03,3.1639197355e-03,3.2374870567e-03,True
2022-06-18,7.4908784520e-03,False,2.1060066623e-03,2.8937565147e-03,2.8455357081e-03,2.8268522418e-03,True
2022-06-19,6.8138519220e-03,False,7.4908784520e-03,3.0667078715e-03,2.9670582836e-03,4.6418116824e-03,True
2022-06-20,3.3342278778e-03,False,6.8138519220e-03,3.2776077669e-03,3.0980604472e-03,4.4348836921e-03,True
2022-06-21,2.2936583336e-03,False,3.3342278778e-03,3.0809513026e-03,2.8427402419e-03,3.0652348522e-03,True
2022-06-22,2.3681821871e-03,False,2.2936583336e-03,2.8992449224e-03,2.5668152537e-03,2.6917641348e-03,True
2022-06-23,1.6456851009e-03,False,2.3681821871e-03,2.8036462025e-03,2.4230745237e-03,2.7378883353e-03,True
2022-06-24,1.2760994877e-03,False,1.6456851009e-03,2.8144374468e-03,2.3999069681e-03,2.2852067648e-03,True
2022-06-25,6.9811115712e-04,False,1.2760994877e-03,2.6477488133e-03,2.1847856740e-03,1.9585642311e-03,True
2022-06-26,7.4293753147e-04,False,6.9811115712e-04,2.4973315040e-03,2.0058774940e-03,1.6706558025e-03,True
2022-06-27,8.5499191643e-04,False,7.4293753147e-04,2.3747371224e-03,1.8790687303e-03,1.6302561296e-03,True
2022-06-28,6.8082102036e-04,False,8.5499191643e-04,2.2442594972e-03,1.7512135063e-03,1.6136574182e-03,True
2022-06-29,8.8631277196e-04,False,6.8082102036e-04,2.1399488083e-03,1.6636583614e-03,1.5189762852e-03,True
2022-06-30,2.4491111637e-03,False,8.8631277196e-04,2.0152349720e-03,1.5551988261e-03,1.5468685336e-03,True
2022-07-01,3.7062681098e-03,False,2.4491111637e-03,1.8992082854e-03,1.4634392828e-03,2.1314711403e-03,True
2022-07-02,4.7972248175e-04,False,3.7062681098e-03,1.8537238293e-03,1.4617136607e-03,2.6816110650e-03,True
2022-07-03,1.1756198155e-03,False,4.7972248175e-04,1.7426181494e-03,1.3762233073e-03,1.6043495048e-03,True
2022-07-04,9.5102555786e-04,False,1.1756198155e-03,1.6387018275e-03,1.3024678369e-03,1.8526410955e-03,True
2022-07-05,1.4581929877e-03,False,9.5102555786e-04,1.6705241370e-03,1.3806430776e-03,1.7720707347e-03,True
2022-07-06,1.4536801541e-03,False,1.4581929877e-03,1.5708373531e-03,1.3072122106e-03,1.8472768048e-03,True
2022-07-07,9.3235637701e-04,False,1.4536801541e-03,1.4984331499e-03,1.2648095440e-03,1.7055859770e-03,True
2022-07-08,2.6814609903e-03,False,9.3235637701e-04,1.5602260651e-03,1.3723950805e-03,1.4745006650e-03,True
2022-07-09,8.0878462821e-04,False,2.6814609903e-03,1.4667299162e-03,1.2993524048e-03,2.0970109209e-03,True
2022-07-10,7.7081886494e-04,False,8.0878462821e-04,1.3787272184e-03,1.2361445310e-03,1.4690226595e-03,True
2022-07-11,7.9340782578e-04,False,7.7081886494e-04,1.3668531557e-03,1.2689328132e-03,1.3741997918e-03,True
2022-07-12,8.6444914640e-04,False,7.9340782578e-04,1.4012171454e-03,1.3511145004e-03,1.3060815500e-03,True
2022-07-13,3.1986563581e-03,False,8.6444914640e-04,1.3798093319e-03,1.3484738487e-03,1.3058046244e-03,True
2022-07-14,1.2602511488e-03,False,3.1986563581e-03,1.4229546378e-03,1.4152795482e-03,2.0955677382e-03,True
2022-07-15,1.0898695188e-03,False,1.2602511488e-03,1.3556216986e-03,1.3526199728e-03,1.4705115025e-03,True
2022-07-16,9.4695730864e-04,False,1.0898695188e-03,1.2824235451e-03,1.2885017821e-03,1.4220977250e-03,True
2022-07-17,9.2230464768e-04,False,9.4695730864e-04,1.2236383821e-03,1.2442901192e-03,1.3782140625e-03,True
2022-07-18,2.4612953669e-03,False,9.2230464768e-04,1.1717187099e-03,1.2160305717e-03,1.3739078332e-03,True
2022-07-19,3.0112465521e-03,False,2.4612953669e-03,1.4447895319e-03,1.5477771979e-03,1.8630303729e-03,True
2022-07-20,2.4527589570e-03,False,3.0112465521e-03,1.4643316108e-03,1.5636658979e-03,2.1272682602e-03,True
2022-07-21,1.5756631750e-03,False,2.4527589570e-03,1.3797888982e-03,1.4664931949e-03,2.0115044706e-03,True
2022-07-22,1.3269514169e-03,False,1.5756631750e-03,1.2975658463e-03,1.3795059646e-03,1.7545732753e-03,True
2022-07-23,8.7608884612e-04,False,1.3269514169e-03,1.2446642581e-03,1.3359128342e-03,1.6790575678e-03,True
2022-07-24,1.0227062246e-03,False,8.7608884612e-04,1.1764218722e-03,1.2757117019e-03,1.4480344369e-03,True
2022-07-25,1.2598747772e-03,False,1.0227062246e-03,1.1077942535e-03,1.2165218232e-03,1.4251582798e-03,True
2022-07-26,7.0188687299e-04,False,1.2598747772e-03,1.2419969844e-03,1.4048057001e-03,1.4581850622e-03,True
2022-07-27,1.4000099458e-03,False,7.0188687299e-04,1.1678959888e-03,1.3264997394e-03,1.2406248128e-03,True
2022-07-28,1.7636825581e-03,False,1.4000099458e-03,1.4521595847e-03,1.6547217584e-03,1.4707755377e-03,True
2022-07-29,1.4638962520e-03,False,1.7636825581e-03,1.4519577686e-03,1.6335496613e-03,1.6256604820e-03,True
2022-07-30,1.0950856117e-03,False,1.4638962520e-03,1.3653468903e-03,1.5223260361e-03,1.5488004146e-03,True
2022-07-31,1.1051366946e-03,False,1.0950856117e-03,1.2852367051e-03,1.4290869799e-03,1.4087294874e-03,True
2022-08-01,6.9288596790e-04,False,1.1051366946e-03,1.2214825296e-03,1.3641124888e-03,1.4294767103e-03,True
2022-08-02,1.3288166605e-03,False,6.9288596790e-04,1.1482644939e-03,1.2910424294e-03,1.2671838975e-03,True
2022-08-03,6.2874880886e-04,False,1.3288166605e-03,1.0881768357e-03,1.2403341802e-03,1.4627982316e-03,True
2022-08-04,7.8547260590e-04,False,6.2874880886e-04,1.0261694214e-03,1.1893013109e-03,1.2003859053e-03,True
2022-08-05,7.8867831996e-04,False,7.8547260590e-04,9.6903655630e-04,1.1483352587e-03,1.2194207009e-03,True
2022-08-06,2.7518756231e-04,False,7.8867831996e-04,9.6496661003e-04,1.1627299394e-03,1.2043002526e-03,True
2022-08-07,2.4470017012e-04,False,2.7518756231e-04,9.2145554819e-04,1.1379380615e-03,1.0135459103e-03,True
2022-08-08,6.1104255881e-04,False,2.4470017012e-04,8.7163627220e-04,1.1024401507e-03,9.5628207276e-04,True
2022-08-09,4.2693575307e-04,False,6.1104255881e-04,8.6326579840e-04,1.1124555717e-03,1.0722982427e-03,True
2022-08-10,1.2096771739e-03,False,4.2693575307e-04,8.5889043089e-04,1.1342218368e-03,9.8121419823e-04,True
2022-08-11,9.1226446510e-04,False,1.2096771739e-03,8.7730901081e-04,1.1678513546e-03,1.2376521203e-03,True
2022-08-12,4.8581606355e-04,False,9.1226446510e-04,8.2471092001e-04,1.1236915757e-03,1.1515203618e-03,True
2022-08-13,4.9084131133e-04,False,4.8581606355e-04,7.9785086498e-04,1.1079222136e-03,1.0118550119e-03,True
2022-08-14,4.0780038780e-04,False,4.9084131133e-04,7.5012278569e-04,1.0720533130e-03,1.0015665951e-03,True
2022-08-15,9.8358792203e-04,False,4.0780038780e-04,7.0698737601e-04,1.0444589795e-03,9.6936621133e-04,True
2022-08-16,5.6024736572e-04,False,9.8358792203e-04,6.6910440398e-04,1.0243369157e-03,1.1484083117e-03,True
2022-08-17,7.1506652103e-04,False,5.6024736572e-04,6.3497487929e-04,1.0089833465e-03,9.9066014004e-04,True
2022-08-18,3.2756355952e-04,False,7.1506652103e-04,6.2513070295e-04,1.0228609285e-03,1.0497256714e-03,True
2022-08-19,2.1620604700e-03,False,3.2756355952e-04,5.9016542572e-04,1.0032135162e-03,9.0756181027e-04,True
2022-08-20,6.9542245467e-04,False,2.1620604700e-03,1.2438531508e-03,1.7774607803e-03,1.5767291106e-03,True
2022-08-21,6.6468770913e-04,False,6.9542245467e-04,1.1819508482e-03,1.6578406640e-03,1.0801890188e-03,True
2022-08-22,6.8511078130e-04,False,6.6468770913e-04,1.1296371983e-03,1.5614441823e-03,1.0701686608e-03,True
2022-08-23,7.1044660845e-04,False,6.8511078130e-04,1.0636058071e-03,1.4636807097e-03,1.0718693522e-03,True
2022-08-24,5.8676831092e-04,False,7.1044660845e-04,1.0019663824e-03,1.3784716713e-03,1.0944458724e-03,True
2022-08-25,3.6235403608e-04,False,5.8676831092e-04,9.4523079936e-04,1.3090766169e-03,9.8797403024e-04,True
2022-08-26,1.6995015399e-03,False,3.6235403608e-04,8.9326634626e-04,1.2473505729e-03,8.9942530220e-04,True
2022-08-27,4.7932800245e-04,False,1.6995015399e-03,1.0784344557e-03,1.4620393080e-03,1.3830807682e-03,True
2022-08-28,3.3499490213e-04,False,4.7932800245e-04,1.0198516696e-03,1.3860710975e-03,9.7391229440e-04,True
2022-08-29,5.9679331536e-04,False,3.3499490213e-04,9.9423097199e-04,1.3548977188e-03,9.1262272240e-04,True
2022-08-30,8.2142627421e-04,False,5.9679331536e-04,1.0151945727e-03,1.3678834643e-03,1.0011031396e-03,True
2022-08-31,9.0563201259e-04,False,8.2142627421e-04,9.8783381981e-04,1.3369767990e-03,1.0933451530e-03,True
2022-09-01,6.9363813190e-04,False,9.0563201259e-04,9.3714556616e-04,1.2780032257e-03,1.0947018758e-03,True
2022-09-02,6.8947110392e-04,False,6.9363813190e-04,8.8190273953e-04,1.2202797186e-03,1.0289793796e-03,True
2022-09-03,2.1366755384e-04,False,6.8947110392e-04,8.3380696958e-04,1.1767969263e-03,1.0388633809e-03,True
2022-09-04,2.3294628895e-04,False,2.1366755384e-04,7.8596065385e-04,1.1361429991e-03,8.6621014463e-04,True
2022-09-05,2.6942942662e-04,False,2.3294628895e-04,7.4309276482e-04,1.1013397337e-03,8.4757499584e-04,True
2022-09-06,1.0217337781e-03,False,2.6942942662e-04,7.0478016826e-04,1.0763871890e-03,8.3379895149e-04,True
2022-09-07,6.8330783134e-04,False,1.0217337781e-03,8.2576491735e-04,1.2316083533e-03,1.0921239126e-03,True
2022-09-08,6.0283003406e-04,False,6.8330783134e-04,8.1796304828e-04,1.2213187638e-03,9.8216972675e-04,True
2022-09-09,1.2508312297e-03,False,6.0283003406e-04,7.6900200701e-04,1.1710383325e-03,9.6935868242e-04,True
2022-09-10,7.0047052122e-04,False,1.2508312297e-03,1.3276261862e-03,1.7692438703e-03,1.2272344691e-03,True
2022-09-11,6.0808927885e-04,False,7.0047052122e-04,1.2587480260e-03,1.6515182089e-03,1.0512345366e-03,True
2022-09-12,1.1198363600e-03,False,6.0808927885e-04,1.1872703490e-03,1.5438540535e-03,1.0043656591e-03,True
2022-09-13,2.6928340917e-03,False,1.1198363600e-03,1.1557529607e-03,1.4874573970e-03,1.1917453967e-03,True
2022-09-14,1.0048279733e-03,False,2.6928340917e-03,1.7415905602e-03,2.1264255356e-03,1.8020342229e-03,True
2022-09-15,1.0355328036e-03,False,1.0048279733e-03,1.6375103541e-03,1.9487238571e-03,1.2438728305e-03,True
2022-09-16,5.7409263348e-04,False,1.0355328036e-03,1.5807294070e-03,1.8449461659e-03,1.2701644523e-03,True
2022-09-17,3.5896277281e-04,False,5.7409263348e-04,1.4874674451e-03,1.7019213729e-03,1.1195859366e-03,True
2022-09-18,6.4534418057e-04,False,3.5896277281e-04,1.4127249493e-03,1.6005498007e-03,1.0087383128e-03,True
2022-09-19,2.1573519047e-03,False,6.4534418057e-04,1.4026864398e-03,1.5831706288e-03,1.0259663074e-03,True
2022-09-20,1.1824337180e-03,False,2.1573519047e-03,1.3208349194e-03,1.4867506033e-03,1.5790390862e-03,True
2022-09-21,4.4969811882e-03,False,1.1824337180e-03,1.3128873937e-03,1.4814938307e-03,1.2711472179e-03,True
2022-09-22,1.2590947276e-03,False,4.4969811882e-03,1.2635738208e-03,1.4314435433e-03,2.5339739122e-03,True
2022-09-23,1.0849267315e-03,False,1.2590947276e-03,1.3358287481e-03,1.5032736237e-03,1.5137268573e-03,True
2022-09-24,6.1284378247e-04,False,1.0849267315e-03,1.2576800066e-03,1.4192223729e-03,1.4764842838e-03,True
2022-09-25,4.4545870943e-04,False,6.1284378247e-04,1.2046524566e-03,1.3700848988e-03,1.2628703880e-03,True
2022-09-26,8.2006243753e-04,False,4.4545870943e-04,1.1345308938e-03,1.3047437233e-03,1.1817751359e-03,True
2022-09-27,1.7474559313e-03,False,8.2006243753e-04,1.0957870955e-03,1.2732709292e-03,1.1700257316e-03,True
2022-09-28,1.6735673155e-03,False,1.7474559313e-03,1.0336558328e-03,1.2231528636e-03,1.5038382648e-03,True
2022-09-29,1.4185073788e-03,False,1.6735673155e-03,9.8967411637e-04,1.1918101808e-03,1.5075461114e-03,True
2022-09-30,1.2999475287e-03,False,1.4185073788e-03,9.3533090392e-04,1.1522686668e-03,1.4608576238e-03,True
2022-10-01,1.8874253069e-04,False,1.2999475287e-03,8.8370918314e-04,1.1200167423e-03,1.4601724093e-03,True
2022-10-02,3.3949194911e-04,False,1.8874253069e-04,8.3268113226e-04,1.0892394380e-03,1.0640808756e-03,True
2022-10-03,4.7571144826e-04,False,3.3949194911e-04,7.9325131035e-04,1.0726861695e-03,1.0566321436e-03,True
2022-10-04,5.7354229110e-04,False,4.7571144826e-04,7.9818373791e-04,1.0968226404e-03,1.0544195084e-03,True
2022-10-05,6.3180534460e-04,False,5.7354229110e-04,8.2578025176e-04,1.1409113919e-03,1.0495442208e-03,True
2022-10-06,6.5505153494e-04,False,6.3180534460e-04,7.8095200398e-04,1.1104973830e-03,1.0256448238e-03,True
2022-10-07,4.4927810908e-04,False,6.5505153494e-04,7.3991657948e-04,1.0855988438e-03,1.0475739003e-03,True
2022-10-08,1.3200010755e-04,False,4.4927810908e-04,7.2405556695e-04,1.0895700292e-03,9.7917308974e-04,True
2022-10-09,1.7968315016e-04,False,1.3200010755e-04,6.8260146682e-04,1.0467307943e-03,8.5831645013e-04,True
2022-10-10,3.6419283806e-04,False,1.7968315016e-04,6.4171587895e-04,1.0205290149e-03,8.5698765710e-04,True
2022-10-11,3.5168054286e-04,False,3.6419283806e-04,6.1843280948e-04,1.0166333610e-03,9.0434495708e-04,True
2022-10-12,1.9400145203e-04,False,3.5168054286e-04,5.8217673676e-04,9.9617586983e-04,8.7310301887e-04,True
2022-10-13,1.4611629668e-03,False,1.9400145203e-04,5.4874586170e-04,9.7813510925e-04,8.0310515222e-04,True
2022-10-14,7.5860483247e-04,False,1.4611629668e-03,5.2361712062e-04,9.6856960962e-04,1.2416178037e-03,True
2022-10-15,1.1289523637e-04,False,7.5860483247e-04,4.9854362364e-04,9.6169902844e-04,1.0295851778e-03,True
2022-10-16,2.0947365014e-04,False,1.1289523637e-04,4.7052847347e-04,9.5038497657e-04,8.0044025835e-04,True
2022-10-17,3.1235863589e-04,False,2.0947365014e-04,4.4841819838e-04,9.4311218841e-04,8.2268001058e-04,True
2022-10-18,3.2402859749e-04,False,3.1235863589e-04,4.3462534257e-04,9.4377101106e-04,8.5917492318e-04,True
2022-10-19,2.0834890234e-04,False,3.2402859749e-04,4.1640336482e-04,9.4219042883e-04,8.1539683611e-04,True
2022-10-20,3.0271930361e-04,False,2.0834890234e-04,3.9813956999e-04,9.3949515749e-04,7.4329078063e-04,True
2022-10-21,3.8697110888e-04,False,3.0271930361e-04,3.7536041904e-04,9.3029305574e-04,7.6923506783e-04,True
2022-10-22,3.5114698792e-05,False,3.8697110888e-04,3.5530405009e-04,9.2241643033e-04,7.9433604411e-04,True
2022-10-23,1.9026874696e-04,False,3.5114698792e-05,3.3424638794e-04,9.1385818560e-04,6.5760229184e-04,True
2022-10-24,2.5057982129e-04,False,1.9026874696e-04,3.3558205144e-04,9.2702112800e-04,7.0276467955e-04,True
2022-10-25,8.1176692018e-04,False,2.5057982129e-04,3.2463469387e-04,9.2936832593e-04,7.2287021910e-04,True
2022-10-26,1.0848150088e-03,False,8.1176692018e-04,3.9217995227e-04,1.0084725240e-03,9.2819548621e-04,True
2022-10-27,5.2999149473e-04,False,1.0848150088e-03,4.3743265781e-04,1.0573108637e-03,1.0481684023e-03,True
2022-10-28,4.0467443129e-04,False,5.2999149473e-04,4.4349840976e-04,1.0676057039e-03,8.8446740016e-04,True
2022-10-29,3.7382675608e-04,False,4.0467443129e-04,4.2952946276e-04,1.0501945671e-03,8.4911271958e-04,True
2022-10-30,2.2156426602e-04,False,3.7382675608e-04,4.1040158261e-04,1.0293191090e-03,8.4263227502e-04,True
2022-10-31,5.2022142020e-04,False,2.2156426602e-04,3.9041714765e-04,9.7142954614e-04,7.7084124788e-04,True
2022-11-01,1.8144783317e-04,False,5.2022142020e-04,3.6964633919e-04,9.5288345712e-04,8.4966335229e-04,True
2022-11-02,5.6685035608e-04,False,1.8144783317e-04,3.4747480565e-04,9.3293991044e-04,7.2377093012e-04,True
2022-11-03,2.2691545825e-04,False,5.6685035608e-04,3.4262633962e-04,9.3667382782e-04,8.5738273368e-04,True
2022-11-04,7.8270212028e-04,False,2.2691545825e-04,3.2253048339e-04,9.1906241114e-04,7.4060391648e-04,True
2022-11-05,2.1922530049e-04,False,7.8270212028e-04,4.2739512029e-04,1.0399720282e-03,9.3744914286e-04,True
2022-11-06,1.9747955893e-04,False,2.1922530049e-04,4.0478246455e-04,1.0100937820e-03,7.3691726667e-04,True
2022-11-07,3.5156541933e-04,False,1.9747955893e-04,4.0139035595e-04,1.0089443569e-03,7.3065809295e-04,True
2022-11-08,7.3872432154e-03,False,3.5156541933e-04,3.9108866449e-04,9.9922708349e-04,7.7368317539e-04,True
2022-11-09,8.1655652229e-03,False,7.3872432154e-03,1.0233393982e-03,1.7440453741e-03,3.4062597380e-03,True
2022-11-10,9.0957176753e-03,False,8.1655652229e-03,2.3585546726e-03,3.2447024767e-03,4.0176734309e-03,True
2022-11-11,3.7203079540e-03,False,9.0957176753e-03,2.8195828992e-03,3.5803787167e-03,4.7449170874e-03,True
2022-11-12,5.3163800896e-04,False,3.7203079540e-03,2.7066760108e-03,3.2594073109e-03,3.1338140848e-03,True
2022-11-13,8.3621353954e-04,False,5.3163800896e-04,2.5582164325e-03,2.9325808196e-03,2.0837763354e-03,True
2022-11-14,3.4899769595e-03,False,8.3621353954e-04,2.4555423633e-03,2.6964364845e-03,1.9432699434e-03,True
2022-11-15,9.8741880536e-04,False,3.4899769595e-03,2.3267523122e-03,2.4492728441e-03,2.6752205539e-03,True
2022-11-16,5.9150265386e-04,False,9.8741880536e-04,2.2040272883e-03,2.2351664223e-03,1.5547589744e-03,True
2022-11-17,3.8977445908e-04,False,5.9150265386e-04,2.0838347873e-03,2.0504104974e-03,1.3058586130e-03,True
2022-11-18,3.3098507179e-04,False,3.8977445908e-04,1.9589962640e-03,1.8756063989e-03,1.2276594297e-03,True
2022-11-19,1.0625349569e-04,False,3.3098507179e-04,1.8414698866e-03,1.7254445070e-03,1.1872792360e-03,True
2022-11-20,3.4877318770e-04,False,1.0625349569e-04,1.7309817048e-03,1.5965094952e-03,9.8449120844e-04,True
2022-11-21,1.2470767698e-03,False,3.4877318770e-04,1.6661315265e-03,1.5345895845e-03,1.0400245457e-03,True
2022-11-22,6.5732139258e-04,False,1.2470767698e-03,1.6242949028e-03,1.4677792090e-03,1.3692753175e-03,True
2022-11-23,6.0894721847e-04,False,6.5732139258e-04,1.5733670824e-03,1.4229482906e-03,1.1854034348e-03,True
2022-11-24,3.1396951563e-04,False,6.0894721847e-04,1.5104769497e-03,1.3669659711e-03,1.1829463296e-03,True
2022-11-25,2.1676285217e-04,False,3.1396951563e-04,1.4198521003e-03,1.2835637101e-03,1.0906498609e-03,True
2022-11-26,1.4401599972e-04,False,2.1676285217e-04,1.3359517152e-03,1.2154595875e-03,1.0529581633e-03,True
2022-11-27,1.2512305758e-04,False,1.4401599972e-04,1.2566862671e-03,1.1573697567e-03,9.8185985713e-04,True
2022-11-28,4.3816133651e-04,False,1.2512305758e-04,1.1814820133e-03,1.1071699902e-03,9.5432194409e-04,True
2022-11-29,2.3521600794e-04,False,4.3816133651e-04,1.1210900446e-03,1.0794735497e-03,1.0527369935e-03,True
2022-11-30,7.9573774234e-04,False,2.3521600794e-04,1.0656914496e-03,1.0537368224e-03,9.8121510121e-04,True
2022-12-01,2.5173954916e-04,False,7.9573774234e-04,1.1122874461e-03,1.1518044340e-03,1.1319607180e-03,True
2022-12-02,2.3586354066e-04,False,2.5173954916e-04,1.0526943888e-03,1.1125750369e-03,8.8944321255e-04,True
2022-12-03,8.3875766454e-05,False,2.3586354066e-04,9.9228475615e-04,1.0712974116e-03,8.1335471466e-04,True
2022-12-04,1.7409662285e-04,False,8.3875766454e-05,9.4170196949e-04,1.0471102853e-03,7.1886118860e-04,True
2022-12-05,2.9063722745e-04,False,1.7409662285e-04,8.9529970974e-04,1.0243673283e-03,7.4285629887e-04,True
2022-12-06,1.4841169206e-04,False,2.9063722745e-04,8.4559624601e-04,1.0006898175e-03,7.5743774310e-04,True
2022-12-07,1.8816924773e-04,False,1.4841169206e-04,7.9797145042e-04,9.7726896886e-04,6.7802729505e-04,True
2022-12-08,2.0632056028e-04,False,1.8816924773e-04,7.6336941686e-04,9.7359760131e-04,6.8217488799e-04,True
2022-12-09,1.1276960381e-04,False,2.0632056028e-04,7.4862674039e-04,9.8723123090e-04,6.8905176265e-04,True
2022-12-10,4.1412929670e-05,False,1.1276960381e-04,7.0556550029e-04,9.6624543818e-04,6.5305606245e-04,True
2022-12-11,6.8868588502e-05,False,4.1412929670e-05,6.6323180443e-04,9.4537784489e-04,6.1721041718e-04,True
2022-12-12,1.3282139630e-04,False,6.8868588502e-05,6.2380720678e-04,9.2859494033e-04,6.2246264192e-04,True
2022-12-13,7.1909378577e-04,False,1.3282139630e-04,5.8955598834e-04,9.1650265653e-04,6.3919635751e-04,True
2022-12-14,6.3187042513e-04,False,7.1909378577e-04,6.1676206783e-04,9.5229660731e-04,8.4725287410e-04,True
2022-12-15,2.6817125161e-04,False,6.3187042513e-04,5.7990981131e-04,9.2827027839e-04,8.3748459879e-04,True
2022-12-16,5.5439886253e-04,False,2.6817125161e-04,5.8387833480e-04,9.6506343247e-04,7.2265351089e-04,True
2022-12-17,1.6428633361e-04,False,5.5439886253e-04,6.5784419817e-04,1.0937672296e-03,8.3703950502e-04,True
2022-12-18,1.0129074912e-04,False,1.6428633361e-04,6.2285721425e-04,1.0513739871e-03,7.0854453282e-04,True
2022-12-19,3.1408112388e-04,False,1.0129074912e-04,5.8579937303e-04,1.0121685731e-03,6.6375220942e-04,True
2022-12-20,3.6551077382e-04,False,3.1408112388e-04,5.7018844858e-04,1.0080759439e-03,7.2330079402e-04,True
2022-12-21,1.3166484574e-04,False,3.6551077382e-04,5.8102801818e-04,1.0310459947e-03,7.4294796761e-04,True
2022-12-22,1.9817147232e-04,False,1.3166484574e-04,5.4722705870e-04,9.9648921623e-04,6.4860430142e-04,True
2022-12-23,1.0519215825e-04,False,1.9817147232e-04,5.1439566070e-04,9.6540215742e-04,6.6630452965e-04,True
2022-12-24,2.6397384928e-05,False,1.0519215825e-04,4.8392371412e-04,9.4030622489e-04,6.3402263411e-04,True
2022-12-25,6.8069022282e-05,False,2.6397384928e-05,4.5559347485e-04,9.1864726647e-04,5.9493196098e-04,True
2022-12-26,3.9949923671e-05,False,6.8069022282e-05,4.2826127091e-04,9.0020631628e-04,5.9691269204e-04,True
2022-12-27,9.9707859919e-05,False,3.9949923671e-05,4.0417052613e-04,8.8596291812e-04,5.8253853464e-04,True
2022-12-28,1.6425367296e-04,False,9.9707859919e-05,3.8955326967e-04,8.8803275780e-04,5.9647107444e-04,True
2022-12-29,6.9422065693e-05,False,1.6425367296e-04,3.7167049954e-04,8.8362302986e-04,6.1968201174e-04,True
2022-12-30,1.2873803334e-04,False,6.9422065693e-05,3.5098854109e-04,8.7208588361e-04,5.8848440704e-04,True
2022-12-31,3.8695125245e-05,False,1.2873803334e-04,3.3007594451e-04,8.6163180173e-04,6.0920921164e-04,True
2023-01-01,2.9379223407e-05,False,3.8695125245e-05,3.1119639165e-04,8.5434425491e-04,5.7829403319e-04,True
2023-01-02,8.9982953643e-05,False,2.9379223407e-05,2.9373122078e-04,8.4712982474e-04,5.7196091771e-04,True
2023-01-03,6.7200086395e-05,False,8.9982953643e-05,2.7678941873e-04,8.4057544115e-04,5.8888215123e-04,True
2023-01-04,1.3152638034e-04,False,6.7200086395e-05,2.6018320519e-04,8.3473845312e-04,5.8022527055e-04,True
2023-01-05,4.9474909885e-05,False,1.3152638034e-04,2.5112515946e-04,7.9010539934e-04,5.9608454615e-04,True
2023-01-06,1.2800822227e-04,False,4.9474909885e-05,2.3613013069e-04,7.8481829893e-04,5.6391844579e-04,True
2023-01-07,1.6484137405e-05,False,1.2800822227e-04,2.2493032446e-04,7.8304308654e-04,5.9187912137e-04,True
2023-01-08,5.7096589603e-05,False,1.6484137405e-05,2.1144497692e-04,7.7867877726e-04,5.4718001284e-04,True
2023-01-09,1.5471839675e-04,False,5.7096589603e-05,2.0577770891e-04,7.8297825535e-04,5.5878849614e-04,True
2023-01-10,1.1610809875e-04,False,1.5471839675e-04,1.9394966411e-04,7.7874540765e-04,5.9190508437e-04,True
2023-01-11,5.2713334504e-04,False,1.1610809875e-04,1.9610154886e-04,7.9189281949e-04,5.7949848404e-04,True
2023-01-12,1.8411218125e-03,False,5.2713334504e-04,2.3276414818e-04,8.4987101911e-04,7.3131688220e-04,True
2023-01-13,7.2131745850e-04,False,1.8411218125e-03,3.6355904881e-04,1.0319810787e-03,1.2486905517e-03,True
2023-01-14,2.5347358242e-03,False,7.2131745850e-04,5.2918747819e-04,1.2444187560e-03,9.0826960627e-04,True
2023-01-15,6.6136198126e-04,False,2.5347358242e-03,6.4831848910e-04,1.3717456217e-03,1.6176674317e-03,True
2023-01-16,1.1711200838e-03,False,6.6136198126e-04,6.1037404558e-04,1.2748955069e-03,1.0249775850e-03,True
2023-01-17,6.6835265500e-04,False,1.1711200838e-03,5.8714287528e-04,1.2078977405e-03,1.2267337798e-03,True
2023-01-18,1.1976959457e-03,False,6.6835265500e-04,5.5226065818e-04,1.1361901049e-03,1.0219446402e-03,True
2023-01-19,2.4663130579e-04,False,1.1976959457e-03,5.4784053023e-04,1.1198734582e-03,1.2238548831e-03,True
2023-01-20,8.5412894707e-04,False,2.4663130579e-04,5.3635959632e-04,1.0884327189e-03,8.2454224327e-04,True
2023-01-21,1.3992517765e-03,False,8.5412894707e-04,8.2386282701e-04,1.4770218731e-03,1.0387880797e-03,True
2023-01-22,6.5486592155e-04,False,1.3992517765e-03,7.7600355125e-04,1.3625233221e-03,1.2382238494e-03,True
2023-01-23,8.9246339050e-04,False,6.5486592155e-04,7.3010738749e-04,1.2666205931e-03,9.9716532804e-04,True
2023-01-24,5.4061002279e-04,False,8.9246339050e-04,6.9131660292e-04,1.1900660183e-03,1.0713930502e-03,True
2023-01-25,1.0458814228e-03,False,5.4061002279e-04,6.5913900460e-04,1.1357721845e-03,9.6988353640e-04,True
2023-01-26,3.8467928792e-04,False,1.0458814228e-03,6.4065319399e-04,1.1013406064e-03,1.1520869283e-03,True
2023-01-27,5.6812270864e-04,False,3.8467928792e-04,6.0251146296e-04,1.0354970321e-03,8.9776368881e-04,True
2023-01-28,1.0432044259e-04,False,5.6812270864e-04,5.6683106885e-04,9.8852747893e-04,9.5920621028e-04,True
2023-01-29,5.3916430667e-04,False,1.0432044259e-04,5.3312146413e-04,9.4993713688e-04,7.7598401792e-04,True
2023-01-30,5.5090084633e-04,False,5.3916430667e-04,5.5798579144e-04,9.9169459135e-04,9.2360513315e-04,True
2023-01-31,3.6181308467e-04,False,5.5090084633e-04,6.1741888265e-04,1.0942815657e-03,9.1292302996e-04,True
2023-02-01,5.3856347995e-04,False,3.6181308467e-04,5.9053419043e-04,1.0496163463e-03,8.5111250920e-04,True
2023-02-02,7.8826794829e-04,False,5.3856347995e-04,5.9545104547e-04,1.0527324853e-03,9.1168491785e-04,True
2023-02-03,3.7196377233e-04,False,7.8826794829e-04,5.6611720639e-04,1.0144504669e-03,1.0217784944e-03,True
2023-02-04,1.2516612339e-04,False,3.7196377233e-04,5.3250485600e-04,9.7183768360e-04,8.6516151878e-04,True
2023-02-05,2.0678348459e-04,False,1.2516612339e-04,5.0176617199e-04,9.3772859258e-04,7.6217655192e-04,True
2023-02-06,3.3414926837e-04,False,2.0678348459e-04,4.8906479127e-04,9.3518515395e-04,7.6279545451e-04,True
2023-02-07,4.6739334873e-04,False,3.3414926837e-04,4.6305791708e-04,9.1065470449e-04,7.9397716594e-04,True
2023-02-08,2.7347146380e-04,False,4.6739334873e-04,4.6118145380e-04,9.1631438657e-04,8.1956193530e-04,True
2023-02-09,6.5904238615e-04,False,2.7347146380e-04,4.4216569364e-04,9.0347302791e-04,7.4810077058e-04,True
2023-02-10,2.7713188627e-04,False,6.5904238615e-04,5.7876116696e-04,1.1241787065e-03,8.9051060074e-04,True
2023-02-11,1.1233048717e-04,False,2.7713188627e-04,5.4776464693e-04,1.0700962000e-03,7.6701679865e-04,True
2023-02-12,1.6388937064e-04,False,1.1233048717e-04,5.2204868934e-04,1.0254233198e-03,6.9744481768e-04,True
2023-02-13,3.9912322742e-04,False,1.6388937064e-04,4.9151224425e-04,9.8194218805e-04,6.9196165601e-04,True
2023-02-14,5.6639316496e-04,False,3.9912322742e-04,4.6203309494e-04,9.4359025868e-04,7.7177910732e-04,True
2023-02-15,9.4875294448e-04,False,5.6639316496e-04,4.5682260243e-04,9.3940414030e-04,8.2046788319e-04,True
2023-02-16,1.5234985638e-03,False,9.4875294448e-04,9.3043689653e-04,1.6095031977e-03,9.7534885112e-04,True
2023-02-17,1.4972411024e-03,False,1.5234985638e-03,9.4279816497e-04,1.5764506831e-03,1.2223310587e-03,True
2023-02-18,2.5992956097e-04,False,1.4972411024e-03,1.0011831774e-03,1.5939624709e-03,1.2734908409e-03,True
2023-02-19,5.3269114119e-04,False,2.5992956097e-04,9.4149303390e-04,1.4578865105e-03,8.5684474505e-04,True
2023-02-20,8.0197570989e-04,False,5.3269114119e-04,8.9802332151e-04,1.3654813989e-03,9.4895318369e-04,True
2023-02-21,7.0624224061e-04,False,8.0197570989e-04,8.7652069167e-04,1.3070084832e-03,1.0343988500e-03,True
2023-02-22,7.8713901726e-04,False,7.0624224061e-04,8.3895578976e-04,1.2417604144e-03,9.7329661459e-04,True
2023-02-23,7.9588195161e-04,False,7.8713901726e-04,7.9601279634e-04,1.1749055958e-03,9.7690061954e-04,True
2023-02-24,8.3263138729e-04,False,7.9588195161e-04,7.5432205315e-04,1.1165682038e-03,1.0019562656e-03,True
2023-02-25,2.3934532275e-04,False,8.3263138729e-04,7.7066038025e-04,1.1520532848e-03,1.0255690272e-03,True
2023-02-26,3.0321775843e-04,False,2.3934532275e-04,7.2450975314e-04,1.0867962228e-03,8.0711857836e-04,True
2023-02-27,5.2045690412e-04,False,3.0321775843e-04,6.9844371349e-04,1.0526497308e-03,8.1423441497e-04,True
2023-02-28,4.0212287659e-04,False,5.2045690412e-04,6.5696417622e-04,1.0040384392e-03,8.7837348612e-04,True
2023-03-01,6.5459270126e-04,False,4.0212287659e-04,6.3110615430e-04,9.8477404425e-04,8.2482939960e-04,True
2023-03-02,2.9022666820e-04,False,6.5459270126e-04,6.1930545952e-04,9.7843680759e-04,9.0290714543e-04,True
2023-03-03,8.9124569344e-04,False,2.9022666820e-04,5.8504521115e-04,9.4615211885e-04,7.8434574941e-04,True
2023-03-04,8.4214358307e-05,False,8.9124569344e-04,6.9109554590e-04,1.1265113498e-03,1.0066644325e-03,True
2023-03-05,3.5813186903e-04,False,8.4214358307e-05,6.4963706452e-04,1.0650103421e-03,7.2184137135e-04,True
2023-03-06,1.6218304076e-04,False,3.5813186903e-04,6.1149684349e-04,1.0135788531e-03,8.1237375748e-04,True
2023-03-07,4.5080019581e-04,False,1.6218304076e-04,5.7485593148e-04,9.7025269791e-04,7.2879882933e-04,True
2023-03-08,3.9044272436e-04,False,4.5080019581e-04,5.4578743880e-04,9.4346537241e-04,8.3023009516e-04,True
2023-03-09,1.0812239311e-03,False,3.9044272436e-04,5.4324660251e-04,9.5937434790e-04,7.8969036177e-04,True
2023-03-10,1.4238335645e-03,False,1.0812239311e-03,7.5550408141e-04,1.2897151403e-03,1.0562313339e-03,True
2023-03-11,1.0173456550e-03,False,1.4238335645e-03,7.1671682560e-04,1.2138527202e-03,1.2085727043e-03,True
2023-03-12,1.6059981617e-03,False,1.0173456550e-03,6.8725796625e-04,1.1438312162e-03,1.1022689024e-03,True
2023-03-13,3.1851470572e-03,False,1.6059981617e-03,9.6268677087e-04,1.5116412254e-03,1.3517609954e-03,True
2023-03-14,4.2789654172e-03,False,3.1851470572e-03,1.4112204697e-03,2.0852453101e-03,2.0017283903e-03,True
2023-03-15,2.0139509019e-03,False,4.2789654172e-03,1.3578294458e-03,1.9121016238e-03,2.5146826306e-03,True
2023-03-16,1.2742425183e-03,False,2.0139509019e-03,1.2911839481e-03,1.7505620137e-03,1.8002719699e-03,True
2023-03-17,2.1543386935e-03,False,1.2742425183e-03,1.2639676993e-03,1.6556689398e-03,1.5695893297e-03,True
2023-03-18,1.3313891440e-03,False,2.1543386935e-03,1.6908845639e-03,2.2016692345e-03,1.8928243358e-03,True
2023-03-19,9.6055216518e-04,False,1.3313891440e-03,1.6087864229e-03,2.0013736780e-03,1.5556553178e-03,True
2023-03-20,1.3518982282e-03,False,9.6055216518e-04,1.6027273536e-03,1.9217756916e-03,1.3147725829e-03,True
2023-03-21,8.0133975026e-04,False,1.3518982282e-03,1.5116297637e-03,1.7436692309e-03,1.4282144633e-03,True
2023-03-22,1.8962928933e-03,False,8.0133975026e-04,1.4325544796e-03,1.5983181822e-03,1.2308992914e-03,True
2023-03-23,1.1975967672e-03,False,1.8962928933e-03,1.4037975281e-03,1.5489124169e-03,1.5958586769e-03,True
2023-03-24,7.2760197973e-04,True,1.1975967672e-03,1.4044425863e-03,1.5328916773e-03,1.3647948618e-03,False
2023-03-25,3.3577651259e-04,False,7.7040209618e-04,1.3747919535e-03,1.4900081710e-03,1.2208891494e-03,True
2023-03-26,4.1348659942e-04,False,3.3577651259e-04,1.2923101587e-03,1.3708740151e-03,1.0340840260e-03,True
2023-03-27,8.6759744207e-04,False,4.1348659942e-04,1.2347005073e-03,1.2950824265e-03,1.0476719333e-03,True
2023-03-28,6.8050638176e-04,False,8.6759744207e-04,1.2168378804e-03,1.2919844584e-03,1.1632938128e-03,True
2023-03-29,7.3416535241e-04,False,6.8050638176e-04,1.1453319206e-03,1.2052170504e-03,1.0863792720e-03,True
2023-03-30,9.8590825548e-04,False,7.3416535241e-04,1.1684249357e-03,1.2527963308e-03,1.1049618191e-03,True
2023-03-31,6.7424221320e-04,False,9.8590825548e-04,1.1060552280e-03,1.1841957880e-03,1.2174854904e-03,True
2023-04-01,2.2355527149e-04,False,6.7424221320e-04,1.0540418683e-03,1.1304647538e-03,1.1205562757e-03,True
2023-04-02,2.0629191980e-04,False,2.2355527149e-04,9.9081117345e-04,1.0680887556e-03,9.3673695463e-04,True
2023-04-03,8.7855583927e-04,False,2.0629191980e-04,9.3726706730e-04,1.0206419700e-03,9.0575701292e-04,True
2023-04-04,4.5158052777e-04,False,8.7855583927e-04,8.9162520688e-04,9.9316575356e-04,1.1266969675e-03,True
2023-04-05,5.8001073408e-04,False,4.5158052777e-04,8.4836266849e-04,9.6355601754e-04,9.4161940650e-04,True
2023-04-06,2.5512048123e-04,False,5.8001073408e-04,7.9746246707e-04,9.2694439118e-04,9.4815606765e-04,True
2023-04-07,1.5267791406e-04,False,2.5512048123e-04,7.5102391555e-04,8.9941853047e-04,8.2641234389e-04,True
2023-04-08,6.7225815743e-05,False,1.5267791406e-04,7.0720905367e-04,8.7603418011e-04,7.8040331917e-04,True
2023-04-09,1.9331468211e-04,False,6.7225815743e-05,6.6485556072e-04,8.5343138728e-04,7.0313091785e-04,True
2023-04-10,5.6907650112e-04,False,1.9331468211e-04,6.3622506420e-04,8.4770227801e-04,7.2479461232e-04,True
2023-04-11,5.5041608160e-04,False,5.6907650112e-04,7.2136198665e-04,9.9705038133e-04,8.4488254379e-04,True
2023-04-12,5.1626638532e-04,False,5.5041608160e-04,6.9933357023e-04,9.8136396371e-04,8.4263646212e-04,True
2023-04-13,2.4927353005e-04,False,5.1626638532e-04,6.6385869824e-04,9.5364289096e-04,8.4230477214e-04,True
2023-04-14,5.7424870702e-04,False,2.4927353005e-04,6.3962290431e-04,9.3743073237e-04,7.4628379589e-04,True
2023-04-15,9.9018756326e-05,False,5.7424870702e-04,6.0180739065e-04,9.0517656932e-04,8.6229743549e-04,True
2023-04-16,1.4085589211e-04,False,9.9018756326e-05,5.6761848947e-04,8.8208462301e-04,6.8138044674e-04,True
2023-04-17,4.0407718389e-04,False,1.4085589211e-04,5.3356735301e-04,8.5859128294e-04,6.7767991122e-04,True
2023-04-18,3.7273198378e-04,False,4.0407718389e-04,5.5298338477e-04,9.1976463065e-04,7.6004009257e-04,True
2023-04-19,7.1925669827e-04,False,3.7273198378e-04,5.8033039126e-04,9.7015431610e-04,7.4972340781e-04,True
2023-04-20,5.7786746397e-04,False,7.1925669827e-04,7.1731066443e-04,1.1922910855e-03,8.6985184931e-04,True
2023-04-21,5.9029917325e-04,False,5.7786746397e-04,6.9686767405e-04,1.1558090624e-03,8.3959255086e-04,True
2023-04-22,1.9746565726e-04,False,5.9029917325e-04,7.3000772910e-04,1.2042975485e-03,8.5694620035e-04,True
2023-04-23,4.2066025452e-04,False,1.9746565726e-04,7.1048973016e-04,1.1592328653e-03,7.1485970385e-04,True
2023-04-24,5.5704000378e-04,False,4.2066025452e-04,6.7186216053e-04,1.0987189944e-03,7.9180525424e-04,True
2023-04-25,4.4035991397e-04,False,5.5704000378e-04,6.3205216563e-04,1.0296162185e-03,8.3359134465e-04,True
2023-04-26,2.7282539889e-03,False,4.4035991397e-04,6.4220396603e-04,1.0436104584e-03,7.8578383809e-04,True
2023-04-27,2.0061299793e-03,False,2.7282539889e-03,6.0464989051e-04,9.9147066396e-04,1.6425622952e-03,True
2023-04-28,5.1292974764e-04,False,2.0061299793e-03,6.4847858699e-04,1.0570216408e-03,1.4849195587e-03,True
2023-04-29,9.9920191894e-05,False,5.1292974764e-04,6.1137171715e-04,1.0061416619e-03,9.9706160377e-04,True
2023-04-30,5.4445458062e-04,False,9.9920191894e-05,5.7515171125e-04,9.6091045382e-04,8.4239888940e-04,True
2023-05-01,9.1161128973e-04,False,5.4445458062e-04,5.4064314346e-04,9.2166838316e-04,9.9696141304e-04,True
2023-05-02,5.3327193778e-04,False,9.1161128973e-04,6.0742792531e-04,1.0447767332e-03,1.0561632898e-03,True
2023-05-03,6.0454114300e-04,False,5.3327193778e-04,5.9796645097e-04,1.0268325717e-03,8.7530478179e-04,True
2023-05-04,4.0072098893e-04,False,6.0454114300e-04,5.7124143766e-04,9.8754388490e-04,9.0254894849e-04,True
2023-05-05,5.7511048808e-04,False,4.0072098893e-04,5.3950037779e-04,9.4925656803e-04,8.4519613312e-04,True
2023-05-06,4.5976560369e-04,False,5.7511048808e-04,5.3854250298e-04,9.5295999616e-04,9.0656643434e-04,True
2023-05-07,2.9611439068e-04,False,4.5976560369e-04,5.3669361908e-04,9.6525657423e-04,8.5021168676e-04,True
2023-05-08,9.0347649887e-04,False,2.9611439068e-04,5.1728012374e-04,9.4761407245e-04,7.8861419760e-04,True
2023-05-09,3.3250682918e-04,False,9.0347649887e-04,5.3044910065e-04,9.8213997087e-04,1.0070784661e-03,True
2023-05-10,1.6255781320e-03,False,3.3250682918e-04,4.9875102294e-04,9.4000601933e-04,8.1494474426e-04,True
2023-05-11,5.0545272369e-04,False,1.6255781320e-03,4.6889453261e-04,9.0452828597e-04,1.2927253605e-03,True
2023-05-12,7.4675369880e-04,False,5.0545272369e-04,4.7276779809e-04,9.2709431094e-04,9.2232124060e-04,True
2023-05-13,2.5356490549e-04,False,7.4675369880e-04,4.4690430213e-04,8.9856227180e-04,1.0202451928e-03,True
2023-05-14,1.7346383741e-04,False,2.5356490549e-04,4.2012259898e-04,8.6967953424e-04,8.2959607208e-04,True
2023-05-15,3.5680064367e-04,False,1.7346383741e-04,3.9660192608e-04,8.4651715967e-04,7.9652023279e-04,True
2023-05-16,3.0403038888e-04,False,3.5680064367e-04,3.7771236272e-04,8.3099417383e-04,8.0852238364e-04,True
2023-05-17,3.4462893174e-04,False,3.0403038888e-04,3.5639465114e-04,7.9456277351e-04,7.8097048390e-04,True
2023-05-18,4.9384786617e-04,False,3.4462893174e-04,3.4620395830e-04,7.9218671428e-04,7.7812077051e-04,True
2023-05-19,3.2073754505e-04,False,4.9384786617e-04,3.5330139133e-04,8.2337848231e-04,8.1662294478e-04,True
2023-05-20,6.8748219372e-05,False,3.2073754505e-04,3.3239280724e-04,8.0258723075e-04,7.4988063251e-04,True
2023-05-21,1.8792951992e-04,False,6.8748219372e-05,3.1651440150e-04,7.8944082530e-04,6.5147231098e-04,True
2023-05-22,2.2940931975e-04,False,1.8792951992e-04,3.0793349418e-04,7.9287928756e-04,6.8687080423e-04,True
2023-05-23,1.9958460107e-04,False,2.2940931975e-04,2.9031803631e-04,7.7749748824e-04,6.9312228497e-04,True
2023-05-24,4.1597612393e-04,False,1.9958460107e-04,2.8415877088e-04,7.7796320361e-04,6.6558990437e-04,True
2023-05-25,3.3179549373e-04,False,4.1597612393e-04,3.3350803286e-04,8.7211045996e-04,7.3937989097e-04,True
2023-05-26,2.1201665440e-04,False,3.3179549373e-04,3.1530188375e-04,8.4498820024e-04,7.1876847096e-04,True
2023-05-27,7.2085762013e-05,False,2.1201665440e-04,3.0095662510e-04,8.2565680766e-04,6.7808415869e-04,True
2023-05-28,3.9088601977e-04,False,7.2085762013e-05,2.8474044192e-04,8.0606461660e-04,6.2108329007e-04,True
2023-05-29,3.0479986151e-04,False,3.9088601977e-04,3.8433619295e-04,9.5355238866e-04,7.3273179318e-04,True
2023-05-30,3.0461337839e-04,False,3.0479986151e-04,3.6959875912e-04,9.2707847899e-04,6.9987456212e-04,True
2023-05-31,3.1359330818e-04,False,3.0461337839e-04,3.4756062040e-04,8.9019783310e-04,6.9321269496e-04,True
2023-06-01,3.9193210688e-04,False,3.1359330818e-04,3.4536194473e-04,8.9082697623e-04,6.9953091380e-04,True
2023-06-02,2.7731979873e-04,False,3.9193210688e-04,3.3730176711e-04,8.8162314036e-04,7.2631919475e-04,True
2023-06-03,8.6638581849e-05,False,2.7731979873e-04,3.3187353567e-04,8.7018483019e-04,6.8184099845e-04,True
2023-06-04,1.4898035726e-04,False,8.6638581849e-05,3.1440665658e-04,8.4706563892e-04,6.0438690511e-04,True
2023-06-05,9.6598170256e-04,False,1.4898035726e-04,2.9571515490e-04,8.2239576660e-04,6.1781581403e-04,True
2023-06-06,8.5718118546e-04,False,9.6598170256e-04,4.4339234696e-04,1.0627900994e-03,9.1934389208e-04,True
2023-06-07,8.3217527355e-04,False,8.5718118546e-04,6.0991754672e-04,1.2810178152e-03,9.0528544647e-04,True
2023-06-08,3.2369922732e-04,False,8.3217527355e-04,6.3969058456e-04,1.2871842113e-03,9.2249828988e-04,True
2023-06-09,2.5788341999e-04,False,3.2369922732e-04,6.0348981931e-04,1.1912513109e-03,7.6290202026e-04,True
2023-06-10,1.0177400831e-03,False,2.5788341999e-04,5.6731742768e-04,1.1089568495e-03,7.4278745469e-04,True
2023-06-11,2.6718381538e-04,False,1.0177400831e-03,5.6881435225e-04,1.0995447554e-03,1.0019513424e-03,True
2023-06-12,3.0067697460e-04,False,2.6718381538e-04,5.3532254657e-04,1.0319406409e-03,7.3316932572e-04,True
2023-06-13,3.3578901796e-04,False,3.0067697460e-04,5.0324022704e-04,9.7516904921e-04,7.2489486792e-04,True
2023-06-14,7.2780537515e-04,False,3.3578901796e-04,4.7312123262e-04,9.2711751127e-04,7.3758085351e-04,True
2023-06-15,3.9697786840e-04,False,7.2780537515e-04,5.0448782958e-04,9.8555135220e-04,8.8933101555e-04,True
2023-06-16,4.7215321627e-04,False,3.9697786840e-04,4.9481293365e-04,9.6328410474e-04,7.5622730912e-04,True
2023-06-17,2.8799585663e-04,False,4.7215321627e-04,5.1470113615e-04,9.8662281791e-04,7.8978006512e-04,True
2023-06-18,1.6614906524e-04,False,2.8799585663e-04,4.8635965271e-04,9.3928407014e-04,7.2880144112e-04,True
2023-06-19,4.0067539691e-04,False,1.6614906524e-04,4.5986994799e-04,9.0276602429e-04,6.8260166201e-04,True
2023-06-20,7.6313443562e-04,False,4.0067539691e-04,4.5386442724e-04,8.9518013858e-04,7.4759551959e-04,True
2023-06-21,1.2986686257e-03,False,7.6313443562e-04,5.9573733417e-04,1.1068522177e-03,8.8510034827e-04,True
2023-06-22,6.6884192566e-04,False,1.2986686257e-03,7.6078764856e-04,1.3320373478e-03,1.1020989231e-03,True
2023-06-23,8.7606969494e-04,False,6.6884192566e-04,7.1593522976e-04,1.2289975575e-03,9.1132207982e-04,True
2023-06-24,2.6955630334e-04,False,8.7606969494e-04,7.1522226152e-04,1.1990442557e-03,1.0107003967e-03,True
2023-06-25,2.7519318174e-04,False,2.6955630334e-04,6.7397047676e-04,1.1190068817e-03,8.0494430191e-04,True
2023-06-26,5.1965356957e-04,False,2.7519318174e-04,6.3380291859e-04,1.0489488355e-03,7.8973870125e-04,True
2023-06-27,4.4241399001e-04,False,5.1965356957e-04,5.9824076246e-04,9.9445063042e-04,8.4424295605e-04,True
2023-06-28,4.1578659487e-04,False,4.4241399001e-04,5.7398174330e-04,9.5809116049e-04,8.0530040946e-04,True
2023-06-29,3.3802669815e-04,False,4.1578659487e-04,5.6412710043e-04,9.5515315999e-04,7.7500457414e-04,True
2023-06-30,1.7319012248e-03,False,3.3802669815e-04,5.3924395519e-04,9.1306272676e-04,7.4720671350e-04,True
2023-07-01,8.3731500594e-05,False,1.7319012248e-03,5.0692874032e-04,8.7378802071e-04,1.2753879057e-03,True
2023-07-02,2.7698240933e-04,False,8.3731500594e-05,4.7734818799e-04,8.4124192669e-04,7.1250693289e-04,True
2023-07-03,2.5063445172e-04,False,2.7698240933e-04,4.4876938721e-04,8.1332861942e-04,7.6318497492e-04,True
2023-07-04,1.7566290374e-04,False,2.5063445172e-04,4.4012776730e-04,8.1357728930e-04,7.4775853638e-04,True
2023-07-05,1.9112033311e-04,False,1.7566290374e-04,4.2322530263e-04,8.0766579585e-04,7.1537808061e-04,True
2023-07-06,6.6636942149e-04,False,1.9112033311e-04,4.0221012459e-04,7.9392776040e-04,6.6085321779e-04,True
2023-07-07,3.0850059222e-04,False,6.6636942149e-04,4.0250843467e-04,8.1563522495e-04,8.3912629100e-04,True
2023-07-08,7.5887707135e-05,False,3.0850059222e-04,3.9170759411e-04,8.0862990930e-04,7.2099459937e-04,True
2023-07-09,8.0318880105e-05,False,7.5887707135e-05,3.6844073085e-04,7.8686684167e-04,6.3363115971e-04,True
2023-07-10,3.4568612879e-04,False,8.0318880105e-05,3.4734300465e-04,7.7023518667e-04,6.2924858466e-04,True
2023-07-11,2.1182137549e-04,False,3.4568612879e-04,3.3061895358e-04,7.5798457553e-04,7.2406284409e-04,True
2023-07-12,2.5038855428e-04,False,2.1182137549e-04,3.1363745794e-04,7.4609108486e-04,6.6070259115e-04,True
2023-07-13,5.8071912397e-04,False,2.5038855428e-04,2.9859941944e-04,7.4105233860e-04,6.6637543638e-04,True
2023-07-14,5.2806523405e-04,False,5.8071912397e-04,3.5313293484e-04,8.3090488978e-04,7.8797590207e-04,True
2023-07-15,4.8084662013e-05,False,5.2806523405e-04,4.1403821083e-04,9.3842125007e-04,7.8599781266e-04,True
2023-07-16,9.1671019813e-05,False,4.8084662013e-05,3.8922897210e-04,8.9549320349e-04,6.0839872219e-04,True
2023-07-17,3.7225117978e-04,False,9.1671019813e-05,3.6609209442e-04,8.5992294172e-04,6.1628130685e-04,True
2023-07-18,2.4953578590e-04,False,3.7225117978e-04,3.4470831425e-04,8.3083305925e-04,7.1418266179e-04,True
2023-07-19,1.6675964236e-04,False,2.4953578590e-04,3.2921095123e-04,8.1483246542e-04,6.5843299387e-04,True
2023-07-20,2.4382512786e-04,False,1.6675964236e-04,3.0962679330e-04,7.9110592560e-04,6.1465946217e-04,True
2023-07-21,1.3175998926e-04,False,2.4382512786e-04,2.9185207261e-04,7.7338372669e-04,6.4565009888e-04,True
2023-07-22,5.7802997240e-05,False,1.3175998926e-04,2.7503765674e-04,7.2767855533e-04,6.0791785445e-04,True
2023-07-23,1.0246550680e-04,False,5.7802997240e-05,2.5931687844e-04,7.1488021680e-04,5.5626153051e-04,True
2023-07-24,3.9506984199e-04,False,1.0246550680e-04,2.4937783532e-04,7.0846708799e-04,5.6526854338e-04,True
2023-07-25,1.1430286045e-04,False,3.9506984199e-04,2.9067599129e-04,7.9285313959e-04,6.7139709951e-04,True
2023-07-26,2.0064032084e-04,False,1.1430286045e-04,2.7342868811e-04,7.6749596630e-04,5.7214864318e-04,True
2023-07-27,9.5543475647e-05,False,2.0064032084e-04,2.5808188919e-04,7.4692010786e-04,6.0317343052e-04,True
2023-07-28,8.3917936954e-05,False,9.5543475647e-05,2.4376427580e-04,7.3188618641e-04,5.6863015031e-04,True
2023-07-29,1.9955445599e-05,False,8.3917936954e-05,2.2972302676e-04,7.1645640689e-04,5.5848279147e-04,True
2023-07-30,8.2829770957e-05,False,1.9955445599e-05,2.1604440397e-04,7.0315154759e-04,5.2020348559e-04,True
2023-07-31,1.2723821337e-04,False,8.2829770957e-05,2.0344172326e-04,6.9327993921e-04,5.3947962407e-04,True
2023-08-01,2.7580343149e-04,False,1.2723821337e-04,1.9140242629e-04,6.8447269315e-04,5.5145855064e-04,True
2023-08-02,3.2830562229e-04,False,2.7580343149e-04,1.9542485035e-04,6.9688489306e-04,6.0645303300e-04,True
2023-08-03,1.3557649574e-04,False,3.2830562229e-04,2.0241025108e-04,7.2068885382e-04,6.3381632034e-04,True
2023-08-04,1.1165932910e-04,False,1.3557649574e-04,1.9026973557e-04,7.0681702419e-04,5.7309940732e-04,True
2023-08-05,2.1625500784e-05,False,1.1165932910e-04,1.7930140142e-04,6.9657415960e-04,5.6169791532e-04,True
2023-08-06,3.2491510804e-05,False,2.1625500784e-05,1.6866753148e-04,6.8712169731e-04,5.2299053871e-04,True
2023-08-07,1.6530873348e-04,False,3.2491510804e-05,1.5856630725e-04,6.7850528804e-04,5.1685776836e-04,True
2023-08-08,3.0237789831e-04,False,1.6530873348e-04,1.5011438489e-04,6.7199890825e-04,5.5494031389e-04,True
2023-08-09,2.2002398821e-04,False,3.0237789831e-04,1.6269434647e-04,6.9526107287e-04,6.0565057389e-04,True
2023-08-10,1.0839310795e-04,False,2.2002398821e-04,1.5535169499e-04,6.9084367741e-04,5.8195513085e-04,True
2023-08-11,6.5018275788e-05,False,1.0839310795e-04,1.4712794815e-04,6.8452998970e-04,5.4744574973e-04,True
2023-08-12,8.2928783681e-06,False,6.5018275788e-05,1.3836141430e-04,6.7677614819e-04,5.3233691380e-04,True
2023-08-13,1.7318194707e-05,False,8.2928783681e-06,1.3006091693e-04,6.2531385110e-04,5.0613472090e-04,True
2023-08-14,1.1628643630e-04,False,1.7318194707e-05,1.2336757707e-04,6.2210835544e-04,4.9759248091e-04,True
2023-08-15,1.0400844229e-04,False,1.1628643630e-04,1.1708920803e-04,6.1727254541e-04,5.2616779301e-04,True
2023-08-16,1.3443272707e-04,False,1.0400844229e-04,1.1378711138e-04,6.2052563249e-04,5.1896649669e-04,True
2023-08-17,1.0196258025e-02,False,1.3443272707e-04,1.2272395082e-04,6.4523139265e-04,5.3148876447e-04,True
2023-08-18,8.5094307170e-04,False,1.0196258025e-02,4.6346095159e-04,1.2297974225e-03,4.3352149818e-03,True
2023-08-19,1.8920536859e-04,False,8.5094307170e-04,4.6369771208e-04,1.1812311120e-03,1.2865748421e-03,True
2023-08-20,1.2187802193e-04,False,1.8920536859e-04,4.3606263372e-04,1.0883998720e-03,1.0715738042e-03,True
2023-08-21,1.7394648297e-04,False,1.2187802193e-04,4.1060954375e-04,1.0104746355e-03,1.0498669474e-03,True
2023-08-22,3.3009955675e-04,False,1.7394648297e-04,3.8632176846e-04,9.4554862611e-04,1.0682221236e-03,True
2023-08-23,4.4561032542e-04,False,3.3009955675e-04,3.6358575699e-04,8.9096792252e-04,7.4927448594e-04,True
2023-08-24,2.0365171862e-04,False,4.4561032542e-04,3.5413383013e-04,8.6031393716e-04,7.7336060794e-04,True
2023-08-25,1.7389887175e-04,False,2.0365171862e-04,3.3842112303e-04,8.2913437134e-04,6.9277960675e-04,True
2023-08-26,3.0427834213e-05,False,1.7389887175e-04,3.1938309138e-04,7.9451471638e-04,6.8494399755e-04,True
2023-08-27,3.4640739870e-05,False,3.0427834213e-05,3.0038100275e-04,7.6272293588e-04,6.3115539515e-04,True
2023-08-28,1.4218254559e-04,False,3.4640739870e-05,2.8298750734e-04,7.3544063092e-04,6.2112637901e-04,True
2023-08-29,1.2273617173e-03,False,1.4218254559e-04,2.6603750390e-04,7.1205029640e-04,6.4574931586e-04,True
2023-08-30,2.8196190647e-04,False,1.2273617173e-03,4.6121288152e-04,1.0262707754e-03,1.0513970642e-03,True
2023-08-31,5.0075413448e-04,False,2.8196190647e-04,4.4728564620e-04,9.8417807817e-04,7.4369405737e-04,True
2023-09-01,4.5741649828e-04,False,5.0075413448e-04,5.7693774111e-04,1.1933017217e-03,8.3578332749e-04,True
2023-09-02,6.4232647279e-05,False,4.5741649828e-04,5.4397273192e-04,1.1027565469e-03,8.4037229545e-04,True
2023-09-03,1.0959851909e-04,False,6.4232647279e-05,5.1170782338e-04,1.0222744031e-03,7.0757047553e-04,True
2023-09-04,1.3187861085e-04,False,1.0959851909e-04,4.8192901414e-04,9.5491596581e-04,6.8090887621e-04,True
2023-09-05,1.4162835048e-04,False,1.3187861085e-04,4.5489897874e-04,9.0360029685e-04,6.8326158938e-04,True
2023-09-06,2.2330788080e-04,False,1.4162835048e-04,4.2770867794e-04,8.5637539193e-04,6.7280544364e-04,True
2023-09-07,2.8427025154e-04,False,2.2330788080e-04,4.0213950019e-04,8.1636397758e-04,6.9163819878e-04,True
2023-09-08,2.4805088697e-04,False,2.8427025154e-04,3.9975211576e-04,8.1268743639e-04,7.2108039377e-04,True
2023-09-09,2.9282336098e-05,False,2.4805088697e-04,3.8623431053e-04,7.9856006090e-04,6.2382828545e-04,True
2023-09-10,1.0893684511e-04,False,2.9282336098e-05,3.6306731755e-04,7.6708338802e-04,5.4006015969e-04,True
2023-09-11,3.7997936037e-04,False,1.0893684511e-04,3.4160598464e-04,7.4136930384e-04,5.6397348723e-04,True
2023-09-12,7.4709300432e-04,False,3.7997936037e-04,3.6366031038e-04,7.9238511274e-04,6.6127452804e-04,True
2023-09-13,3.0919000963e-04,False,7.4709300432e-04,3.8420484507e-04,8.2371605025e-04,8.0480781756e-04,True
2023-09-14,3.3934777153e-04,False,3.0919000963e-04,3.7406720832e-04,8.0575089242e-04,6.6245144751e-04,True
2023-09-15,1.9779227137e-04,False,3.3934777153e-04,3.5942535672e-04,7.8307933889e-04,6.8286287903e-04,True
2023-09-16,9.1216634610e-05,False,1.9779227137e-04,3.3836761218e-04,7.5407116839e-04,6.3921462292e-04,True
2023-09-17,5.6304673839e-05,False,9.1216634610e-05,3.1820369031e-04,7.2988393830e-04,5.9208178211e-04,True
2023-09-18,4.2488190112e-04,False,5.6304673839e-05,2.9919954622e-04,7.0926068215e-04,5.5435912526e-04,True
2023-09-19,4.0671789509e-04,False,4.2488190112e-04,2.8591482093e-04,6.9694128044e-04,6.8346758365e-04,True
2023-09-20,3.7803332951e-04,False,4.0671789509e-04,2.8527775977e-04,7.0376628338e-04,6.8223090584e-04,True
2023-09-21,1.8857549649e-04,False,3.7803332951e-04,2.6875202836e-04,6.8837208180e-04,6.7163108324e-04,True
2023-09-22,1.1908468304e-04,False,1.8857549649e-04,2.7844899643e-04,7.1949799923e-04,6.1174096824e-04,True
2023-09-23,2.1761880862e-05,False,1.1908468304e-04,2.6175441409e-04,6.9998506218e-04,5.8738836412e-04,True
2023-09-24,1.0631361870e-04,False,2.1761880862e-05,2.4605063332e-04,6.8358090095e-04,5.3574232517e-04,True
2023-09-25,2.0616511353e-04,False,1.0631361870e-04,2.4051732484e-04,6.8710569247e-04,5.5228188441e-04,True
2023-09-26,1.0835527270e-04,False,2.0616511353e-04,2.2636300087e-04,6.4594490915e-04,5.7926941143e-04,True
2023-09-27,2.0168016948e-04,False,1.0835527270e-04,2.1338249895e-04,6.3499343901e-04,5.4347234214e-04,True
2023-09-28,3.9852572118e-04,False,2.0168016948e-04,2.0256620651e-04,6.2601666108e-04,5.7758524949e-04,True
2023-09-29,3.0112818238e-04,False,3.9852572118e-04,2.2580779975e-04,6.6938789542e-04,6.5804835302e-04,True
2023-09-30,4.8559366213e-05,False,3.0112818238e-04,2.1333991463e-04,6.5587910469e-04,6.3322787096e-04,True
2023-10-01,6.8438128574e-04,False,4.8559366213e-05,2.0079518690e-04,6.4167257150e-04,5.4188831572e-04,True
2023-10-02,8.4694490511e-04,False,6.8438128574e-04,2.7307694540e-04,7.6041476091e-04,7.7897501747e-04,True
2023-10-03,2.6076950553e-04,False,8.4694490511e-04,2.7603044451e-04,7.6613941591e-04,8.6362514886e-04,True
2023-10-04,2.9805917940e-04,False,2.6076950553e-04,2.5983707885e-04,7.3625519752e-04,6.6398315112e-04,True
2023-10-05,3.4234645006e-04,False,2.9805917940e-04,2.5401073424e-04,7.2304806285e-04,6.7176063564e-04,True
2023-10-06,6.3654135405e-04,False,3.4234645006e-04,2.4945178325e-04,7.1918799045e-04,6.9748131351e-04,True
2023-10-07,7.3619501271e-05,False,6.3654135405e-04,2.5573230603e-04,7.2618331999e-04,7.9516802276e-04,True
2023-10-08,1.5902738157e-04,False,7.3619501271e-05,2.4043864578e-04,7.0113387489e-04,5.7905164621e-04,True
2023-10-09,2.7976178658e-04,False,1.5902738157e-04,2.2613300421e-04,6.8055399558e-04,6.0362541477e-04,True
2023-10-10,1.8250351751e-04,False,2.7976178658e-04,2.2089095220e-04,6.7896420417e-04,6.4447496316e-04,True
2023-10-11,4.0943880600e-04,False,1.8250351751e-04,2.1081335838e-04,6.6812061579e-04,6.0386979462e-04,True
2023-10-12,1.4223450642e-04,False,4.0943880600e-04,2.1974831096e-04,6.9190029368e-04,6.6986437379e-04,True
2023-10-13,2.0486734839e-04,False,1.4223450642e-04,2.0768389594e-04,6.7502909956e-04,5.8195974696e-04,True
2023-10-14,3.4630172222e-05,False,2.0486734839e-04,1.9609759956e-04,6.5852212202e-04,6.0417060340e-04,True
2023-10-15,8.8414211166e-05,False,3.4630172222e-05,1.8433928239e-04,6.4404045354e-04,5.3768739621e-04,True
2023-10-16,3.7801693155e-03,False,8.8414211166e-05,1.8076734839e-04,6.4154671777e-04,5.5211018781e-04,True
2023-10-17,3.9805180577e-04,False,3.7801693155e-03,3.1048400360e-04,8.5062395378e-04,1.9303160338e-03,True
2023-10-18,3.3991476290e-04,False,3.9805180577e-04,2.9267030716e-04,7.8972902353e-04,8.2778829236e-04,True
2023-10-19,3.2725134734e-04,False,3.3991476290e-04,2.7554002089e-04,7.5342020215e-04,8.1554934844e-04,True
2023-10-20,6.4710407891e-04,False,3.2725134734e-04,2.7044468714e-04,7.3703904394e-04,8.2324076292e-04,True
2023-10-21,2.1544815950e-04,False,6.4710407891e-04,3.1849070088e-04,8.0674083192e-04,9.5168827297e-04,True
2023-10-22,1.9782808161e-04,False,2.1544815950e-04,3.0330048704e-04,7.7114564616e-04,6.7383340764e-04,True
2023-10-23,4.1206824309e-03,False,1.9782808161e-04,2.8555945780e-04,7.3639763465e-04,6.6152842102e-04,True
2023-10-24,2.7541072839e-03,False,4.1206824309e-03,8.4091127084e-04,1.6381136568e-03,2.1281600415e-03,True
2023-10-25,9.0089392707e-04,False,2.7541072839e-03,8.2934643883e-04,1.5314714238e-03,1.7883243353e-03,True
2023-10-26,5.0895768861e-04,False,9.0089392707e-04,7.9643857040e-04,1.4062105379e-03,1.1935562306e-03,True
2023-10-27,3.1808334888e-04,False,5.0895768861e-04,7.5469268101e-04,1.2881211496e-03,1.0771481788e-03,True
2023-10-28,1.6327616487e-04,False,3.1808334888e-04,7.1290560427e-04,1.1830099666e-03,1.0180783505e-03,True
2023-10-29,1.7027077769e-04,False,1.6327616487e-04,6.7198638815e-04,1.0878852142e-03,8.1315306377e-04,True
2023-10-30,3.0184060539e-04,False,1.7027077769e-04,6.4175957660e-04,1.0190736960e-03,7.1870930352e-04,True
2023-10-31,2.5109373100e-04,False,3.0184060539e-04,6.0338593897e-04,9.4743598268e-04,7.4052329127e-04,True
2023-11-01,6.6654278431e-04,False,2.5109373100e-04,5.6855130841e-04,8.8717387054e-04,7.1354654773e-04,True
2023-11-02,4.9431897857e-04,False,6.6654278431e-04,5.6431460588e-04,8.7937461470e-04,8.6781651045e-04,True
2023-11-03,3.6231513157e-04,False,4.9431897857e-04,5.4161738624e-04,8.5004079941e-04,8.2414704213e-04,True
2023-11-04,1.6061742763e-04,False,3.6231513157e-04,5.1162010639e-04,8.0898896308e-04,7.8967874022e-04,True
2023-11-05,3.9252725246e-04,False,1.6061742763e-04,4.8679967033e-04,7.7589004895e-04,7.1719265415e-04,True
2023-11-06,2.4647761180e-04,False,3.9252725246e-04,4.5771481123e-04,7.4086068621e-04,8.0194080162e-04,True
2023-11-07,4.5985641425e-04,False,2.4647761180e-04,4.3030914974e-04,7.1042964647e-04,7.3917248872e-04,True
2023-11-08,3.3610111874e-04,False,4.5985641425e-04,4.1051812273e-04,6.9239995943e-04,7.7735375053e-04,True
2023-11-09,1.4140538972e-03,False,3.3610111874e-04,3.8830853303e-04,6.7263232776e-04,7.3478652017e-04,True
2023-11-10,5.8410745610e-04,False,1.4140538972e-03,4.1817332100e-04,7.3303408398e-04,1.1470932241e-03,True
2023-11-11,2.0075358555e-04,False,5.8410745610e-04,4.0888880693e-04,7.2621872388e-04,8.8319078833e-04,True
2023-11-12,1.4591769545e-04,False,2.0075358555e-04,3.8563157680e-04,7.0190301755e-04,7.5078790540e-04,True
2023-11-13,3.6456032944e-04,False,1.4591769545e-04,3.6268285021e-04,6.7871626355e-04,7.1989981746e-04,True
2023-11-14,7.5802870295e-04,False,3.6456032944e-04,3.5696815088e-04,6.8900834067e-04,7.9424925186e-04,True
2023-11-15,1.0027912997e-03,False,7.5802870295e-04,3.7402379732e-04,7.3710985210e-04,8.6800721797e-04,True
2023-11-16,8.5940289558e-04,False,1.0027912997e-03,5.8877054626e-04,1.0828475532e-03,9.4828306449e-04,True
2023-11-17,6.9761738533e-04,False,8.5940289558e-04,6.7928623521e-04,1.2211398494e-03,9.2546605574e-04,True
2023-11-18,1.2654028945e-04,False,6.9761738533e-04,6.4772180051e-04,1.1308526077e-03,8.9459572870e-04,True
2023-11-19,2.2022805831e-04,False,1.2654028945e-04,6.0895257583e-04,1.0427223773e-03,6.9539931098e-04,True
2023-11-20,5.7947334397e-04,False,2.2022805831e-04,5.9994592279e-04,1.0072245753e-03,7.0617647542e-04,True
2023-11-21,7.0390697999e-04,False,5.7947334397e-04,5.6428825122e-04,9.3718194550e-04,8.1216497994e-04,True
2023-11-22,5.5239621686e-04,False,7.0390697999e-04,6.6104605511e-04,1.1055311528e-03,8.5090446004e-04,True
2023-11-23,2.1274985030e-04,False,5.5239621686e-04,7.4601906091e-04,1.2145102239e-03,7.9815291700e-04,True
2023-11-24,5.4542355091e-04,False,2.1274985030e-04,7.0181742614e-04,1.1150108561e-03,6.8503986467e-04,True
2023-11-25,5.2588349797e-05,False,5.4542355091e-04,6.6720794195e-04,1.0382379160e-03,8.0716854597e-04,True
2023-11-26,1.6812485056e-04,False,5.2588349797e-05,6.2736506130e-04,9.6343123023e-04,6.2175194905e-04,True
2023-11-27,3.3540036847e-04,False,1.6812485056e-04,5.9443261628e-04,9.1014142004e-04,6.3936114452e-04,True
2023-11-28,3.8151035171e-04,False,3.3540036847e-04,5.6056988446e-04,8.5920325821e-04,6.8551447030e-04,True
2023-11-29,2.9791515572e-04,False,3.8151035171e-04,5.4107715294e-04,8.3085497829e-04,7.0809759200e-04,True
2023-11-30,2.1498366906e-04,False,2.9791515572e-04,5.0866614804e-04,7.8729755905e-04,6.6948499696e-04,True
2023-12-01,3.2183326987e-04,False,2.1498366906e-04,4.7886369695e-04,7.4944166279e-04,6.4688438157e-04,True
2023-12-02,3.1706277429e-04,False,3.2183326987e-04,4.8790953338e-04,7.7338150659e-04,6.7752317472e-04,True
2023-12-03,2.1016413568e-04,False,3.1706277429e-04,4.8181434070e-04,7.7112718066e-04,6.7254617493e-04,True
2023-12-04,9.2047247896e-04,False,2.1016413568e-04,4.6326946276e-04,7.4984871550e-04,6.3067368644e-04,True
2023-12-05,8.4625753469e-04,False,9.2047247896e-04,5.8113696121e-04,9.4497394909e-04,8.9531414487e-04,True
2023-12-06,6.4365712746e-04,False,8.4625753469e-04,6.8680445340e-04,1.1025078936e-03,8.9910833793e-04,True
2023-12-07,3.8681080731e-04,False,6.4365712746e-04,6.4859781136e-04,1.0246399120e-03,8.4332636119e-04,True
2023-12-08,3.1866258656e-04,False,3.8681080731e-04,6.1727502942e-04,9.6718265502e-04,7.5540920740e-04,True
2023-12-09,2.0879873473e-04,False,3.1866258656e-04,6.0554246004e-04,9.3901314364e-04,7.3176546520e-04,True
2023-12-10,1.1668170983e-04,False,2.0879873473e-04,5.7571071465e-04,8.9242239122e-04,6.6389151440e-04,True
2023-12-11,1.8726811432e-03,False,1.1668170983e-04,5.4134869037e-04,8.3917012351e-04,6.0560587402e-04,True
2023-12-12,8.2839660545e-04,False,1.8726811432e-03,7.2243212704e-04,1.1619895510e-03,1.2461156828e-03,True
2023-12-13,8.5106251378e-04,False,8.2839660545e-04,6.8108827884e-04,1.0700660888e-03,9.2105131485e-04,True
2023-12-14,7.9850786102e-04,False,8.5106251378e-04,7.0414365752e-04,1.0867757529e-03,9.4989842095e-04,True
2023-12-15,3.5710098953e-04,False,7.9850786102e-04,6.6265887651e-04,1.0047299483e-03,9.5701273231e-04,True
2023-12-16,2.0278088616e-04,False,3.5710098953e-04,6.6182405780e-04,1.0057116346e-03,8.2173818580e-04,True
2023-12-17,3.8077298194e-04,False,2.0278088616e-04,6.2597421104e-04,9.3977463506e-04,7.0442522188e-04,True
2023-12-18,7.1520508146e-04,False,3.8077298194e-04,6.1640726235e-04,9.3148290408e-04,7.4898508140e-04,True
2023-12-19,5.3783615167e-04,False,7.1520508146e-04,6.3539079744e-04,9.5651914202e-04,8.5900941011e-04,True
2023-12-20,6.9670354521e-04,False,5.3783615167e-04,6.0211744947e-04,9.0419200881e-04,7.9247979663e-04,True
2023-12-21,4.2092016680e-04,False,6.9670354521e-04,6.2904426567e-04,9.4450723336e-04,8.6043643192e-04,True
2023-12-22,3.8664760491e-04,False,4.2092016680e-04,5.9246686455e-04,8.8431724917e-04,7.7874573232e-04,True
2023-12-23,1.3703525809e-04,False,3.8664760491e-04,5.5727664516e-04,8.3047942749e-04,7.6903626681e-04,True
2023-12-24,3.2110187991e-04,False,1.3703525809e-04,5.2606403261e-04,7.9226654992e-04,6.6297216964e-04,True
2023-12-25,2.9422031114e-04,False,3.2110187991e-04,5.1062816279e-04,7.8520078918e-04,7.1521818974e-04,True
2023-12-26,4.7741867740e-04,False,2.9422031114e-04,4.9093698070e-04,7.6241491344e-04,6.9171848497e-04,True
2023-12-27,3.8623886938e-04,False,4.7741867740e-04,4.9836933030e-04,7.9585155512e-04,7.4989852216e-04,True
2023-12-28,4.1566351399e-04,False,3.8623886938e-04,4.9596993057e-04,7.9615342854e-04,7.1535743031e-04,True
2023-12-29,5.0251693253e-04,False,4.1566351399e-04,4.9050248154e-04,8.0280447920e-04,7.3323283454e-04,True
2023-12-30,2.4914878511e-04,False,5.0251693253e-04,4.6934310197e-04,7.8011068943e-04,7.6959149448e-04,True
2023-12-31,2.6775675720e-04,False,2.4914878511e-04,4.4136451782e-04,7.4389308860e-04,6.8350964711e-04,True
2024-01-01,3.1324944483e-04,False,2.6775675720e-04,4.1557411787e-04,7.1343323693e-04,6.8201504546e-04,True
2024-01-02,1.0505775216e-03,False,3.1324944483e-04,5.0607839129e-04,8.6251360077e-04,6.9583447829e-04,True
2024-01-03,4.9266712150e-03,False,1.0505775216e-03,4.9350539837e-04,8.3829299805e-04,9.5506466105e-04,True
2024-01-04,8.2781105688e-04,False,4.9266712150e-03,6.0148895564e-04,1.0304043459e-03,2.4387623549e-03,True
2024-01-05,1.1248524694e-03,False,8.2781105688e-04,6.1948432892e-04,1.0365361820e-03,1.1097539243e-03,True
2024-01-06,1.8765105072e-04,False,1.1248524694e-03,5.8231637373e-04,9.6236909860e-04,1.2428359343e-03,True
2024-01-07,3.3092302346e-04,False,1.8765105072e-04,5.4834353913e-04,9.0189592030e-04,9.2743755735e-04,True
2024-01-08,1.1986223878e-03,False,3.3092302346e-04,5.1549090510e-04,8.4806429378e-04,9.4820703558e-04,True
2024-01-09,2.7688008044e-03,False,1.1986223878e-03,7.5013755829e-04,1.2145435499e-03,1.1011332963e-03,True
2024-01-10,2.2099571085e-03,False,2.7688008044e-03,7.2473274940e-04,1.1507156705e-03,1.7110161964e-03,True
2024-01-11,1.6814334630e-03,False,2.2099571085e-03,6.8950239912e-04,1.0696310052e-03,1.5838258244e-03,True
2024-01-12,2.2743296458e-03,False,1.6814334630e-03,6.5088309220e-04,9.9685592409e-04,1.4753097458e-03,True
2024-01-13,5.4167682324e-04,False,2.2743296458e-03,9.9441900989e-04,1.5720971358e-03,1.7613225998e-03,True
2024-01-14,4.4700843090e-04,False,5.4167682324e-04,9.3489326403e-04,1.4133849933e-03,1.1670137743e-03,True
2024-01-15,5.0624451298e-04,False,4.4700843090e-04,9.2056067109e-04,1.3584201543e-03,1.0509256068e-03,True
2024-01-16,7.2141383421e-04,False,5.0624451298e-04,8.8583675476e-04,1.2652891241e-03,1.0077908678e-03,True
2024-01-17,3.9211791617e-04,False,7.2141383421e-04,8.4554263967e-04,1.1746537576e-03,1.0463726979e-03,True
2024-01-18,6.4133210381e-04,False,3.9211791617e-04,7.9906748807e-04,1.0898197895e-03,8.6607538698e-04,True
2024-01-19,6.9274823093e-04,False,6.4133210381e-04,8.2233736599e-04,1.1321633011e-03,9.5412642986e-04,True
2024-01-20,1.2678145628e-04,False,6.9274823093e-04,7.7682754335e-04,1.0484818907e-03,9.8273357334e-04,True
2024-01-21,7.5250418984e-05,False,1.2678145628e-04,7.3026520429e-04,9.7299999540e-04,7.7816991876e-04,True
2024-01-22,1.0000426174e-03,False,7.5250418984e-05,6.8691264294e-04,9.1032674341e-04,7.3488810584e-04,True
2024-01-23,8.4508427843e-04,False,1.0000426174e-03,7.9334321440e-04,1.1061174695e-03,1.0692113526e-03,True
2024-01-24,5.3224431648e-04,False,8.4508427843e-04,7.4987099871e-04,1.0266794807e-03,1.0306875115e-03,True
2024-01-25,2.8099122506e-04,False,5.3224431648e-04,7.0619458732e-04,9.5543067879e-04,9.1655247526e-04,True
2024-01-26,5.3201619963e-04,False,2.8099122506e-04,6.6439690180e-04,8.9561513306e-04,7.9600898534e-04,True
2024-01-27,1.2753826338e-04,False,5.3201619963e-04,7.4903430684e-04,1.0306579489e-03,8.9294447822e-04,True
2024-01-28,3.3704980131e-04,False,1.2753826338e-04,7.0709900226e-04,9.6089141696e-04,7.1721938534e-04,True
2024-01-29,4.3003894620e-04,False,3.3704980131e-04,6.6494496327e-04,8.9952315534e-04,7.6825283330e-04,True
2024-01-30,4.5336991681e-04,False,4.3003894620e-04,6.7835255264e-04,9.2381888731e-04,7.9575151196e-04,True
2024-01-31,6.0403277009e-04,False,4.5336991681e-04,6.4187047605e-04,8.7596148262e-04,8.0277889313e-04,True
2024-02-01,4.3855258550e-04,False,6.0403277009e-04,6.0763707544e-04,8.3528466835e-04,8.3480180988e-04,True
2024-02-02,3.1939202049e-04,False,4.3855258550e-04,5.7945193857e-04,8.0157818426e-04,7.7528061534e-04,True
2024-02-03,8.2864051924e-05,False,3.1939202049e-04,5.4512657468e-04,7.6270457585e-04,7.2240768056e-04,True
2024-02-04,1.7216287352e-04,False,8.2864051924e-05,5.1357136164e-04,7.3263295390e-04,6.1061690867e-04,True
2024-02-05,3.2945820062e-04,False,1.7216287352e-04,4.8876391571e-04,7.1032481757e-04,6.2569786261e-04,True
2024-02-06,2.5240268114e-04,False,3.2945820062e-04,4.5996035538e-04,6.8414673927e-04,6.6586011250e-04,True
2024-02-07,3.6669919418e-04,False,2.5240268114e-04,4.3732695426e-04,6.6729793815e-04,6.3083769798e-04,True
2024-02-08,3.6163175595e-04,False,3.6669919418e-04,4.6018228621e-04,7.1834653007e-04,6.6676961394e-04,True
2024-02-09,8.2118861697e-04,False,3.6163175595e-04,4.5891243731e-04,7.2752015704e-04,6.7511778215e-04,True
2024-02-10,2.2135538691e-04,False,8.2118861697e-04,5.2695606029e-04,8.4106173024e-04,8.5266233969e-04,True
2024-02-11,2.7272341591e-04,False,2.2135538691e-04,5.0553083801e-04,8.0845324894e-04,6.4627320071e-04,True
2024-02-12,6.9118450188e-04,False,2.7272341591e-04,4.8303694071e-04,7.7729999824e-04,6.6507184722e-04,True
2024-02-13,7.1909043036e-04,False,6.9118450188e-04,5.1914027101e-04,8.3659765505e-04,8.2085510141e-04,True
2024-02-14,6.4898561268e-04,False,7.1909043036e-04,4.8913785308e-04,7.9478025201e-04,8.4082076336e-04,True
2024-02-15,6.8280573204e-04,False,6.4898561268e-04,5.6213206282e-04,9.0887973040e-04,8.0929371692e-04,True
2024-02-16,4.0465221165e-04,False,6.8280573204e-04,5.2856481869e-04,8.5326674091e-04,8.3914169576e-04,True
2024-02-17,3.1124252976e-04,False,4.0465221165e-04,4.9817308640e-04,8.0688247083e-04,7.5340456489e-04,True
2024-02-18,2.5171013497e-04,False,3.1124252976e-04,4.7344971368e-04,7.7716461438e-04,7.0598344031e-04,True
2024-02-19,2.7568702005e-04,False,2.5171013497e-04,4.5050346383e-04,7.4731112651e-04,6.6964132253e-04,True
2024-02-20,6.8713239957e-04,False,2.7568702005e-04,4.2640111186e-04,7.2216745613e-04,6.6264520911e-04,True
2024-02-21,4.4335310048e-04,False,6.8713239957e-04,4.0601368832e-04,7.0004250839e-04,8.0071306585e-04,True
2024-02-22,4.9298851098e-04,False,4.4335310048e-04,3.8536484237e-04,6.8333796287e-04,7.2157625847e-04,True
2024-02-23,3.0801062554e-04,False,4.9298851098e-04,3.6934303226e-04,6.7530553827e-04,7.4358191602e-04,True
2024-02-24,1.1051103620e-04,False,3.0801062554e-04,3.5401166276e-04,6.6796594892e-04,6.8329288182e-04,True
2024-02-25,1.3799713319e-04,False,1.1051103620e-04,3.4834144093e-04,6.6860509573e-04,6.0971070215e-04,True
2024-02-26,6.6610872006e-04,False,1.3799713319e-04,3.2802130350e-04,6.4861392319e-04,5.9828213650e-04,True
2024-02-27,1.3937169534e-03,False,6.6610872006e-04,4.6904372471e-04,8.6516438518e-04,7.8525375966e-04,True
2024-02-28,2.6096583059e-03,False,1.3937169534e-03,5.6751509946e-04,1.0048712756e-03,1.0691524095e-03,True
2024-02-29,1.8238098094e-03,False,2.6096583059e-03,1.0235055514e-03,1.6958405815e-03,1.5793924807e-03,True
2024-03-01,8.3292004839e-04,False,1.8238098094e-03,9.8870863303e-04,1.5728749031e-03,1.3988610823e-03,True
2024-03-02,2.6890773508e-04,False,8.3292004839e-04,9.5423974381e-04,1.4526650437e-03,1.1027019442e-03,True
2024-03-03,3.1268800744e-04,False,2.6890773508e-04,8.9947543204e-04,1.3221280046e-03,8.9624547163e-04,True
2024-03-04,2.3837529445e-03,False,3.1268800744e-04,8.6497485997e-04,1.2307184859e-03,8.7046186405e-04,True
2024-03-05,5.0127060889e-03,False,2.3837529445e-03,1.1797321467e-03,1.6935923524e-03,1.5648482490e-03,True
2024-03-06,2.5854556567e-03,False,5.0127060889e-03,1.3909203652e-03,1.9963384199e-03,2.5939165353e-03,True
2024-03-07,9.4135901179e-04,False,2.5854556567e-03,1.3861546170e-03,1.8959416344e-03,1.8772209422e-03,True
2024-03-08,1.6721200881e-03,False,9.4135901179e-04,1.3106114504e-03,1.7033512923e-03,1.3627662406e-03,True
2024-03-09,1.4872314247e-04,False,1.6721200881e-03,1.2542836201e-03,1.5602336727e-03,1.6642129594e-03,True
2024-03-10,4.7721205251e-04,False,1.4872314247e-04,1.1794875337e-03,1.4078884333e-03,1.0745628477e-03,True
2024-03-11,1.1513046244e-03,False,4.7721205251e-04,1.1139780505e-03,1.2836278772e-03,1.0137738897e-03,True
2024-03-12,1.1699113879e-03,False,1.1513046244e-03,1.1648003979e-03,1.3480567901e-03,1.1907119812e-03,True
2024-03-13,5.9307287836e-04,False,1.1699113879e-03,1.0994790926e-03,1.2368878028e-03,1.2137865284e-03,True
2024-03-14,1.5776808651e-03,False,5.9307287836e-04,1.0636827319e-03,1.1738854851e-03,9.8193330724e-04,True
2024-03-15,3.7530435407e-03,False,1.5776808651e-03,1.0324572936e-03,1.1377622790e-03,1.3710843808e-03,True
2024-03-16,1.2159390245e-03,False,3.7530435407e-03,1.0136633254e-03,1.1249883495e-03,2.2429543071e-03,True
2024-03-17,1.3043494577e-03,False,1.2159390245e-03,1.1858922347e-03,1.4304753595e-03,1.4168108175e-03,True
2024-03-18,1.3192672381e-03,False,1.3043494577e-03,1.2432257607e-03,1.4902021284e-03,1.4621254894e-03,True
2024-03-19,2.9423404633e-03,False,1.3192672381e-03,1.1765972518e-03,1.3645013504e-03,1.5052754983e-03,True
2024-03-20,2.7174074778e-03,False,2.9423404633e-03,1.5667587893e-03,2.0297599793e-03,2.1134710748e-03,True
2024-03-21,1.4512467089e-03,False,2.7174074778e-03,1.9699989393e-03,2.5935975526e-03,2.0131744503e-03,True
2024-03-22,1.3520214652e-03,False,1.4512467089e-03,1.9256773937e-03,2.4171057786e-03,1.5935400636e-03,True
2024-03-23,7.9711194197e-04,False,1.3520214652e-03,1.8518562231e-03,2.2114809717e-03,1.5580877641e-03,True
2024-03-24,8.2745950084e-04,False,7.9711194197e-04,1.7412944148e-03,1.9598583213e-03,1.3548671618e-03,True
2024-03-25,9.0892320052e-04,False,8.2745950084e-04,1.7814354187e-03,1.9681194873e-03,1.2905117676e-03,True
2024-03-26,8.4718118442e-04,False,9.0892320052e-04,1.7656115827e-03,1.8903489041e-03,1.2549515990e-03,True
2024-03-27,9.8157906022e-04,False,8.4718118442e-04,1.6598179555e-03,1.6865278646e-03,1.1973526000e-03,True
2024-03-28,6.0064274701e-04,False,9.8157906022e-04,1.5635402253e-03,1.5211680775e-03,1.1899172539e-03,True
2024-03-29,3.3516322854e-04,False,6.0064274701e-04,1.4906869821e-03,1.4013946503e-03,1.0380868254e-03,True
2024-03-30,1.3042014329e-04,False,3.3516322854e-04,1.4117431897e-03,1.2922634844e-03,9.2606659378e-04,True
2024-03-31,2.4619334544e-04,False,1.3042014329e-04,1.3279276326e-03,1.1807556374e-03,8.1450643625e-04,True
2024-04-01,5.3844265716e-04,False,2.4619334544e-04,1.2831220463e-03,1.1330335811e-03,8.3073371515e-04,True
2024-04-02,1.8576291899e-03,False,5.3844265716e-04,1.2382514563e-03,1.1026018446e-03,9.1087917393e-04,True
2024-04-03,7.2526097194e-04,False,1.8576291899e-03,1.3944446793e-03,1.4145374094e-03,1.4001741788e-03,True
2024-04-04,7.0977021548e-04,False,7.2526097194e-04,1.3142417776e-03,1.2854215180e-03,1.0369129863e-03,True
2024-04-05,9.6720600523e-04,False,7.0977021548e-04,1.3200201270e-03,1.2995901428e-03,1.0544844532e-03,True
2024-04-06,2.9205411872e-04,False,9.6720600523e-04,1.2465686288e-03,1.1968141543e-03,1.1606725631e-03,True
2024-04-07,3.7419564903e-04,False,2.9205411872e-04,1.1866239635e-03,1.1164171619e-03,8.9601022719e-04,True
2024-04-08,6.7460765875e-04,False,3.7419564903e-04,1.1181342834e-03,1.0309016375e-03,8.5924828261e-04,True
2024-04-09,7.8488762668e-04,False,6.7460765875e-04,1.1127107227e-03,1.0471120036e-03,9.5040739155e-04,True
2024-04-10,1.0902899010e-03,False,7.8488762668e-04,1.1200969494e-03,1.1022809291e-03,9.8450094969e-04,True
2024-04-11,7.4659693121e-04,False,1.0902899010e-03,1.0799850433e-03,1.0506355226e-03,1.0725343361e-03,True
2024-04-12,1.0147178765e-03,False,7.4659693121e-04,1.0199236391e-03,9.8291592673e-04,9.5765416890e-04,True
2024-04-13,4.1298053617e-03,False,1.0147178765e-03,1.0653459287e-03,1.1030695079e-03,1.0660535085e-03,True
2024-04-14,2.1227945120e-03,False,4.1298053617e-03,1.1438864949e-03,1.2659993602e-03,2.2505464272e-03,True
2024-04-15,1.2955094214e-03,False,2.1227945120e-03,1.1183962126e-03,1.2175514376e-03,1.6513219686e-03,True
2024-04-16,1.6034578758e-03,False,1.2955094214e-03,1.1236995909e-03,1.2438686091e-03,1.3904326491e-03,True
2024-04-17,1.8081251596e-03,False,1.6034578758e-03,1.0583453595e-03,1.1379818943e-03,1.5307627309e-03,True
2024-04-18,1.2932652606e-03,False,1.8081251596e-03,1.0919951358e-03,1.2186260891e-03,1.6371957707e-03,True
2024-04-19,2.6667887580e-03,False,1.2932652606e-03,1.1006405551e-03,1.2255803832e-03,1.3636306367e-03,True
2024-04-20,5.3347847737e-04,False,2.6667887580e-03,1.0363952924e-03,1.1221270987e-03,1.8568727314e-03,True
2024-04-21,3.6904206470e-04,False,5.3347847737e-04,9.9245537724e-04,1.0574744770e-03,1.1262121685e-03,True
2024-04-22,6.7250010955e-04,False,3.6904206470e-04,9.3290805907e-04,9.7814053333e-04,1.0274668772e-03,True
2024-04-23,3.3797046004e-04,False,6.7250010955e-04,9.2570546758e-04,9.8177814166e-04,1.0886752224e-03,True
2024-04-24,6.5198192654e-04,False,3.3797046004e-04,8.7238432226e-04,9.1942257772e-04,9.4028484314e-04,True
2024-04-25,6.0555231523e-04,False,6.5198192654e-04,8.8345588084e-04,9.7521519600e-04,9.5675225857e-04,True
2024-04-26,4.5906019628e-04,False,6.0555231523e-04,8.3107907089e-04,9.0829225201e-04,9.4284762050e-04,True
2024-04-27,4.5602525494e-04,False,4.5906019628e-04,7.8895249115e-04,8.6772996307e-04,8.9533350994e-04,True
2024-04-28,2.3956750008e-04,False,4.5602525494e-04,7.4302205737e-04,8.2083479573e-04,8.8119269234e-04,True
2024-04-29,5.4220113884e-04,False,2.3956750008e-04,7.0020668421e-04,7.8178127870e-04,8.0530251782e-04,True
2024-04-30,1.1253604021e-03,False,5.4220113884e-04,6.6650812900e-04,7.5392346955e-04,9.0239266908e-04,True
2024-05-01,2.1752166978e-03,False,1.1253604021e-03,7.8444878703e-04,9.9567209857e-04,1.1185317897e-03,True
2024-05-02,9.6574487773e-04,False,2.1752166978e-03,8.2755200473e-04,1.0858471304e-03,1.5427203291e-03,True
2024-05-03,9.1729237994e-04,False,9.6574487773e-04,7.8632185084e-04,1.0080279410e-03,1.1616103996e-03,True
2024-05-04,5.7193742841e-04,False,9.1729237994e-04,9.7498915647e-04,1.3024755557e-03,1.1725751105e-03,True
2024-05-05,3.7593659914e-04,False,5.7193742841e-04,9.3172463095e-04,1.2065866910e-03,1.0554000090e-03,True
2024-05-06,6.4617230832e-04,False,3.7593659914e-04,8.7603226654e-04,1.1047100011e-03,9.2715986278e-04,True
2024-05-07,6.2224978439e-04,False,6.4617230832e-04,8.3411121150e-04,1.0395722391e-03,9.4488062891e-04,True
2024-05-08,5.8672339136e-04,False,6.2224978439e-04,7.9515895793e-04,9.8504923735e-04,9.1762550012e-04,True
2024-05-09,4.7761447320e-04,False,5.8672339136e-04,7.6715386250e-04,9.5407631811e-04,8.8380549153e-04,True
2024-05-10,6.1248768139e-04,False,4.7761447320e-04,7.7612100169e-04,9.7122358423e-04,8.3161236019e-04,True
2024-05-11,1.7864054106e-04,False,6.1248768139e-04,8.1045160729e-04,1.0475004245e-03,8.7848094420e-04,True
2024-05-12,1.8534934177e-04,False,1.7864054106e-04,7.6183547829e-04,9.6963774496e-04,6.9417362801e-04,True
2024-05-13,5.6744343405e-04,False,1.8534934177e-04,7.2307155494e-04,9.1178412542e-04,6.7642117607e-04,True
2024-05-14,6.5331210518e-04,False,5.6744343405e-04,7.1255868635e-04,9.0121738033e-04,8.0349502468e-04,True
2024-05-15,9.8926232351e-04,False,6.5331210518e-04,6.9854703615e-04,8.9867727519e-04,8.3814755175e-04,True
2024-05-16,4.4641634234e-04,False,9.8926232351e-04,9.7185492752e-04,1.3361237192e-03,9.6927587442e-04,True
2024-05-17,4.6642961610e-04,False,4.4641634234e-04,9.2664927947e-04,1.2406355177e-03,7.9811054613e-04,True
2024-05-18,1.6796456300e-04,False,4.6642961610e-04,9.1495705085e-04,1.1975556867e-03,8.1378406208e-04,True
2024-05-19,2.6835171004e-04,False,1.6796456300e-04,8.6021799084e-04,1.0979686842e-03,6.9726231032e-04,True
2024-05-20,8.6778509620e-04,False,2.6835171004e-04,8.1416719779e-04,1.0244922465e-03,7.1389863382e-04,True
2024-05-21,5.2522071132e-04,False,8.6778509620e-04,1.1041936148e-03,1.4808112669e-03,9.1299008464e-04,True
2024-05-22,3.9952263365e-04,False,5.2522071132e-04,1.0581199333e-03,1.3761336229e-03,8.0260665847e-04,True
2024-05-23,8.5452164800e-04,False,3.9952263365e-04,1.0065507923e-03,1.2724943262e-03,7.5160733851e-04,True
2024-05-24,4.0418675953e-04,False,8.5452164800e-04,9.6444275325e-04,1.1957955686e-03,9.1512181586e-04,True
2024-05-25,1.1274643298e-04,False,4.0418675953e-04,9.1091320597e-04,1.0996689925e-03,7.6616281863e-04,True
2024-05-26,1.4182910255e-04,False,1.1274643298e-04,8.6318643947e-04,1.0236155125e-03,6.3374559839e-04,True
2024-05-27,4.2621157324e-04,False,1.4182910255e-04,8.1914247210e-04,9.6672890397e-04,6.2459381148e-04,True
2024-05-28,6.8123743468e-04,False,4.2621157324e-04,7.8087382900e-04,9.1584985514e-04,7.1973415175e-04,True
2024-05-29,3.9625790112e-04,False,6.8123743468e-04,7.4763390120e-04,8.8537318238e-04,7.9763123141e-04,True
2024-05-30,4.4409613782e-04,False,3.9625790112e-04,7.0999126704e-04,8.4799610565e-04,7.0098887964e-04,True
2024-05-31,4.0472099856e-04,False,4.4409613782e-04,6.7374506507e-04,8.0843847456e-04,7.2772587557e-04,True
2024-06-01,6.0569252671e-05,False,4.0472099856e-04,6.4189302599e-04,7.8491327026e-04,7.2374488743e-04,True
2024-06-02,1.9067049517e-04,False,6.0569252671e-05,6.0405399064e-04,7.4772153182e-04,5.9091952673e-04,True
2024-06-03,5.2293777923e-04,False,1.9067049517e-04,5.6781077064e-04,7.1596955964e-04,6.1525227154e-04,True
2024-06-04,4.2663268078e-04,False,5.2293777923e-04,5.4777374985e-04,7.0670723002e-04,7.3271229543e-04,True
2024-06-05,3.7560181280e-04,False,4.2663268078e-04,5.5181470530e-04,7.3242542804e-04,6.9878547517e-04,True
2024-06-06,2.3413756145e-04,False,3.7560181280e-04,5.2259449913e-04,7.0672680995e-04,6.7805285207e-04,True
2024-06-07,7.8926760173e-04,False,2.3413756145e-04,4.9237633308e-04,6.8415281542e-04,6.3054915489e-04,True
2024-06-08,5.0576445805e-05,False,7.8926760173e-04,4.8829246206e-04,7.0851894260e-04,8.3945524503e-04,True
2024-06-09,6.1847882378e-05,False,5.0576445805e-05,4.5902034713e-04,6.8280272423e-04,5.7369285950e-04,True
2024-06-10,1.6004486284e-04,False,6.1847882378e-05,4.3289639687e-04,6.6146831861e-04,5.6237511923e-04,True
2024-06-11,6.7362923267e-04,False,1.6004486284e-04,4.0706748347e-04,6.4318053534e-04,5.8538321993e-04,True
2024-06-12,1.0015743303e-03,False,6.7362923267e-04,4.4613674704e-04,7.3777324490e-04,7.6951320374e-04,True
2024-06-13,4.9072837285e-04,False,1.0015743303e-03,4.3114634112e-04,7.2207320735e-04,8.9028296514e-04,True
2024-06-14,5.1081861432e-04,False,4.9072837285e-04,4.3453825407e-04,7.4732331687e-04,7.3897251611e-04,True
2024-06-15,7.7050532998e-05,False,5.1081861432e-04,4.1569684488e-04,7.3042120826e-04,7.5910433642e-04,True
2024-06-16,1.0857507782e-04,False,7.7050532998e-05,3.9122076666e-04,6.8825356436e-04,6.0942820034e-04,True
2024-06-17,5.7832022533e-04,False,1.0857507782e-04,3.7048208647e-04,6.6527832772e-04,5.9822314566e-04,True
2024-06-18,9.5797657490e-04,False,5.7832022533e-04,3.4865597612e-04,6.4472126107e-04,7.4133880090e-04,True
2024-06-19,2.5061124845e-04,False,9.5797657490e-04,3.5218555031e-04,6.7187269302e-04,8.8926822732e-04,True
2024-06-20,3.8249632352e-04,False,2.5061124845e-04,3.3162655645e-04,6.5075171990e-04,6.4174445601e-04,True
2024-06-21,4.3968063457e-04,False,3.8249632352e-04,3.1188405879e-04,6.3167525163e-04,6.9643697894e-04,True
2024-06-22,5.1567626386e-05,False,4.3968063457e-04,3.0078018571e-04,6.3054770592e-04,7.2754896385e-04,True
2024-06-23,1.1875929887e-04,False,5.1567626386e-05,2.8293760191e-04,6.1355264928e-04,5.7599512851e-04,True
2024-06-24,1.0529913067e-03,False,1.1875929887e-04,2.8230814416e-04,6.3101639144e-04,5.6686517430e-04,True
2024-06-25,7.0601192038e-04,False,1.0529913067e-03,3.9927628196e-04,8.4752014041e-04,9.1359726103e-04,True
2024-06-26,3.8269400134e-04,False,7.0601192038e-04,4.1216148645e-04,8.5111065814e-04,8.1292688701e-04,True
2024-06-27,3.4278099419e-04,False,3.8269400134e-04,4.0155529212e-04,8.2894129824e-04,7.0348182605e-04,True
2024-06-28,3.9003907705e-04,False,3.4278099419e-04,3.8877382794e-04,7.9681644661e-04,7.0074332049e-04,True
2024-06-29,1.1076878684e-04,False,3.9003907705e-04,3.9175355415e-04,8.0441163831e-04,7.2781738998e-04,True
2024-06-30,3.1999717726e-04,False,1.1076878684e-04,3.7333287412e-04,7.6712194305e-04,5.9349895299e-04,True
2024-07-01,3.3294434900e-04,False,3.1999717726e-04,4.0088538671e-04,8.0302675390e-04,6.5037303575e-04,True
2024-07-02,2.2168846582e-04,False,3.3294434900e-04,3.7708115995e-04,7.6016716803e-04,6.5514460569e-04,True
2024-07-03,5.0559023590e-04,False,2.2168846582e-04,3.6342920169e-04,7.4228119605e-04,6.1421852280e-04,True
2024-07-04,1.1631737132e-03,False,5.0559023590e-04,4.0116651762e-04,8.1563276318e-04,7.1054609438e-04,True
2024-07-05,2.4297871881e-03,False,1.1631737132e-03,5.5132256626e-04,1.0724351282e-03,9.6880889665e-04,True
2024-07-06,4.0486017171e-04,False,2.4297871881e-03,5.2153835495e-04,9.9695875071e-04,1.4851574703e-03,True
2024-07-07,5.0157633939e-04,False,4.0486017171e-04,5.3690180319e-04,9.9326781280e-04,8.1831256268e-04,True
2024-07-08,2.0318869869e-03,False,5.0157633939e-04,6.0848916787e-04,1.0975373034e-03,8.6455750289e-04,True
2024-07-09,8.0018019429e-04,False,2.0318869869e-03,5.8588360096e-04,1.0289180472e-03,1.4454741024e-03,True
2024-07-10,6.4005373582e-04,False,8.0018019429e-04,5.8322764945e-04,9.9875634361e-04,1.0273890625e-03,True
2024-07-11,9.4226646623e-04,False,6.4005373582e-04,5.5011534052e-04,9.3083001903e-04,9.0405860259e-04,True
2024-07-12,5.7571403793e-04,False,9.4226646623e-04,5.1980868906e-04,8.7466332134e-04,1.0304826693e-03,True
2024-07-13,3.3520438100e-04,False,5.7571403793e-04,4.9407236021e-04,8.2696298139e-04,9.1398223580e-04,True
2024-07-14,5.5555994466e-04,False,3.3520438100e-04,4.9469601412e-04,8.2346107456e-04,7.6958144413e-04,True
2024-07-15,8.2476466297e-04,False,5.5555994466e-04,5.0735929387e-04,8.3912507936e-04,8.3770772826e-04,True
2024-07-16,1.0382441057e-03,False,8.2476466297e-04,7.1188429793e-04,1.1578087493e-03,9.4010321500e-04,True
2024-07-17,6.9438898730e-04,False,1.0382441057e-03,6.7062928065e-04,1.0626406403e-03,1.0140219566e-03,True
2024-07-18,5.0703562876e-04,False,6.9438898730e-04,6.4354605197e-04,1.0061354775e-03,9.0481404322e-04,True
2024-07-19,6.3624821429e-04,False,5.0703562876e-04,6.0507980461e-04,9.3317733672e-04,8.5046212816e-04,True
2024-07-20,2.7964305429e-04,False,6.3624821429e-04,6.6919642027e-04,1.0236166735e-03,8.9877341008e-04,True
2024-07-21,5.3144706057e-04,False,2.7964305429e-04,6.3213288960e-04,9.5049814304e-04,7.5931650991e-04,True
2024-07-22,3.9723094769e-04,False,5.3144706057e-04,6.0798868368e-04,9.0360550236e-04,8.2716943813e-04,True
2024-07-23,5.5070854759e-04,False,3.9723094769e-04,5.7673735492e-04,8.5634167222e-04,7.7224377399e-04,True
2024-07-24,4.4638507720e-04,False,5.5070854759e-04,5.7645443368e-04,8.6766712767e-04,8.2644736940e-04,True
2024-07-25,8.1741757650e-04,False,4.4638507720e-04,5.4623231768e-04,8.2412740788e-04,7.8683557538e-04,True
2024-07-26,4.3912040527e-04,False,8.1741757650e-04,5.1596526764e-04,7.7996924798e-04,9.3238752950e-04,True
2024-07-27,1.2629286436e-03,False,4.3912040527e-04,5.4467329557e-04,8.2910129493e-04,7.9704565353e-04,True
2024-07-28,2.7272498118e-04,False,1.2629286436e-03,5.1199461583e-04,7.8190210439e-04,1.0904516237e-03,True
2024-07-29,7.3210285082e-04,False,2.7272498118e-04,4.8289184546e-04,7.4292351488e-04,7.5178957593e-04,True
2024-07-30,5.1723373642e-04,False,7.3210285082e-04,4.8217645641e-04,7.5629738275e-04,9.1618986374e-04,True
2024-07-31,5.3462549482e-04,False,5.1723373642e-04,4.5807856731e-04,7.2991384625e-04,8.1947793209e-04,True
2024-08-01,7.9747640522e-04,False,5.3462549482e-04,4.6472727949e-04,7.5904493325e-04,8.2613410783e-04,True
2024-08-02,1.2000433629e-03,False,7.9747640522e-04,4.4433138486e-04,7.3083633908e-04,8.9678186420e-04,True
2024-08-03,8.2462797175e-04,False,1.2000433629e-03,6.3953508265e-04,1.0740397757e-03,1.0670129977e-03,True
2024-08-04,1.0063536159e-03,False,8.2462797175e-04,6.1145869130e-04,1.0108268874e-03,9.4892956891e-04,True
2024-08-05,1.3148970696e-02,False,1.0063536159e-03,6.8414580415e-04,1.1256257228e-03,1.0336443822e-03,True
2024-08-06,2.1872027356e-03,False,1.3148970696e-02,9.7061632645e-04,1.5852801356e-03,5.6379266009e-03,True
2024-08-07,1.4073727466e-03,False,2.1872027356e-03,9.9193081337e-04,1.5447058583e-03,2.0870125323e-03,True
2024-08-08,2.7941349840e-03,False,1.4073727466e-03,9.4772731160e-04,1.4210447687e-03,1.8417257690e-03,True
2024-08-09,1.4286316029e-03,False,2.7941349840e-03,1.6473706234e-03,2.4783804516e-03,2.3921418752e-03,True
2024-08-10,2.8880640529e-04,False,1.4286316029e-03,1.5600251237e-03,2.2103092417e-03,1.9676676879e-03,True
2024-08-11,6.4463404486e-04,False,2.8880640529e-04,1.4665420095e-03,1.9590196596e-03,1.1035778067e-03,True
2024-08-12,1.8342642404e-03,False,6.4463404486e-04,1.4605339791e-03,1.8881069712e-03,1.1655749121e-03,True
2024-08-13,8.8568457845e-04,False,1.8342642404e-03,1.3798245001e-03,1.6926722344e-03,1.5847134250e-03,True
2024-08-14,7.9410569641e-04,False,8.8568457845e-04,1.3227129382e-03,1.5535682707e-03,1.2059609538e-03,True
2024-08-15,1.1332627110e-03,False,7.9410569641e-04,1.3045067206e-03,1.5072962228e-03,1.1541585003e-03,True
2024-08-16,9.1866938827e-04,False,1.1332627110e-03,1.2494223999e-03,1.4029331688e-03,1.3037312481e-03,True
2024-08-17,1.3200092103e-04,False,9.1866938827e-04,1.2059518316e-03,1.3153193703e-03,1.2444017814e-03,True
2024-08-18,3.0648330728e-04,False,1.3200092103e-04,1.1401242232e-03,1.2037704434e-03,9.1875641135e-04,True
2024-08-19,6.1462757771e-04,False,3.0648330728e-04,1.0912813405e-03,1.1378365927e-03,9.4484175820e-04,True
2024-08-20,7.0826586713e-04,False,6.1462757771e-04,1.0434684065e-03,1.0685560247e-03,1.0422924436e-03,True
2024-08-21,8.0840061794e-04,False,7.0826586713e-04,9.8394556722e-04,9.8798855732e-04,1.0566253044e-03,True
2024-08-22,4.6947162784e-04,False,8.0840061794e-04,1.0011947842e-03,1.0319764782e-03,1.0879625553e-03,True
2024-08-23,1.0583604803e-03,False,4.6947162784e-04,9.5101417387e-04,9.7365971417e-04,9.8848001610e-04,True
2024-08-24,2.4954537991e-04,False,1.0583604803e-03,1.1019346602e-03,1.2300021670e-03,1.2125884523e-03,True
2024-08-25,1.8596846572e-04,False,2.4954537991e-04,1.0360280740e-03,1.1217948803e-03,9.2389956895e-04,True
2024-08-26,3.9387784029e-04,False,1.8596846572e-04,9.7392416992e-04,1.0298941776e-03,8.7691504256e-04,True
2024-08-27,1.3905813866e-03,False,3.9387784029e-04,9.4405117081e-04,1.0051259269e-03,9.2346971957e-04,True
2024-08-28,1.3286046449e-03,False,1.3905813866e-03,1.0752296220e-03,1.2556878847e-03,1.1743179769e-03,True
2024-08-29,7.3150480740e-04,False,1.3286046449e-03,1.0131872306e-03,1.1496501408e-03,1.1561184159e-03,True
2024-08-30,6.4032754054e-04,False,7.3150480740e-04,9.5419461732e-04,1.0551582109e-03,9.7171279718e-04,True
2024-08-31,9.6047946977e-05,False,6.4032754054e-04,8.9788724017e-04,9.7614380137e-04,9.3837707437e-04,True
2024-09-01,5.9494420382e-04,False,9.6047946977e-05,8.4440118253e-04,9.0772166051e-04,7.3546485398e-04,True
2024-09-02,5.1153350523e-04,False,5.9494420382e-04,8.4337715523e-04,9.3799077717e-04,8.7204270345e-04,True
2024-09-03,4.0449720856e-04,False,5.1153350523e-04,8.5208802617e-04,9.6276702753e-04,8.1241630413e-04,True
2024-09-04,1.5069926019e-03,False,4.0449720856e-04,8.4868695120e-04,9.8143106515e-04,7.5120108893e-04,True
2024-09-05,9.6855204948e-04,False,1.5069926019e-03,8.0196877326e-04,9.1543768960e-04,1.1520281657e-03,True
2024-09-06,1.4708253148e-03,False,9.6855204948e-04,8.1293418676e-04,9.6081464485e-04,1.0097474042e-03,True
2024-09-07,2.5894689934e-04,False,1.4708253148e-03,8.6142348303e-04,1.0646631305e-03,1.2110588101e-03,True
2024-09-08,4.5384142623e-04,False,2.5894689934e-04,8.1054200188e-04,9.8185074865e-04,7.9705247039e-04,True
2024-09-09,7.9401663767e-04,False,4.5384142623e-04,7.7206092365e-04,9.2428384644e-04,8.6574203652e-04,True
2024-09-10,5.8019312132e-04,False,7.9401663767e-04,8.1616612358e-04,1.0002578924e-03,9.5509664490e-04,True
2024-09-11,9.5345500969e-04,False,5.8019312132e-04,7.7363513699e-04,9.3454934979e-04,8.6976082187e-04,True
2024-09-12,6.2688311778e-04,False,9.5345500969e-04,7.2882922300e-04,8.7379574074e-04,9.7513330485e-04,True
2024-09-13,4.8015916497e-04,False,6.2688311778e-04,6.9645677228e-04,8.3451234715e-04,8.7992238947e-04,True
2024-09-14,1.5562711015e-04,False,4.8015916497e-04,7.5013498452e-04,9.3073176247e-04,8.3265745306e-04,True
2024-09-15,2.6868741137e-04,False,1.5562711015e-04,7.0934227824e-04,8.7730927035e-04,6.9316688426e-04,True
2024-09-16,5.5149236961e-04,False,2.6868741137e-04,6.7932056792e-04,8.4703656209e-04,7.1849027272e-04,True
2024-09-17,7.4248849675e-04,False,5.5149236961e-04,6.5325016637e-04,8.2510326240e-04,7.9954177226e-04,True
2024-09-18,9.1141538456e-04,False,7.4248849675e-04,6.8940788131e-04,8.9124434970e-04,8.6986875217e-04,True
2024-09-19,6.1153081096e-04,False,9.1141538456e-04,6.8172109461e-04,8.8294516676e-04,9.3705210204e-04,True
2024-09-20,4.8801289824e-04,False,6.1153081096e-04,6.6259903428e-04,8.5780522103e-04,8.4883865658e-04,True
2024-09-21,1.1152001077e-04,False,4.8801289824e-04,6.2380890182e-04,8.0665490393e-04,8.1406926519e-04,True
2024-09-22,2.7171891425e-04,False,1.1152001077e-04,5.8670822311e-04,7.6256398820e-04,6.6851527573e-04,True
2024-09-23,5.0614670860e-04,False,2.7171891425e-04,5.5229241185e-04,7.2546147087e-04,7.0480431757e-04,True
2024-09-24,4.5467465475e-04,False,5.0614670860e-04,5.2000428270e-04,6.9599866180e-04,7.6552700348e-04,True
2024-09-25,3.6695962669e-04,False,4.5467465475e-04,5.0135383647e-04,6.8503401596e-04,7.4201078403e-04,True
2024-09-26,5.2695049093e-04,False,3.6695962669e-04,4.8951071611e-04,6.9356181994e-04,7.0809557964e-04,True
2024-09-27,2.8763537986e-04,False,5.2695049093e-04,5.1973475801e-04,7.5481137289e-04,7.6687396116e-04,True
2024-09-28,1.0807379223e-04,False,2.8763537986e-04,4.9352209480e-04,7.2418849997e-04,6.8219141023e-04,True
2024-09-29,9.9032513322e-05,False,1.0807379223e-04,4.6401816158e-04,6.9233334616e-04,5.9497041705e-04,True
2024-09-30,4.7314348816e-04,False,9.9032513322e-05,4.3708713397e-04,6.6795555879e-04,5.7678629427e-04,True
2024-10-01,7.7385106891e-04,False,4.7314348816e-04,4.8556479799e-04,7.7561535370e-04,7.0372405068e-04,True
2024-10-02,1.0352085269e-03,False,7.7385106891e-04,5.5550917422e-04,9.0824292701e-04,8.1159753745e-04,True
2024-10-03,6.3200251269e-04,False,1.0352085269e-03,5.2257710620e-04,8.5041153437e-04,9.3004190243e-04,True
2024-10-04,4.2545806705e-04,False,6.3200251269e-04,4.9139668173e-04,7.9376368437e-04,8.1422122642e-04,True
2024-10-05,8.5108075958e-05,False,4.2545806705e-04,4.9018927989e-04,7.9074092532e-04,7.5660114760e-04,True
2024-10-06,1.4285741209e-04,False,8.5108075958e-05,4.6079013198e-04,7.4817393269e-04,6.2610149561e-04,True
2024-10-07,6.3968397962e-04,False,1.4285741209e-04,4.4207697453e-04,7.2301742413e-04,6.2086291674e-04,True
2024-10-08,4.4631398746e-04,False,6.3968397962e-04,4.2100307858e-04,7.0194498263e-04,7.7259244991e-04,True
2024-10-09,3.5537395900e-04,False,4.4631398746e-04,3.9580546342e-04,6.7286754099e-04,7.0092348547e-04,True
2024-10-10,5.0729326755e-04,False,3.5537395900e-04,4.0905030870e-04,7.1499200186e-04,6.6454565458e-04,True
2024-10-11,4.0321094713e-04,False,5.0729326755e-04,3.8607981802e-04,6.8756646572e-04,7.2640546989e-04,True
2024-10-12,1.5930550949e-04,False,4.0321094713e-04,4.4083364911e-04,7.7744312562e-04,6.9988885472e-04,True
2024-10-13,2.1641262867e-04,False,1.5930550949e-04,4.2112060343e-04,7.4477776154e-04,5.9825815033e-04,True
2024-10-14,5.4753765932e-04,False,2.1641262867e-04,3.9756000841e-04,7.1318585493e-04,6.0911250860e-04,True
2024-10-15,1.0290271612e-03,False,5.4753765932e-04,5.2285016273e-04,9.1165820421e-04,7.2766078027e-04,True
2024-10-16,5.2031640637e-04,False,1.0290271612e-03,5.0474985382e-04,8.6844610159e-04,9.1056557593e-04,True
2024-10-17,3.5375783683e-04,False,5.2031640637e-04,4.7840668436e-04,8.1832947633e-04,7.4837939497e-04,True
2024-10-18,3.7094989335e-04,False,3.5375783683e-04,4.5021943059e-04,7.7315773682e-04,7.0068776293e-04,True
2024-10-19,5.5725181965e-05,False,3.7094989335e-04,4.3637351646e-04,7.5045902773e-04,7.1048813174e-04,True
2024-10-20,1.2342989547e-04,False,5.5725181965e-05,4.1022316381e-04,7.1401250326e-04,5.8586705118e-04,True
2024-10-21,4.4224268295e-04,False,1.2342989547e-04,3.9104632414e-04,6.8898771412e-04,5.7381967972e-04,True
2024-10-22,4.2046893280e-04,False,4.4224268295e-04,4.0289315785e-04,7.2580094142e-04,6.7874598815e-04,True
2024-10-23,3.8503022526e-04,False,4.2046893280e-04,3.7875063488e-04,6.9263063003e-04,6.7346377333e-04,True
2024-10-24,3.2943341012e-04,False,3.8503022526e-04,3.6368140129e-04,6.8017955867e-04,6.5848495913e-04,True
2024-10-25,1.0096389439e-03,False,3.2943341012e-04,3.7273575632e-04,6.9807650256e-04,6.4363162887e-04,True
2024-10-26,1.3379736297e-04,False,1.0096389439e-03,3.8004714431e-04,7.1545458562e-04,9.0419645775e-04,True
2024-10-27,1.1398584034e-04,False,1.3379736297e-04,3.5933024336e-04,6.8447393394e-04,6.0179641742e-04,True
2024-10-28,4.1634232436e-04,False,1.1398584034e-04,3.4911522228e-04,6.7092915682e-04,5.8372331510e-04,True
2024-10-29,6.3260840178e-04,False,4.1634232436e-04,3.7564094901e-04,7.1419702215e-04,6.8668629200e-04,True
2024-10-30,5.4703599551e-04,False,6.3260840178e-04,4.4383433808e-04,8.1854294363e-04,7.6902710681e-04,True
2024-10-31,4.6590534680e-04,False,5.4703599551e-04,4.1895353675e-04,7.7500090376e-04,7.2431767227e-04,True
2024-11-01,9.1395324588e-04,False,4.6590534680e-04,4.4352955678e-04,8.2277993685e-04,7.1112072383e-04,True
2024-11-02,1.5074825998e-04,False,9.1395324588e-04,4.2470006348e-04,7.9015849261e-04,8.9239668802e-04,True
2024-11-03,4.1678411626e-04,False,1.5074825998e-04,3.9940107888e-04,7.4721505111e-04,6.2899136805e-04,True
2024-11-04,5.5004553840e-04,False,4.1678411626e-04,3.7994519536e-04,7.1964590700e-04,7.1052896063e-04,True
2024-11-05,6.6199644122e-04,False,5.5004553840e-04,3.6817303809e-04,7.0817161437e-04,7.5749295631e-04,True
2024-11-06,1.7369493654e-03,False,6.6199644122e-04,3.7561028311e-04,7.1836892416e-04,8.0268620263e-04,True
2024-11-07,5.5032940769e-04,False,1.7369493654e-03,7.9273827415e-04,1.3777685558e-03,1.1939251531e-03,True
2024-11-08,3.7795105429e-04,False,5.5032940769e-04,7.4602947260e-04,1.2475045434e-03,8.1937474684e-04,True
2024-11-09,1.3047610880e-04,False,3.7795105429e-04,7.0566088960e-04,1.1408967640e-03,7.6131099342e-04,True
2024-11-10,9.3120461374e-04,False,1.3047610880e-04,6.6360879653e-04,1.0451660915e-03,6.6158903010e-04,True
2024-11-11,1.3489249669e-03,False,9.3120461374e-04,7.5652016812e-04,1.1667568683e-03,9.4313780092e-04,True
2024-11-12,2.7711499391e-03,False,1.3489249669e-03,1.2877484237e-03,1.9796738020e-03,1.0775685583e-03,True
2024-11-13,2.5572915476e-03,False,2.7711499391e-03,1.2142111059e-03,1.7684652701e-03,1.6514679611e-03,True
2024-11-14,1.8413194226e-03,False,2.5572915476e-03,1.1856789152e-03,1.6446616681e-03,1.6843963331e-03,True
2024-11-15,1.2601001081e-03,False,1.8413194226e-03,1.1852360639e-03,1.5997160006e-03,1.5277479716e-03,True
2024-11-16,3.4986658034e-04,False,1.2601001081e-03,1.2177973886e-03,1.5935350963e-03,1.3579848338e-03,True
2024-11-17,4.4441456508e-04,False,3.4986658034e-04,1.1461713394e-03,1.4323524581e-03,1.0144404582e-03,True
2024-11-18,1.0987924626e-03,False,4.4441456508e-04,1.0813391697e-03,1.3037906356e-03,9.6050762358e-04,True
2024-11-19,8.0751972950e-04,False,1.0987924626e-03,1.0191881877e-03,1.1876997722e-03,1.1300648117e-03,True
2024-11-20,6.4400573320e-04,False,8.0751972950e-04,9.8253910512e-04,1.1197993592e-03,9.9905380205e-04,True
2024-11-21,9.8023633721e-04,False,6.4400573320e-04,9.5049625297e-04,1.0655004291e-03,9.2209079238e-04,True
2024-11-22,4.8103701498e-04,False,9.8023633721e-04,9.9859962810e-04,1.1393059587e-03,1.0604502432e-03,True
2024-11-23,2.1336792420e-04,False,4.8103701498e-04,9.4072310534e-04,1.0466198117e-03,8.9771965236e-04,True
2024-11-24,3.6833801335e-04,False,2.1336792420e-04,8.9351919815e-04,9.8478433363e-04,7.6943155112e-04,True
2024-11-25,1.0666093184e-03,False,3.6833801335e-04,8.4023320354e-04,9.1316762180e-04,8.0570049731e-04,True
2024-11-26,1.2266253716e-03,False,1.0666093184e-03,9.4735046106e-04,1.1224553960e-03,1.0573582557e-03,True
2024-11-27,6.0060766251e-04,False,1.2266253716e-03,8.9816718903e-04,1.0465489344e-03,1.1257580496e-03,True
2024-11-28,4.1988730887e-04,False,6.0060766251e-04,9.4766907038e-04,1.1204398011e-03,9.2376625727e-04,True
2024-11-29,4.1334211998e-04,False,4.1988730887e-04,8.9112315467e-04,1.0302194788e-03,8.5934232456e-04,True
2024-11-30,1.3258376474e-04,False,4.1334211998e-04,8.5888310918e-04,9.8066204087e-04,8.5737104459e-04,True
2024-12-01,1.9919250006e-04,False,1.3258376474e-04,8.1441732110e-04,9.2456277357e-04,7.2726936993e-04,True
2024-12-02,7.2613667185e-04,False,1.9919250006e-04,7.6942031557e-04,8.6580942196e-04,7.1086242859e-04,True
2024-12-03,5.6546682176e-04,False,7.2613667185e-04,7.3490051090e-04,8.3497247290e-04,8.8677006173e-04,True
2024-12-04,6.4161047518e-04,False,5.6546682176e-04,6.9080701756e-04,7.8559012842e-04,8.3180631823e-04,True
2024-12-05,4.0029651194e-03,False,6.4161047518e-04,6.9694252321e-04,8.1182596965e-04,8.4494586106e-04,True
2024-12-06,8.7944949503e-04,False,4.0029651194e-03,6.7204494696e-04,7.9833794295e-04,2.1104711852e-03,True
2024-12-07,2.5276847093e-04,False,8.7944949503e-04,6.8020080142e-04,8.2406043409e-04,1.1000466730e-03,True
2024-12-08,2.8850883512e-04,False,2.5276847093e-04,6.3943881690e-04,7.7611684393e-04,8.6633066794e-04,True
2024-12-09,1.5797133111e-03,False,2.8850883512e-04,6.1077475276e-04,7.4271144103e-04,8.6673393857e-04,True
2024-12-10,1.2745386045e-03,False,1.5797133111e-03,6.6374763483e-04,8.6349878218e-04,1.3373646053e-03,True
2024-12-11,6.2475775337e-04,False,1.2745386045e-03,6.2690565073e-04,8.1636396367e-04,1.1360677895e-03,True
2024-12-12,6.4499382615e-04,False,6.2475775337e-04,7.1543071700e-04,9.5873331495e-04,9.1109693812e-04,True
2024-12-13,4.1002550510e-04,False,6.4499382615e-04,6.7995658638e-04,9.0601544102e-04,9.3239579023e-04,True
2024-12-14,2.4143672201e-04,False,4.1002550510e-04,6.5108631813e-04,8.6039982007e-04,8.5409589250e-04,True
2024-12-15,3.5163274163e-04,False,2.4143672201e-04,6.1202124440e-04,8.0669584024e-04,7.4575218875e-04,True
2024-12-16,7.7286590519e-04,False,3.5163274163e-04,6.2777054528e-04,8.3648141600e-04,7.4833623215e-04,True
2024-12-17,5.7516841060e-04,False,7.7286590519e-04,6.0387551449e-04,8.0381039274e-04,8.9615244354e-04,True
2024-12-18,1.2901491071e-03,False,5.7516841060e-04,5.6767303056e-04,7.5829584733e-04,8.2372535469e-04,True
2024-12-19,2.0126807855e-03,False,1.2901491071e-03,7.3193099786e-04,1.0584865952e-03,1.0925207095e-03,True
2024-12-20,1.9739903877e-03,False,2.0126807855e-03,7.3420918429e-04,1.0588767229e-03,1.4104942263e-03,True
2024-12-21,5.6971377750e-04,False,1.9739903877e-03,6.9089966750e-04,9.7587439506e-04,1.4740080256e-03,True
2024-12-22,6.4425825218e-04,False,5.6971377750e-04,6.5110797621e-04,9.0940728308e-04,1.0061620311e-03,True
2024-12-23,1.0697573127e-03,False,6.4425825218e-04,6.4076806752e-04,9.0177250770e-04,1.0379761798e-03,True
2024-12-24,6.3022653540e-04,False,1.0697573127e-03,6.0293918229e-04,8.4393769476e-04,1.1778150876e-03,True
2024-12-25,4.4604039576e-04,False,6.3022653540e-04,6.5843257027e-04,9.2860942980e-04,9.8026580462e-04,True
2024-12-26,6.8359644686e-04,False,4.4604039576e-04,6.2251547791e-04,8.6816675323e-04,8.6090369901e-04,True
2024-12-27,8.2024124379e-04,False,6.8359644686e-04,6.6852944975e-04,9.5983706673e-04,9.4354848303e-04,True
2024-12-28,1.7927860322e-04,False,8.2024124379e-04,6.4321479911e-04,9.2026855385e-04,9.6447917275e-04,True
2024-12-29,2.4378304131e-04,False,1.7927860322e-04,6.1131134269e-04,8.6518625643e-04,7.1334254862e-04,True
2024-12-30,6.4322878557e-04,False,2.4378304131e-04,5.9101525713e-04,8.4245043013e-04,7.1968146481e-04,True
2024-12-31,6.9134098889e-04,False,6.4322878557e-04,5.6172938681e-04,8.0291221398e-04,8.6169082522e-04,True
2025-01-01,2.6503400503e-04,False,6.9134098889e-04,5.3227230980e-04,7.6239831691e-04,8.6918342524e-04,True
2025-01-02,6.3277422617e-04,False,2.6503400503e-04,5.0733015398e-04,7.3146829173e-04,6.9826767843e-04,True
2025-01-03,3.0426427788e-04,False,6.3277422617e-04,5.1434078991e-04,7.4929233129e-04,8.3618414377e-04,True
2025-01-04,1.0136926818e-04,False,3.0426427788e-04,4.9239477144e-04,7.2291906917e-04,7.2701295239e-04,True
2025-01-05,1.5291327306e-04,False,1.0136926818e-04,4.6286443539e-04,6.8971093206e-04,6.3669471059e-04,True
2025-01-06,6.0277390399e-04,False,1.5291327306e-04,4.3521975973e-04,6.6124511949e-04,6.3226881036e-04,True
2025-01-07,5.0676394822e-04,False,6.0277390399e-04,4.9854602974e-04,7.6797140356e-04,7.9516920831e-04,True
2025-01-08,1.0074382154e-03,False,5.0676394822e-04,6.3740881563e-04,1.0123662042e-03,7.5618434222e-04,True
2025-01-09,9.4263699845e-04,False,1.0074382154e-03,6.2251650024e-04,9.7995085637e-04,9.5141366479e-04,True
2025-01-10,1.2196866294e-03,False,9.4263699845e-04,6.2806313970e-04,9.8542601199e-04,9.5844900387e-04,True
2025-01-11,1.2398376381e-04,False,1.2196866294e-03,6.2271199234e-04,9.5852671730e-04,1.0821331297e-03,True
2025-01-12,1.4321085751e-04,False,1.2398376381e-04,5.8545577493e-04,8.9157299920e-04,6.8591522295e-04,True
2025-01-13,1.4254231461e-03,False,1.4321085751e-04,5.5034866983e-04,8.3404320702e-04,6.7416241930e-04,True
2025-01-14,6.7348960073e-04,False,1.4254231461e-03,5.1732828857e-04,7.8474464975e-04,1.1190143125e-03,True
2025-01-15,6.6754636559e-04,False,6.7348960073e-04,5.1323390815e-04,7.7920046862e-04,8.5783800446e-04,True
2025-01-16,6.1677429910e-04,False,6.6754636559e-04,5.7823778427e-04,8.7840302864e-04,8.3536488522e-04,True
2025-01-17,5.4728746413e-04,False,6.1677429910e-04,5.4509689241e-04,8.2656871623e-04,8.3876615852e-04,True
2025-01-18,5.8994460486e-04,False,5.4728746413e-04,6.0883532207e-04,9.1983774564e-04,8.2969279640e-04,True
2025-01-19,2.1397199181e-03,False,5.8994460486e-04,5.7356895335e-04,8.5862607763e-04,8.0992297139e-04,True
2025-01-20,5.4564916435e-03,False,2.1397199181e-03,5.9803767769e-04,9.0860558554e-04,1.3937079676e-03,True
2025-01-21,1.7696160923e-03,False,5.4564916435e-03,5.6714662106e-04,8.5362223574e-04,2.7164760315e-03,True
2025-01-22,5.0487715416e-04,False,1.7696160923e-03,6.1648908465e-04,9.1940715681e-04,1.5580437218e-03,True
2025-01-23,2.5041354366e-03,False,5.0487715416e-04,6.1187389483e-04,9.1576614707e-04,1.1384445433e-03,True
2025-01-24,6.3936602734e-04,False,2.5041354366e-03,5.7539244545e-04,8.5414574658e-04,1.8896815787e-03,True
2025-01-25,1.5385749928e-04,False,6.3936602734e-04,5.4594491847e-04,8.0696519947e-04,1.2199666119e-03,True
2025-01-26,1.7993652058e-04,False,1.5385749928e-04,5.1327173464e-04,7.6188642024e-04,8.5908972036e-04,True
2025-01-27,1.4365314814e-03,False,1.7993652058e-04,5.0772399917e-04,7.6905314355e-04,8.0839941695e-04,True
2025-01-28,6.7259553484e-04,False,1.4365314814e-03,4.7891324025e-04,7.3320413736e-04,1.2688934334e-03,True
2025-01-29,6.4271041631e-04,False,6.7259553484e-04,4.5341763627e-04,7.0571592888e-04,9.4952426011e-04,True
2025-01-30,3.8387059096e-04,False,6.4271041631e-04,4.5902579025e-04,7.1973160738e-04,9.4100069252e-04,True
2025-01-31,4.7982571879e-04,False,3.8387059096e-04,4.3689421909e-04,6.9253817820e-04,8.5835589148e-04,True
2025-02-01,2.2706684107e-04,False,4.7982571879e-04,4.4009892295e-04,7.1688447929e-04,8.9653491418e-04,True
2025-02-02,8.7989476178e-04,False,2.2706684107e-04,4.3242412242e-04,7.1941797297e-04,7.5821073726e-04,True
2025-02-03,2.6165869791e-03,False,8.7989476178e-04,4.5904461914e-04,7.7875383395e-04,9.8782664465e-04,True
2025-02-04,1.3889472491e-03,False,2.6165869791e-03,5.1126321044e-04,8.5250273502e-04,1.6571448224e-03,True
2025-02-05,7.3527556487e-04,False,1.3889472491e-03,5.5757347909e-04,9.3302252691e-04,1.2909946846e-03,True
2025-02-06,5.8123544151e-04,False,7.3527556487e-04,5.3253035440e-04,8.8602107387e-04,1.0861694722e-03,True
2025-02-07,8.3172347005e-04,False,5.8123544151e-04,5.0060023013e-04,8.2917170309e-04,1.0478098209e-03,True
2025-02-08,1.4942617881e-04,False,8.3172347005e-04,4.7057877502e-04,7.8054604509e-04,1.1302835762e-03,True
2025-02-09,3.0120077315e-04,False,1.4942617881e-04,4.4236887633e-04,7.3905419803e-04,8.0921399855e-04,True
2025-02-10,4.2713065197e-04,False,3.0120077315e-04,4.1582883565e-04,7.0330941632e-04,8.1525360894e-04,True
2025-02-11,3.0499454359e-04,False,4.2713065197e-04,3.9686191492e-04,6.7926270210e-04,8.2842765218e-04,True
2025-02-12,9.4810099166e-04,False,3.0499454359e-04,3.9061016473e-04,6.8524390586e-04,7.2814687194e-04,True
2025-02-13,3.9312124169e-04,False,9.4810099166e-04,3.9517976269e-04,6.8786835164e-04,9.3607912156e-04,True
2025-02-14,4.9808948716e-04,False,3.9312124169e-04,3.8157307040e-04,6.7827188453e-04,7.6150784765e-04,True
2025-02-15,9.0690450208e-05,False,4.9808948716e-04,3.6375079355e-04,6.5559801772e-04,7.8398622431e-04,True
2025-02-16,8.6773366025e-05,False,9.0690450208e-05,3.4195593091e-04,6.3068175242e-04,6.3185093705e-04,True
2025-02-17,2.4175390263e-04,False,8.6773366025e-05,3.3491830143e-04,6.3532329735e-04,6.2144876451e-04,True
2025-02-18,4.3800752938e-04,False,2.4175390263e-04,3.1556829967e-04,6.1571786342e-04,6.4625306377e-04,True
2025-02-19,3.1188781221e-04,False,4.3800752938e-04,2.9671094292e-04,5.9719370173e-04,7.0272702221e-04,True
2025-02-20,2.2760404283e-04,False,3.1188781221e-04,2.8504707437e-04,5.8769721625e-04,6.5060990488e-04,True
2025-02-21,5.9837994031e-04,False,2.2760404283e-04,2.8535968534e-04,5.9546478872e-04,6.2384130353e-04,True
2025-02-22,9.0149805575e-05,False,5.9837994031e-04,2.9683855309e-04,6.3122502311e-04,7.6697572594e-04,True
2025-02-23,8.9040232048e-05,False,9.0149805575e-05,2.7990812008e-04,6.1027964013e-04,5.9015431565e-04,True
2025-02-24,6.3189324317e-04,False,8.9040232048e-05,2.6366790386e-04,5.9385964740e-04,5.7508525180e-04,True
2025-02-25,1.9495203116e-03,False,6.3189324317e-04,3.9854077459e-04,8.3202158670e-04,7.6316685990e-04,True
2025-02-26,2.2801511468e-03,False,1.9495203116e-03,4.3560010426e-04,8.8783949579e-04,1.2551293350e-03,True
2025-02-27,1.0297328332e-03,False,2.2801511468e-03,5.6705328386e-04,1.0946730813e-03,1.4361720516e-03,True
2025-02-28,3.7439078198e-03,False,1.0297328332e-03,5.3479739442e-04,1.0074938616e-03,1.0630269943e-03,True
2025-03-01,5.6343828290e-04,False,3.7439078198e-03,5.0378963063e-04,9.3468454769e-04,2.1243555620e-03,True
2025-03-02,2.4134811879e-03,False,5.6343828290e-04,4.9785900298e-04,9.0218385909e-04,1.0730908663e-03,True
2025-03-03,2.4740307398e-03,False,2.4134811879e-03,9.6556452856e-04,1.6053342137e-03,1.7208711952e-03,True
2025-03-04,2.9324843291e-03,False,2.4740307398e-03,1.3856046900e-03,2.2281042196e-03,1.7693687836e-03,True
2025-03-05,1.4662054040e-03,False,2.9324843291e-03,1.3114498030e-03,1.9861036932e-03,2.0163714259e-03,True
2025-03-06,1.6414642017e-03,False,1.4662054040e-03,1.3165830675e-03,1.8906956969e-03,1.4597249886e-03,True
2025-03-07,3.5182034046e-03,False,1.6414642017e-03,1.2409342914e-03,1.7095120124e-03,1.5646551466e-03,True
2025-03-08,4.0194226841e-04,False,3.5182034046e-03,1.2417775713e-03,1.6613481750e-03,2.2536600282e-03,True
2025-03-09,8.1227853088e-04,False,4.0194226841e-04,1.1699612612e-03,1.4933494458e-03,1.1504566931e-03,True
2025-03-10,2.6515151861e-03,False,8.1227853088e-04,1.3592751819e-03,1.7869677284e-03,1.2119362204e-03,True
2025-03-11,2.0416840332e-03,False,2.6515151861e-03,1.3209590616e-03,1.6724633010e-03,1.8855708218e-03,True
2025-03-12,9.8836109401e-04,False,2.0416840332e-03,1.4148125399e-03,1.7636854835e-03,1.7178208668e-03,True
2025-03-13,7.1216841700e-04,False,9.8836109401e-04,1.3347498293e-03,1.5794667187e-03,1.2816230985e-03,True
2025-03-14,5.8584330046e-04,False,7.1216841700e-04,1.3127867342e-03,1.5212522699e-03,1.2062740727e-03,True
2025-03-15,1.3750526324e-04,False,5.8584330046e-04,1.3064285098e-03,1.4758663381e-03,1.1594366237e-03,True
2025-03-16,6.5597800788e-04,False,1.3750526324e-04,1.2291117958e-03,1.3295204481e-03,9.1258176499e-04,True
2025-03-17,4.6693456278e-04,False,6.5597800788e-04,1.1821701153e-03,1.2542634681e-03,1.0358612676e-03,True
2025-03-18,4.9308101148e-04,False,4.6693456278e-04,1.1290624502e-03,1.1643307225e-03,9.5746902871e-04,True
2025-03-19,5.6925129526e-04,False,4.9308101148e-04,1.0757986339e-03,1.0917784245e-03,9.5622064932e-04,True
2025-03-20,6.1524990044e-04,False,5.6925129526e-04,1.1537533233e-03,1.2204525012e-03,9.6718541478e-04,True
2025-03-21,3.4532519241e-04,False,6.1524990044e-04,1.1409415581e-03,1.2124898905e-03,9.8420552545e-04,True
2025-03-22,5.4818661260e-05,False,3.4532519241e-04,1.0726385512e-03,1.1053503862e-03,8.7699849980e-04,True
2025-03-23,1.5459831275e-04,False,5.4818661260e-05,1.0088045166e-03,1.0150801841e-03,7.3034988144e-04,True
2025-03-24,4.3724917406e-04,False,1.5459831275e-04,9.9005862800e-04,9.9705901474e-04,7.4613332939e-04,True
2025-03-25,3.7428103574e-04,False,4.3724917406e-04,9.4661925855e-04,9.4245532183e-04,8.1489654531e-04,True
2025-03-26,3.6178833402e-04,False,3.7428103574e-04,8.8990908927e-04,8.7508958957e-04,7.6481268297e-04,True
2025-03-27,2.8666727351e-04,False,3.6178833402e-04,8.3836279388e-04,8.2184206489e-04,7.3654659663e-04,True
2025-03-28,3.9381197987e-04,False,2.8666727351e-04,7.8888589328e-04,7.7211990594e-04,7.0914831831e-04,True
2025-03-29,3.3462412720e-04,False,3.9381197987e-04,8.0576951672e-04,8.4055746912e-04,7.4129070824e-04,True
2025-03-30,2.8419170249e-04,False,3.3462412720e-04,7.8454021177e-04,8.3790268755e-04,6.8732358373e-04,True
2025-03-31,7.0705830414e-04,False,2.8419170249e-04,7.3805681948e-04,7.8705984699e-04,6.6603090361e-04,True
2025-04-01,4.2850272866e-04,False,7.0705830414e-04,6.9399930606e-04,7.4176174873e-04,8.1695437350e-04,True
2025-04-02,1.3775535712e-03,False,4.2850272866e-04,7.1042201513e-04,7.8950931519e-04,7.0939313629e-04,True
2025-04-03,7.1387057112e-04,False,1.3775535712e-03,7.2739452956e-04,8.5054886440e-04,1.0522071834e-03,True
2025-04-04,1.3139148682e-03,False,7.1387057112e-04,6.8799347288e-04,8.0049518640e-04,8.4584100219e-04,True
2025-04-05,1.7169073358e-04,False,1.3139148682e-03,6.5065065893e-04,7.5750130320e-04,1.0878079943e-03,True
2025-04-06,7.5545801784e-04,False,1.7169073358e-04,6.1267171793e-04,7.1973725018e-04,6.8810826244e-04,True
2025-04-07,3.6567244939e-03,False,7.5545801784e-04,8.1477008992e-04,1.0935036642e-03,8.9808450348e-04,True
2025-04-08,9.7608503273e-04,False,3.6567244939e-03,7.7107947172e-04,1.0084852158e-03,1.9668664169e-03,True
2025-04-09,2.6938711930e-03,False,9.7608503273e-04,8.0494830381e-04,1.0718724882e-03,1.1012008816e-03,True
2025-04-10,8.8403404718e-04,False,2.6938711930e-03,1.1332682620e-03,1.5777559263e-03,1.7389737896e-03,True
2025-04-11,8.8328336151e-04,False,8.8403404718e-04,1.1478039200e-03,1.5602430680e-03,1.1747277908e-03,True
2025-04-12,4.1068961456e-04,False,8.8328336151e-04,1.2105091929e-03,1.6015832309e-03,1.1817102510e-03,True
2025-04-13,6.8420705264e-04,False,4.1068961456e-04,1.1668381484e-03,1.4759781751e-03,9.0392355381e-04,True
2025-04-14,7.7165131429e-04,False,6.8420705264e-04,1.1161557929e-03,1.3647798944e-03,9.8853948742e-04,True
2025-04-15,4.2005531729e-04,False,7.7165131429e-04,1.0550423229e-03,1.2401824577e-03,9.5028512693e-04,True
2025-04-16,6.0325305651e-04,False,4.2005531729e-04,9.9935400868e-04,1.1431076472e-03,8.1695577790e-04,True
2025-04-17,2.5686588256e-04,False,6.0325305651e-04,9.4066724271e-04,1.0456123625e-03,8.6856747645e-04,True
2025-04-18,6.2974300383e-05,False,2.5686588256e-04,8.9130338213e-04,9.7037526040e-04,7.4780496420e-04,True
2025-04-19,1.0395934774e-04,False,6.2974300383e-05,8.3969757216e-04,9.0255849351e-04,6.5820853604e-04,True
2025-04-20,1.2154934576e-04,False,1.0395934774e-04,7.9234447996e-04,8.4167312628e-04,6.4334384326e-04,True
2025-04-21,5.7768851602e-04,False,1.2154934576e-04,7.4489034021e-04,7.8820385146e-04,6.3552243349e-04,True
2025-04-22,9.3126157335e-04,False,5.7768851602e-04,7.4415270914e-04,8.0724656563e-04,7.8702926863e-04,True
2025-04-23,6.1330973696e-04,False,9.3126157335e-04,9.5713282202e-04,1.1623549785e-03,9.3081961491e-04,True
2025-04-24,3.3043658392e-04,False,6.1330973696e-04,9.0012667014e-04,1.0608591154e-03,8.4893745632e-04,True
2025-04-25,4.1134630519e-04,False,3.3043658392e-04,8.4668973605e-04,9.7472790216e-04,7.5442974684e-04,True
2025-04-26,1.3660712772e-04,False,4.1134630519e-04,7.9881097055e-04,9.0427741796e-04,7.8890883163e-04,True
2025-04-27,1.8802271157e-04,False,1.3660712772e-04,7.5088307652e-04,8.4163822297e-04,6.7046940963e-04,True
2025-04-28,3.6360414984e-04,False,1.8802271157e-04,7.1105214953e-04,7.9957325116e-04,6.5911419228e-04,True
2025-04-29,3.0821191270e-04,False,3.6360414984e-04,6.7911502937e-04,7.6639086997e-04,7.0338393195e-04,True
2025-04-30,3.2845987100e-04,False,3.0821191270e-04,6.4218070579e-04,7.3293400304e-04,6.5210356025e-04,True
2025-05-01,3.0568603307e-04,False,3.2845987100e-04,6.0369849444e-04,6.9633108560e-04,6.4924299034e-04,True
2025-05-02,2.5073494222e-04,False,3.0568603307e-04,6.0295133086e-04,7.1606751237e-04,6.2512666554e-04,True
2025-05-03,7.7490974287e-05,False,2.5073494222e-04,5.6778696470e-04,6.8215380103e-04,6.0320604016e-04,True
2025-05-04,1.8499574759e-04,False,7.7490974287e-05,5.4058317629e-04,6.6711740150e-04,5.2750238212e-04,True
2025-05-05,2.8415420762e-04,False,1.8499574759e-04,5.2469695451e-04,6.7187632678e-04,5.5576576977e-04,True
2025-05-06,3.3101180211e-04,False,2.8415420762e-04,4.9461241052e-04,6.4502563644e-04,5.8264748545e-04,True
2025-05-07,3.7339500780e-04,False,3.3101180211e-04,4.9378798216e-04,6.6230260043e-04,5.9462377980e-04,True
2025-05-08,5.6726296973e-04,False,3.7339500780e-04,4.6440722289e-04,6.3580053452e-04,6.1261495534e-04,True
2025-05-09,4.3017909408e-04,False,5.6726296973e-04,6.6897342987e-04,9.7633429692e-04,6.9444096213e-04,True
2025-05-10,2.0247107833e-04,False,4.3017909408e-04,6.2930830622e-04,9.0441205185e-04,6.6026347606e-04,True
2025-05-11,3.7298100918e-04,False,2.0247107833e-04,6.1032107765e-04,8.6743021062e-04,5.8352270281e-04,True
2025-05-12,7.6882595802e-04,False,3.7298100918e-04,5.7633114316e-04,8.1264059123e-04,6.4354272730e-04,True
2025-05-13,3.7460688108e-04,False,7.6882595802e-04,5.5161850800e-04,7.8363627309e-04,7.9473023060e-04,True
2025-05-14,2.4485752101e-04,False,3.7460688108e-04,5.2817868538e-04,7.5091020573e-04,6.5587206080e-04,True
2025-05-15,4.4636669587e-04,False,2.4485752101e-04,4.9846519529e-04,7.1616512249e-04,5.9945401923e-04,True
2025-05-16,2.6299427394e-04,False,4.4636669587e-04,4.6892307962e-04,6.8150986334e-04,6.7315120615e-04,True
2025-05-17,1.3838667548e-04,False,2.6299427394e-04,4.4129004765e-04,6.5387535632e-04,6.0792828755e-04,True
2025-05-18,3.6669338704e-04,False,1.3838667548e-04,4.1545222502e-04,6.3070460532e-04,5.4025065629e-04,True
2025-05-19,5.6951394714e-04,False,3.6669338704e-04,4.5103766684e-04,6.9769878725e-04,6.1699853245e-04,True
2025-05-20,6.0451175919e-04,False,5.6951394714e-04,4.2811452906e-04,6.7519194047e-04,6.9951528591e-04,True
2025-05-21,1.0030182616e-03,False,6.0451175919e-04,4.1109103288e-04,6.5725462120e-04,7.1926167861e-04,True
2025-05-22,5.0376789716e-04,False,1.0030182616e-03,4.2640353032e-04,6.8871131006e-04,8.8494048855e-04,True
2025-05-23,5.8761994329e-04,False,5.0376789716e-04,4.2145236551e-04,6.8623102908e-04,7.3642001025e-04,True
2025-05-24,2.8195655797e-04,False,5.8761994329e-04,4.9208647354e-04,8.2416102136e-04,7.7494877136e-04,True
2025-05-25,2.7814889648e-04,False,2.8195655797e-04,4.6358225805e-04,7.7393561972e-04,6.6376933213e-04,True
2025-05-26,2.5192938018e-04,False,2.7814889648e-04,4.4365005908e-04,7.4014547746e-04,6.5187432849e-04,True
2025-05-27,3.5681069958e-04,False,2.5192938018e-04,4.1796366568e-04,7.0238322006e-04,6.1523159974e-04,True
2025-05-28,2.4019024877e-04,False,3.5681069958e-04,3.9412710765e-04,6.7333142457e-04,6.4465059727e-04,True
2025-05-29,4.2444765222e-04,False,2.4019024877e-04,3.7731277912e-04,6.5955840180e-04,5.9211855079e-04,True
2025-05-30,4.4197194164e-04,False,4.2444765222e-04,3.8000556706e-04,6.8088856613e-04,6.5840323294e-04,True
2025-05-31,2.2020989055e-04,False,4.4197194164e-04,3.7126905077e-04,6.7913852275e-04,6.6904843410e-04,True
2025-06-01,1.5984448882e-04,False,2.2020989055e-04,3.5102151389e-04,6.5170533387e-04,5.9280421805e-04,True
2025-06-02,2.7896876410e-04,False,1.5984448882e-04,3.3595890696e-04,6.3355668279e-04,5.6488613436e-04,True
2025-06-03,2.4154185053e-04,False,2.7896876410e-04,3.1604951799e-04,6.0132112347e-04,6.0440220624e-04,True
2025-06-04,1.6540726871e-04,False,2.4154185053e-04,2.9833149772e-04,5.8575175170e-04,5.7991347680e-04,True
2025-06-05,5.4236559436e-04,False,1.6540726871e-04,2.8294654332e-04,5.7514946038e-04,5.4220071139e-04,True
2025-06-06,2.3780450393e-04,False,5.4236559436e-04,3.2335040135e-04,6.6313960831e-04,6.8101571933e-04,True
2025-06-07,1.1717785944e-04,False,2.3780450393e-04,3.4774191235e-04,6.9828409939e-04,5.8176102204e-04,True
2025-06-08,8.4159032282e-05,False,1.1717785944e-04,3.3558177254e-04,6.7546477790e-04,5.3437974743e-04,True
2025-06-09,3.4603641669e-04,False,8.4159032282e-05,3.1562465155e-04,6.4524409574e-04,5.1680953093e-04,True
2025-06-10,2.9671807187e-04,False,3.4603641669e-04,4.0223553923e-04,7.7935320323e-04,6.0932943262e-04,True
2025-06-11,2.7730159903e-04,False,2.9671807187e-04,3.7810204480e-04,7.3391887751e-04,5.8102677967e-04,True
2025-06-12,3.6111849657e-04,False,2.7730159903e-04,3.6870957900e-04,7.2148593904e-04,5.7283268769e-04,True
2025-06-13,6.5463291149e-04,False,3.6111849657e-04,3.9278871894e-04,7.6854228752e-04,6.0329220022e-04,True
2025-06-14,1.1687406386e-04,False,6.5463291149e-04,3.7005603660e-04,7.2497242967e-04,7.2275937189e-04,True
2025-06-15,1.2950041001e-04,False,1.1687406386e-04,3.5013353592e-04,6.9323528454e-04,5.3268383314e-04,True
2025-06-16,3.0032965812e-04,False,1.2950041001e-04,3.2929894830e-04,6.6037697949e-04,5.2879173025e-04,True
2025-06-17,4.1094432519e-04,False,3.0032965812e-04,3.1720927675e-04,6.4171542776e-04,5.8582759304e-04,True
2025-06-18,3.8367212715e-04,False,4.1094432519e-04,3.2521972688e-04,6.6734368492e-04,6.2546631573e-04,True
2025-06-19,1.7817260054e-04,False,3.8367212715e-04,3.0632281325e-04,6.3859346756e-04,6.0636298764e-04,True
2025-06-20,3.7089610498e-04,False,1.7817260054e-04,2.8822805348e-04,6.1520300373e-04,5.4040183978e-04,True
2025-06-21,3.4684989405e-04,False,3.7089610498e-04,2.8120836258e-04,6.1490876897e-04,6.1221075933e-04,True
2025-06-22,9.0419142821e-04,False,3.4684989405e-04,2.7222845193e-04,6.1027853131e-04,6.0501911649e-04,True
2025-06-23,7.2567653169e-04,False,9.0419142821e-04,2.6367315023e-04,6.0612362068e-04,8.1344760053e-04,True
2025-06-24,2.8890194443e-04,False,7.2567653169e-04,3.5558031399e-04,7.4946540329e-04,7.7324512684e-04,True
2025-06-25,2.8140355149e-04,False,2.8890194443e-04,3.3725836353e-04,7.0414471856e-04,6.3391951927e-04,True
2025-06-26,2.3044240025e-04,False,2.8140355149e-04,3.2535598366e-04,6.7904997890e-04,6.2826088897e-04,True
2025-06-27,1.9511702081e-04,False,2.3044240025e-04,3.0664400301e-04,6.5000688031e-04,6.0753454223e-04,True
2025-06-28,2.4561929937e-05,False,1.9511702081e-04,2.8829832879e-04,6.2261729390e-04,5.6546325685e-04,True
2025-06-29,8.9931481044e-05,False,2.4561929937e-05,2.7132483105e-04,5.9927740797e-04,4.8052808165e-04,True
2025-06-30,1.8042666375e-04,False,8.9931481044e-05,2.6084537831e-04,5.8603928143e-04,4.9396354774e-04,True
2025-07-01,1.7643306557e-04,False,1.8042666375e-04,2.5276632007e-04,5.8392929645e-04,5.2060161818e-04,True
2025-07-02,2.4649470430e-04,False,1.7643306557e-04,2.4897812196e-04,5.8908730257e-04,5.1541331683e-04,True
2025-07-03,2.5112950299e-04,False,2.4649470430e-04,2.8639848957e-04,6.4729055583e-04,5.3972965111e-04,True
2025-07-04,1.3668119800e-04,False,2.5112950299e-04,2.7193327152e-04,6.2291017936e-04,5.4943785781e-04,True
2025-07-05,4.5997139724e-05,False,1.3668119800e-04,2.6860598056e-04,6.2525003445e-04,5.1124478898e-04,True
2025-07-06,8.5531558792e-05,False,4.5997139724e-05,2.5272453706e-04,6.0148140796e-04,4.7022488309e-04,True
2025-07-07,1.6442171174e-04,False,8.5531558792e-05,2.4269729765e-04,5.8701173823e-04,4.7923756207e-04,True
2025-07-08,1.3604517543e-04,False,1.6442171174e-04,2.3262826667e-04,5.7897244447e-04,5.0218579132e-04,True
2025-07-09,2.5030224194e-04,False,1.3604517543e-04,2.2088718988e-04,5.6400140590e-04,4.8670784552e-04,True
2025-07-10,7.3979053277e-04,False,2.5030224194e-04,2.3408129352e-04,5.8623695805e-04,5.2684064331e-04,True
2025-07-11,3.8282775701e-04,False,7.3979053277e-04,3.2608009810e-04,7.2856586877e-04,7.1743504218e-04,True
2025-07-12,8.6416200113e-05,False,3.8282775701e-04,3.1665110537e-04,7.0245896558e-04,6.1333620569e-04,True
2025-07-13,1.5484343776e-04,False,8.6416200113e-05,2.9770243293e-04,6.6791807625e-04,5.1002668443e-04,True
2025-07-14,5.6400949871e-04,False,1.5484343776e-04,2.9175881286e-04,6.5329254778e-04,5.3114657214e-04,True
2025-07-15,7.0704764962e-04,False,5.6400949871e-04,2.7664684908e-04,6.2762543306e-04,6.7409418618e-04,True
2025-07-16,3.7040251868e-04,False,7.0704764962e-04,2.7849646595e-04,6.3900968436e-04,7.1964581956e-04,True
2025-07-17,4.3085884966e-04,False,3.7040251868e-04,2.6505506891e-04,6.0469152154e-04,6.0925890611e-04,True
2025-07-18,3.6386205346e-04,False,4.3085884966e-04,2.5042216613e-04,5.8303511554e-04,6.4353284051e-04,True
2025-07-19,1.0186663859e-04,False,3.6386205346e-04,2.4209653755e-04,5.7810177682e-04,6.3061569699e-04,True
2025-07-20,1.5854299834e-04,False,1.0186663859e-04,2.2760182340e-04,5.5993306473e-04,5.2587167412e-04,True
2025-07-21,3.1554151171e-04,False,1.5854299834e-04,2.1538068524e-04,5.4798628048e-04,5.2475949859e-04,True
2025-07-22,4.3531677597e-04,False,3.1554151171e-04,2.0251573278e-04,5.3369213090e-04,5.7629704847e-04,True
2025-07-23,3.2016006920e-04,False,4.3531677597e-04,2.1859797290e-04,5.6098006857e-04,6.1818829502e-04,True
2025-07-24,2.6164878812e-04,False,3.2016006920e-04,2.1153133942e-04,5.5801557307e-04,5.7996085615e-04,True
2025-07-25,4.9856818042e-04,False,2.6164878812e-04,1.9957474502e-04,5.4477168996e-04,5.6679385226e-04,True
2025-07-26,6.9045916091e-05,False,4.9856818042e-04,1.8987662023e-04,5.3678898333e-04,6.5984836055e-04,True
2025-07-27,1.2582956118e-04,False,6.9045916091e-05,1.7888826132e-04,5.2417855581e-04,5.0851277849e-04,True
2025-07-28,2.4740497081e-04,False,1.2582956118e-04,1.7768522823e-04,5.2516379067e-04,5.1597866686e-04,True
2025-07-29,2.5683660779e-04,False,2.4740497081e-04,1.7481734622e-04,5.3065432108e-04,5.5456183477e-04,True
2025-07-30,2.2758376172e-04,False,2.5683660779e-04,1.6438192907e-04,5.1946420696e-04,5.5821697926e-04,True
2025-07-31,1.9941557423e-04,False,2.2758376172e-04,1.5457168374e-04,5.0989048734e-04,5.3904207488e-04,True
2025-08-01,5.3474646475e-04,False,1.9941557423e-04,1.6425653395e-04,5.3779897005e-04,5.3406838866e-04,True
2025-08-02,1.9040611418e-04,False,5.3474646475e-04,1.8222245643e-04,5.7729577503e-04,6.5768788112e-04,True
2025-08-03,1.2232187631e-04,False,1.9040611418e-04,1.7394705830e-04,5.6538012673e-04,5.4035665676e-04,True
2025-08-04,1.7557723058e-04,False,1.2232187631e-04,1.7641082769e-04,5.6525493044e-04,5.1302497038e-04,True
2025-08-05,2.4185064663e-04,False,1.7557723058e-04,1.6909597612e-04,5.5170497725e-04,5.2855691902e-04,True
2025-08-06,2.0066540231e-04,False,2.4185064663e-04,1.6286214475e-04,5.4598364844e-04,5.4863593273e-04,True
2025-08-07,1.9712683983e-04,False,2.0066540231e-04,1.5649152102e-04,5.3539308585e-04,5.1730994680e-04,True
2025-08-08,1.7511586033e-04,False,1.9712683983e-04,1.7441343365e-04,5.4336524274e-04,5.1454140163e-04,True
2025-08-09,8.9079754540e-05,False,1.7511586033e-04,1.6673121734e-04,5.3390220228e-04,5.0664255006e-04,True
2025-08-10,2.1606170701e-04,False,8.9079754540e-05,1.5692671719e-04,5.1997411790e-04,4.7220405071e-04,True
2025-08-11,4.0561608932e-04,False,2.1606170701e-04,1.8214007305e-04,5.5693606482e-04,5.1388751569e-04,True
2025-08-12,2.4928086507e-04,False,4.0561608932e-04,1.7277825242e-04,5.4299519175e-04,5.8625471045e-04,True
2025-08-13,4.2697345074e-04,False,2.4928086507e-04,1.7123555360e-04,5.3769708835e-04,5.3607888078e-04,True
2025-08-14,9.5275239762e-04,False,4.2697345074e-04,2.0172167667e-04,5.8162856391e-04,6.0384249098e-04,True
2025-08-15,2.2481505448e-04,False,9.5275239762e-04,2.9290503870e-04,7.4360663064e-04,8.1562208444e-04,True
2025-08-16,5.5570753903e-05,False,2.2481505448e-04,2.7925674049e-04,7.0780498153e-04,5.7629203267e-04,True
2025-08-17,7.0785347327e-05,False,5.5570753903e-05,2.6250782988e-04,6.6802993464e-04,5.0283111437e-04,True
2025-08-18,2.8683970319e-04,False,7.0785347327e-05,2.4675994155e-04,6.3397221988e-04,5.0082944185e-04,True
2025-08-19,2.9106544216e-04,False,2.8683970319e-04,2.3805553875e-04,6.1805838756e-04,5.6789965137e-04,True
2025-08-20,3.0672534257e-04,False,2.9106544216e-04,2.7522130474e-04,6.8534436970e-04,5.4443777595e-04,True
2025-08-21,2.8196684345e-04,False,3.0672534257e-04,2.6780338245e-04,6.6008777728e-04,5.5304924207e-04,True
2025-08-22,6.1670679852e-04,False,2.8196684345e-04,2.6637742818e-04,6.5627859765e-04,5.5390420407e-04,True
2025-08-23,1.0583546133e-04,False,6.1670679852e-04,3.4013301674e-04,7.6031521546e-04,6.8864998112e-04,True
2025-08-24,4.4333244515e-04,False,1.0583546133e-04,3.2969829001e-04,7.3361252214e-04,5.0954851194e-04,True
2025-08-25,6.5548915038e-04,False,4.4333244515e-04,3.2723123401e-04,7.2413461243e-04,6.2857436964e-04,True
2025-08-26,4.9434935408e-04,False,6.5548915038e-04,3.6249570712e-04,7.8225818646e-04,7.1669979352e-04,True
2025-08-27,3.0981087634e-04,False,4.9434935408e-04,3.5403918356e-04,7.4928883310e-04,6.7486095877e-04,True
2025-08-28,2.2509506697e-04,False,3.0981087634e-04,3.3400894850e-04,7.0707312049e-04,6.0309422671e-04,True
2025-08-29,3.3434959316e-04,False,2.2509506697e-04,3.2212552552e-04,6.7736158033e-04,5.7985370197e-04,True
2025-08-30,1.0899153851e-04,False,3.3434959316e-04,3.8911058300e-04,7.9027169851e-04,6.1280051979e-04,True
2025-08-31,1.0331012349e-04,False,1.0899153851e-04,3.6674413378e-04,7.3914418879e-04,5.1714860328e-04,True
2025-09-01,3.5319603268e-04,False,1.0331012349e-04,3.4639434915e-04,6.9906496547e-04,5.0035645565e-04,True
2025-09-02,3.8224104284e-04,False,3.5319603268e-04,3.3059462136e-04,6.6584350736e-04,5.8531592495e-04,True
2025-09-03,2.7992919342e-04,False,3.8224104284e-04,3.3056011804e-04,6.5888185611e-04,6.0048732697e-04,True
2025-09-04,2.5043688126e-04,False,2.7992919342e-04,3.1177370389e-04,6.2633479539e-04,5.6496293297e-04,True
2025-09-05,3.1933920012e-04,False,2.5043688126e-04,2.9767696472e-04,6.0802069819e-04,5.5876213759e-04,True
2025-09-06,5.7108500706e-05,False,3.1933920012e-04,2.7984094708e-04,5.8238669568e-04,5.8326543327e-04,True
2025-09-07,7.2456880949e-05,False,5.7108500706e-05,2.6414683359e-04,5.6319000653e-04,4.8400179287e-04,True
2025-09-08,1.7098319919e-04,False,7.2456880949e-05,2.5271398646e-04,5.4833957612e-04,4.7722184244e-04,True
2025-09-09,2.2416969472e-04,False,1.7098319919e-04,2.4169888084e-04,5.3522042492e-04,5.0625394861e-04,True
2025-09-10,2.7133872715e-04,False,2.2416969472e-04,2.2848903264e-04,5.2309702669e-04,5.2195695837e-04,True
2025-09-11,2.0353902520e-04,False,2.7133872715e-04,2.4227514489e-04,5.4788261646e-04,5.3529574331e-04,True
2025-09-12,1.8266344794e-04,False,2.0353902520e-04,2.3830920928e-04,5.4387667824e-04,5.1741072743e-04,True
2025-09-13,5.3757440997e-05,False,1.8266344794e-04,2.2534913474e-04,5.2784796304e-04,5.1359356009e-04,True
2025-09-14,7.1351920263e-05,False,5.3757440997e-05,2.1188327931e-04,5.1365276679e-04,4.6104964442e-04,True
2025-09-15,2.1690018047e-04,False,7.1351920263e-05,2.0106913028e-04,5.0585146221e-04,4.6047309586e-04,True
2025-09-16,1.5233025313e-04,False,2.1690018047e-04,1.8903510351e-04,4.9422278365e-04,5.0384367978e-04,True
2025-09-17,3.0322845918e-04,False,1.5233025313e-04,1.8691870867e-04,4.9583326533e-04,4.7556890676e-04,True
2025-09-18,1.5666777207e-04,False,3.0322845918e-04,1.7621771189e-04,4.8748043175e-04,5.2772921349e-04,True
2025-09-19,9.4515589602e-05,False,1.5666777207e-04,1.6736900308e-04,4.7984051016e-04,4.8181073144e-04,True
2025-09-20,2.4797878969e-05,False,9.4515589602e-05,1.6653190739e-04,4.9075382250e-04,4.6078938971e-04,True
2025-09-21,3.9727191993e-05,False,2.4797878969e-05,1.5655271132e-04,4.6388855060e-04,4.2731658740e-04,True
2025-09-22,3.7404108427e-04,False,3.9727191993e-05,1.4808455595e-04,4.5843890201e-04,4.2704404146e-04,True
2025-09-23,1.6817237916e-04,False,3.7404108427e-04,1.6999591663e-04,5.0920081945e-04,5.4214249940e-04,True
2025-09-24,1.6409488350e-04,False,1.6817237916e-04,1.6181894754e-04,4.9980072469e-04,4.7295644906e-04,True
2025-09-25,4.1142340469e-04,False,1.6409488350e-04,1.6020122704e-04,4.9653990635e-04,4.7194795917e-04,True
2025-09-26,2.7684028886e-04,False,4.1142340469e-04,2.4093240199e-04,6.4606282144e-04,5.6911602085e-04,True
2025-09-27,3.3970332474e-05,False,2.7684028886e-04,2.2859097857e-04,6.1407166297e-04,5.3403658901e-04,True
2025-09-28,9.5792224797e-05,False,3.3970332474e-05,2.1487580891e-04,5.8486467066e-04,4.3828061935e-04,True
2025-09-29,1.9528332890e-04,False,9.5792224797e-05,2.3316605652e-04,6.0475593460e-04,4.5601996163e-04,True
2025-09-30,1.8363660958e-04,False,1.9528332890e-04,2.4076675016e-04,6.0704218057e-04,4.9093954658e-04,True
2025-10-01,2.6588117406e-04,False,1.8363660958e-04,2.2663914932e-04,5.8002843069e-04,4.7841194416e-04,True
2025-10-02,2.6466953668e-04,False,2.6588117406e-04,3.0470689481e-04,6.9641118299e-04,5.0529556132e-04,True
2025-10-03,4.0237715341e-04,False,2.6466953668e-04,3.0213017852e-04,6.7689662370e-04,5.1346976362e-04,True
2025-10-04,7.9340845862e-05,False,4.0237715341e-04,2.9580875881e-04,6.5427402921e-04,5.7224017568e-04,True
2025-10-05,4.5528811998e-04,False,7.9340845862e-05,2.7816162700e-04,6.1918599099e-04,4.6047240298e-04,True
2025-10-06,3.3105136484e-04,False,4.5528811998e-04,2.6620007060e-04,5.9442261476e-04,5.9819974851e-04,True
2025-10-07,3.9264756915e-04,False,3.3105136484e-04,2.5562075965e-04,5.7405339754e-04,5.6229609530e-04,True
2025-10-08,3.3916874586e-04,False,3.9264756915e-04,2.8415288505e-04,6.3172255480e-04,5.8902808949e-04,True
2025-10-09,3.3177821229e-04,False,3.3916874586e-04,2.8271558636e-04,6.2113158558e-04,5.7077236071e-04,True
2025-10-10,1.0177196932e-02,False,3.3177821229e-04,2.7655694558e-04,6.1298591578e-04,5.7809744560e-04,True
2025-10-11,8.1223469553e-04,False,1.0177196932e-02,6.0524559380e-04,1.1821392951e-03,4.2833465811e-03,True
2025-10-12,8.0570764433e-04,False,8.1223469553e-04,5.9074799358e-04,1.1154375160e-03,1.2340132793e-03,True
2025-10-13,5.0114379661e-04,False,8.0570764433e-04,6.4309764216e-04,1.1467192548e-03,1.2549458646e-03,True
2025-10-14,6.4644618204e-04,False,5.0114379661e-04,6.0470634836e-04,1.0435376862e-03,1.1654064670e-03,True
2025-10-15,5.0519286779e-04,False,6.4644618204e-04,5.8949016746e-04,9.9517461003e-04,1.2270718349e-03,True
2025-10-16,1.0029657158e-03,False,5.0519286779e-04,5.7870386358e-04,9.5978300320e-04,8.1544859203e-04,True
2025-10-17,8.6587087635e-04,False,1.0029657158e-03,5.7702310627e-04,9.4421651594e-04,9.9384185615e-04,True
2025-10-18,1.7639293336e-04,False,8.6587087635e-04,5.5858899693e-04,9.0094127448e-04,9.5572118657e-04,True
2025-10-19,3.5379330900e-04,False,1.7639293336e-04,5.2805845552e-04,8.3501029689e-04,7.1657688948e-04,True
2025-10-20,4.5865185673e-04,False,3.5379330900e-04,5.0732428311e-04,7.8949537919e-04,7.6645925818e-04,True
2025-10-21,1.0993202891e-03,False,4.5865185673e-04,4.9471919263e-04,7.6057531014e-04,8.0243289079e-04,True
2025-10-22,6.5787169282e-04,False,1.0993202891e-03,4.9006013038e-04,7.5859867085e-04,1.0246601265e-03,True
2025-10-23,5.5144190032e-04,False,6.5787169282e-04,4.6340295544e-04,7.1613273107e-04,8.7689432503e-04,True
2025-10-24,3.2993690513e-04,False,5.5144190032e-04,4.6754013739e-04,7.1897961538e-04,8.5904707671e-04,True
2025-10-25,7.9799317548e-05,False,3.2993690513e-04,4.4370462674e-04,6.8000289271e-04,7.8613110081e-04,True
2025-10-26,2.9552007635e-04,False,7.9799317548e-05,4.1907391441e-04,6.4354657406e-04,6.8643518709e-04,True
2025-10-27,2.4886039383e-04,False,2.9552007635e-04,4.3373763197e-04,6.6868118414e-04,7.2835268387e-04,True
2025-10-28,3.8117931254e-04,False,2.4886039383e-04,4.0865007620e-04,6.3491123345e-04,6.9527777645e-04,True
2025-10-29,8.6400764675e-04,False,3.8117931254e-04,3.9094097075e-04,6.1749666552e-04,7.3242761059e-04,True
2025-10-30,8.7355778563e-04,False,8.6400764675e-04,4.0746890003e-04,6.6168859812e-04,9.1539021343e-04,True
2025-10-31,6.7672284826e-04,False,8.7355778563e-04,3.9754290660e-04,6.5471292182e-04,9.5399299516e-04,True
2025-11-01,1.1364304613e-04,False,6.7672284826e-04,3.8203632199e-04,6.3048700302e-04,9.0742148654e-04,True
2025-11-02,1.8350617309e-04,False,1.1364304613e-04,3.6030835100e-04,5.9998487715e-04,6.1860495150e-04,True
2025-11-03,6.9517115584e-04,False,1.8350617309e-04,3.3965552781e-04,5.7348075469e-04,6.2752810537e-04,True
2025-11-04,1.4412498922e-03,False,6.9517115584e-04,3.9903258489e-04,6.8712281230e-04,7.8738952995e-04,True
2025-11-05,8.0212693613e-04,False,1.4412498922e-03,5.1852210213e-04,8.9658008155e-04,1.0626007115e-03,True
2025-11-06,7.7775741094e-04,False,8.0212693613e-04,5.1985749889e-04,8.7485721000e-04,8.5975318530e-04,True
2025-11-07,8.8146505291e-04,False,7.7775741094e-04,5.2540571848e-04,8.7662588090e-04,8.7973353733e-04,True
2025-11-08,2.7293996291e-04,False,8.8146505291e-04,5.1663749351e-04,8.4282710019e-04,9.3904557983e-04,True
2025-11-09,3.7588992611e-04,False,2.7293996291e-04,4.9161462660e-04,7.9443143991e-04,7.1778990046e-04,True
2025-11-10,4.5886668509e-04,False,3.7588992611e-04,4.9464148689e-04,7.8694484072e-04,7.1269434425e-04,True
2025-11-11,5.8604201552e-04,False,4.5886668509e-04,4.7393106437e-04,7.4495906198e-04,7.2768502807e-04,True
2025-11-12,5.1801570434e-04,False,5.8604201552e-04,4.9335368432e-04,7.8389555596e-04,7.6317490029e-04,True
2025-11-13,9.1212191488e-04,False,5.1801570434e-04,4.7505172830e-04,7.5342481415e-04,7.2123924564e-04,True
2025-11-14,1.6894925251e-03,False,9.1212191488e-04,4.6934700464e-04,7.4764073935e-04,8.7708391847e-04,True
2025-11-15,4.6329295657e-04,False,1.6894925251e-03,6.0650817125e-04,9.8564310046e-04,1.1929707664e-03,True
2025-11-16,7.6541468824e-04,False,4.6329295657e-04,5.7678246825e-04,9.1289080069e-04,7.9306398963e-04,True
2025-11-17,9.1856827018e-04,False,7.6541468824e-04,5.5403871353e-04,8.6561159891e-04,9.0546125265e-04,True
2025-11-18,1.1654507039e-03,False,9.1856827018e-04,5.4969893833e-04,8.5502127568e-04,9.7696024668e-04,True
2025-11-19,9.3160764835e-04,False,1.1654507039e-03,5.2060891678e-04,7.9647071910e-04,1.0764762840e-03,True
2025-11-20,1.0680614144e-03,False,9.3160764835e-04,5.0330559564e-04,7.6900641284e-04,9.7649791688e-04,True
2025-11-21,3.0689034024e-03,False,1.0680614144e-03,6.5599469278e-04,1.0336251405e-03,1.0462111187e-03,True
2025-11-22,5.2792259614e-04,False,3.0689034024e-03,6.3512954077e-04,9.8151446878e-04,1.8108368487e-03,True
2025-11-23,5.0660340469e-04,False,5.2792259614e-04,5.9828482302e-04,9.0471232551e-04,9.6296526833e-04,True
2025-11-24,9.4602169405e-04,False,5.0660340469e-04,5.9801425774e-04,8.8676864675e-04,9.3456689214e-04,True
2025-11-25,7.2550054949e-04,False,9.4602169405e-04,5.7904369303e-04,8.4273358772e-04,1.0863234066e-03,True
2025-11-26,6.4062158084e-04,False,7.2550054949e-04,5.5102831106e-04,7.9428966820e-04,1.0013249645e-03,True
2025-11-27,3.7885763658e-04,False,6.4062158084e-04,5.9155796574e-04,8.5050207087e-04,8.7304926940e-04,True
2025-11-28,4.5785004981e-04,False,3.7885763658e-04,5.6130906252e-04,7.9530426932e-04,7.7740514010e-04,True
2025-11-29,1.4658288793e-04,False,4.5785004981e-04,5.2905054443e-04,7.4510476551e-04,7.9809395980e-04,True
2025-11-30,1.9112741859e-04,False,1.4658288793e-04,4.9736414379e-04,6.9856483853e-04,6.5834317411e-04,True
2025-12-01,1.2423718230e-03,False,1.9112741859e-04,4.6895377559e-04,6.6159877541e-04,6.5155179975e-04,True
2025-12-02,7.7195419290e-04,False,1.2423718230e-03,5.6851849985e-04,8.4399397392e-04,1.0270432194e-03,True
2025-12-03,1.1143387022e-03,False,7.7195419290e-04,7.2419042183e-04,1.0755020272e-03,8.9116771991e-04,True
2025-12-04,6.9056385954e-04,False,1.1143387022e-03,7.1332212062e-04,1.0301316557e-03,1.0334372479e-03,True
2025-12-05,6.2310070407e-04,False,6.9056385954e-04,6.8326908928e-04,9.6862574692e-04,9.1715205174e-04,True
2025-12-06,1.5550503165e-04,False,6.2310070407e-04,6.9735423555e-04,9.8785595863e-04,9.0857995097e-04,True
2025-12-07,6.0302450949e-04,False,1.5550503165e-04,6.5557843108e-04,9.0820076224e-04,6.9883363453e-04,True
2025-12-08,5.7744614885e-04,False,6.0302450949e-04,6.2622675719e-04,8.5186362780e-04,8.4008458168e-04,True
2025-12-09,7.0532338668e-04,False,5.7744614885e-04,5.8907157630e-04,7.9040619262e-04,8.0930887725e-04,True
2025-12-10,8.5966749007e-04,False,7.0532338668e-04,5.8358229714e-04,7.7981845139e-04,8.4954110022e-04,True
2025-12-11,6.4403899227e-04,False,8.5966749007e-04,5.5166405704e-04,7.3503207037e-04,9.0600985336e-04,True
2025-12-12,5.2043443061e-04,False,6.4403899227e-04,5.2031229400e-04,6.9096935571e-04,8.5116031030e-04,True
2025-12-13,6.3777457441e-05,False,5.2043443061e-04,5.2530169800e-04,7.1619193161e-04,8.0205277173e-04,True
2025-12-14,2.5102956165e-04,False,6.3777457441e-05,4.9378954122e-04,6.7335045739e-04,6.0316287055e-04,True
2025-12-15,7.2801442352e-04,False,2.5102956165e-04,4.9640513597e-04,6.9422632192e-04,6.4420219280e-04,True
2025-12-16,4.4796120927e-04,False,7.2801442352e-04,4.9045904653e-04,6.9785786931e-04,7.9739957352e-04,True
2025-12-17,1.2607246308e-03,False,4.4796120927e-04,4.7721767142e-04,6.7935276491e-04,6.9327147034e-04,True
2025-12-18,1.1824883363e-03,False,1.2607246308e-03,4.6936927006e-04,6.7745006893e-04,9.9280221994e-04,True
2025-12-19,8.9403036054e-04,False,1.1824883363e-03,4.4550461522e-04,6.4865915278e-04,1.0152679527e-03,True
2025-12-20,6.7233583632e-05,False,8.9403036054e-04,4.7343679190e-04,6.9510299749e-04,9.5046353412e-04,True
2025-12-21,1.7898531708e-04,False,6.7233583632e-05,4.4541701705e-04,6.5486840475e-04,6.5067463294e-04,True
2025-12-22,5.3572888025e-04,False,1.7898531708e-04,4.1937195780e-04,6.2037871606e-04,6.7708747274e-04,True
2025-12-23,4.7156347901e-04,False,5.3572888025e-04,3.9422070808e-04,5.9046047622e-04,7.6949875383e-04,True
2025-12-24,2.6750558055e-04,False,4.7156347901e-04,3.8053303371e-04,5.8373763740e-04,7.1369371963e-04,True
2025-12-25,1.7645091342e-04,False,2.6750558055e-04,3.5796432066e-04,5.5858438056e-04,6.1791355993e-04,True
2025-12-26,3.9483044764e-04,False,1.7645091342e-04,3.3803448550e-04,5.4071678855e-04,5.8282237785e-04,True
2025-12-27,3.9663062850e-05,False,3.9483044764e-04,3.1791633230e-04,5.2137395172e-04,6.5945841259e-04,True
2025-12-28,5.4609084017e-05,False,3.9663062850e-05,3.0085369129e-04,5.0660275016e-04,5.1835189006e-04,True
2025-12-29,4.3502914108e-04,False,5.4609084017e-05,2.8284695532e-04,4.9191240606e-04,5.0614442000e-04,True
2025-12-30,3.1287892371e-04,False,4.3502914108e-04,2.6988032755e-04,4.8784761423e-04,6.3525553943e-04,True
2025-12-31,1.8050413761e-04,False,3.1287892371e-04,2.6580046568e-04,4.9177792680e-04,5.9773452421e-04,True
2026-01-01,6.3754159266e-05,False,1.8050413761e-04,2.5527574086e-04,4.9034772305e-04,5.4088612008e-04,True
2026-01-02,4.6835197192e-04,False,6.3754159266e-05,2.5088591963e-04,4.9220872233e-04,4.9551676352e-04,True
2026-01-03,9.5448629541e-05,False,4.6835197192e-04,2.4586287279e-04,4.9251607196e-04,6.4186297626e-04,True
2026-01-04,1.7050097176e-04,False,9.5448629541e-05,2.3405762972e-04,4.8287326974e-04,5.0249238583e-04,True
2026-01-05,3.5421188783e-04,False,1.7050097176e-04,2.2589537917e-04,4.7853890834e-04,5.2251123587e-04,True
2026-01-06,4.4544781200e-04,False,3.5421188783e-04,2.5025493820e-04,5.2248632016e-04,5.9015948611e-04,True
2026-01-07,3.2411549837e-04,False,4.4544781200e-04,2.3532478070e-04,5.0621111702e-04,6.3168064162e-04,True
2026-01-08,3.5117151388e-04,False,3.2411549837e-04,2.6100984926e-04,5.6215717316e-04,5.8512676145e-04,True
2026-01-09,5.1055356543e-04,False,3.5117151388e-04,2.4585232289e-04,5.3042427420e-04,5.9460175935e-04,True
2026-01-10,3.3425059510e-05,False,5.1055356543e-04,2.3263009515e-04,5.1453903798e-04,6.5299523704e-04,True
2026-01-11,9.5450882685e-05,False,3.3425059510e-05,2.1880872520e-04,4.9762997335e-04,4.7588314152e-04,True
2026-01-12,4.5286267436e-04,False,9.5450882685e-05,2.0756698786e-04,4.8406913022e-04,4.8291670413e-04,True
2026-01-13,4.8117624907e-04,False,4.5286267436e-04,1.9568944600e-04,4.7085694532e-04,6.0742451436e-04,True
2026-01-14,5.0663709915e-04,False,4.8117624907e-04,3.0072217396e-04,6.3937192880e-04,6.2103716120e-04,True
2026-01-15,5.1658308242e-04,False,5.0663709915e-04,2.9801662427e-04,6.2583714703e-04,6.2950645307e-04,True
2026-01-16,2.4595409414e-04,False,5.1658308242e-04,2.9188003067e-04,6.1596889791e-04,6.5359033669e-04,True
2026-01-17,4.5267015701e-05,False,2.4595409414e-04,2.7438628209e-04,5.8477535783e-04,5.7130163258e-04,True
2026-01-18,1.4317015477e-04,False,4.5267015701e-05,2.5899584261e-04,5.6051052827e-04,4.8639764173e-04,True
2026-01-19,2.7545868890e-04,False,1.4317015477e-04,2.5809453412e-04,5.6472470642e-04,5.0639208277e-04,True
2026-01-20,8.4124841758e-04,False,2.7545868890e-04,2.5011864564e-04,5.5553861568e-04,5.4292787534e-04,True
2026-01-21,9.4513957868e-04,False,8.4124841758e-04,3.6450660542e-04,7.5646440193e-04,7.4454346864e-04,True
2026-01-22,3.4513203308e-04,False,9.4513957868e-04,3.5063740806e-04,7.1605760906e-04,8.1154668512e-04,True
2026-01-23,4.5725672808e-04,False,3.4513203308e-04,3.2968163767e-04,6.7085556049e-04,6.2813116229e-04,True
2026-01-24,3.5241683198e-05,False,4.5725672808e-04,3.0991305819e-04,6.3189535288e-04,6.8060100855e-04,True
2026-01-25,3.0839202727e-04,False,3.5241683198e-05,2.9237322099e-04,6.0115855101e-04,5.2880386669e-04,True
2026-01-26,4.8521594505e-04,False,3.0839202727e-04,3.2547586556e-04,6.6229854671e-04,5.9984963551e-04,True
2026-01-27,3.2782073994e-04,False,4.8521594505e-04,3.2797638813e-04,6.5578583868e-04,6.4323179648e-04,True
2026-01-28,3.9812497245e-04,False,3.2782073994e-04,3.1450143115e-04,6.2653385943e-04,5.9067795672e-04,True
2026-01-29,6.5221305765e-04,False,3.9812497245e-04,2.9565015828e-04,5.9360850143e-04,6.1085991326e-04,True
2026-01-30,1.2867933816e-03,False,6.5221305765e-04,4.4948168971e-04,8.6027888092e-04,7.2076449752e-04,True
2026-01-31,1.3331459735e-03,False,1.2867933816e-03,4.2379008759e-04,7.9268442450e-04,9.7517962309e-04,True
2026-02-01,1.5802446738e-03,False,1.3331459735e-03,6.7374971259e-04,1.1970549428e-03,1.0309931915e-03,True
2026-02-02,2.0675105905e-03,False,1.5802446738e-03,6.6444034234e-04,1.1436131285e-03,1.1751627653e-03,True
2026-02-03,1.6899122376e-03,False,2.0675105905e-03,6.5560352382e-04,1.0861833014e-03,1.4181753337e-03,True
2026-02-04,2.0691385679e-03,False,1.6899122376e-03,7.0487194253e-04,1.1438173587e-03,1.3465938536e-03,True
2026-02-05,5.3823248970e-03,False,2.0691385679e-03,7.3598179344e-04,1.1684517182e-03,1.5165863980e-03,True
2026-02-06,4.7803280963e-03,False,5.3823248970e-03,2.0603468066e-03,3.3002778283e-03,2.8055678372e-03,True
2026-02-07,1.8376664497e-03,False,4.7803280963e-03,2.7308829289e-03,4.1586384073e-03,2.7749123511e-03,True
2026-02-08,1.1007461377e-03,False,1.8376664497e-03,2.5874737113e-03,3.6902527337e-03,1.8173428556e-03,True
2026-02-09,1.2047121369e-03,False,1.1007461377e-03,2.4455677214e-03,3.2651231701e-03,1.5633104131e-03,True
2026-02-10,9.8009737489e-04,False,1.2047121369e-03,2.2992838260e-03,2.8804851260e-03,1.5745664169e-03,True
2026-02-11,1.4017035493e-03,False,9.8009737489e-04,2.1822208156e-03,2.5840969657e-03,1.3398026892e-03,True
2026-02-12,1.1199037932e-03,False,1.4017035493e-03,2.0914746734e-03,2.3601811837e-03,1.3547951278e-03,True
2026-02-13,7.3844265371e-04,False,1.1199037932e-03,1.9748485781e-03,2.1125745738e-03,1.2367849257e-03,True
2026-02-14,3.4241888464e-04,False,7.3844265371e-04,1.9439931707e-03,2.0126131886e-03,1.1017318355e-03,True
2026-02-15,7.4477361402e-04,False,3.4241888464e-04,1.8390716388e-03,1.8098393164e-03,9.3772914967e-04,True
2026-02-16,8.0860582251e-04,False,7.4477361402e-04,1.7409719961e-03,1.6419119525e-03,1.0675214714e-03,True
2026-02-17,8.0039372517e-04,False,8.0860582251e-04,1.6365589988e-03,1.4731996655e-03,1.0706830151e-03,True
2026-02-18,7.4629732906e-04,False,8.0039372517e-04,1.5632532598e-03,1.3721691429e-03,1.0588245437e-03,True
2026-02-19,6.0787438937e-04,False,7.4629732906e-04,1.4839931628e-03,1.2668653080e-03,1.0454065573e-03,True
2026-02-20,7.8737275422e-04,False,6.0787438937e-04,1.3989222949e-03,1.1529466487e-03,1.0120651504e-03,True
2026-02-21,1.5281380113e-04,False,7.8737275422e-04,1.3285836766e-03,1.0680956704e-03,1.0737389391e-03,True
2026-02-22,1.4134030983e-04,False,1.5281380113e-04,1.2488938701e-03,9.3123103205e-04,8.2926207599e-04,True
2026-02-23,1.0427164111e-03,False,1.4134030983e-04,1.1754031220e-03,8.5680140070e-04,7.8829751398e-04,True
2026-02-24,1.0395898893e-03,False,1.0427164111e-03,1.2272909242e-03,1.0144920914e-03,1.0897276457e-03,True
2026-02-25,1.3222958837e-03,False,1.0395898893e-03,1.1588316625e-03,9.3563962224e-04,1.0950007273e-03,True
2026-02-26,8.4912424973e-04,False,1.3222958837e-03,1.3020063367e-03,1.2119834646e-03,1.2044892347e-03,True
2026-02-27,7.0034975510e-04,False,8.4912424973e-04,1.2271927152e-03,1.1007398327e-03,1.0638435330e-03,True
2026-02-28,1.3790876780e-03,False,7.0034975510e-04,1.1886793291e-03,1.0654431073e-03,9.9007675409e-04,True
2026-03-01,1.3564918176e-03,False,1.3790876780e-03,1.1338492739e-03,9.9217735270e-04,1.1918396531e-03,True
2026-03-02,1.3986947827e-03,False,1.3564918176e-03,1.0853258969e-03,9.4381322041e-04,1.1918385599e-03,True
2026-03-03,1.2846710410e-03,False,1.3986947827e-03,1.1437582536e-03,1.0672791598e-03,1.2115985207e-03,True
2026-03-04,1.4831383322e-03,False,1.2846710410e-03,1.0782212406e-03,9.7657742690e-04,1.1916749432e-03,True
2026-03-05,9.5196380625e-04,False,1.4831383322e-03,1.2398597965e-03,1.2702452787e-03,1.2916371853e-03,True
2026-03-06,8.4711908714e-04,False,9.5196380625e-04,1.2022060999e-03,1.2133309414e-03,1.0967482075e-03,True
2026-03-07,2.1792038817e-04,False,8.4711908714e-04,1.2258649070e-03,1.2715573345e-03,1.0401775355e-03,True
2026-03-08,8.8320517726e-04,False,2.1792038817e-04,1.1617994850e-03,1.1637857683e-03,7.8353677071e-04,True
2026-03-09,1.0199330554e-03,False,8.8320517726e-04,1.1146514408e-03,1.0962063924e-03,9.9157895906e-04,True
2026-03-10,1.1261048966e-03,False,1.0199330554e-03,1.1282540621e-03,1.1247845154e-03,1.0214378247e-03,True
2026-03-11,7.4280810689e-04,False,1.1261048966e-03,1.0893833360e-03,1.0630172410e-03,1.0660391665e-03,True
2026-03-12,6.0632849434e-04,False,7.4280810689e-04,1.0247433040e-03,9.6603710005e-04,9.3579077142e-04,True
2026-03-13,8.2424695898e-04,False,6.0632849434e-04,9.6473871541e-04,8.8405234712e-04,9.0438588334e-04,True
2026-03-14,1.6161497075e-04,False,8.2424695898e-04,9.0866580009e-04,8.1439831403e-04,9.7564266633e-04,True
2026-03-15,3.2597488691e-04,False,1.6161497075e-04,8.5509015654e-04,7.5373328601e-04,7.1932174387e-04,True
2026-03-16,9.5154210008e-04,False,3.2597488691e-04,8.3352757888e-04,7.4756919402e-04,7.4421357489e-04,True
2026-03-17,6.7897456785e-04,False,9.5154210008e-04,8.3063633883e-04,7.7027321701e-04,9.6522555892e-04,True
2026-03-18,5.8477422954e-04,False,6.7897456785e-04,7.9111004259e-04,7.3701013656e-04,8.7498749306e-04,True
2026-03-19,6.7842867508e-04,False,5.8477422954e-04,8.2442698814e-04,8.3639512348e-04,8.3038570599e-04,True
2026-03-20,5.9714748175e-04,False,6.7842867508e-04,7.9583410922e-04,8.1329271936e-04,8.7436799433e-04,True
2026-03-21,2.2697259199e-04,False,5.9714748175e-04,7.5218779059e-04,7.5748053304e-04,8.5548817977e-04,True
2026-03-22,4.9274016849e-04,False,2.2697259199e-04,7.3837225785e-04,7.6488097216e-04,7.0164445176e-04,True
2026-03-23,2.2640754341e-03,False,4.9274016849e-04,7.0846095742e-04,7.4006238591e-04,7.7277988645e-04,True
2026-03-24,6.3191592044e-04,False,2.2640754341e-03,7.8174072337e-04,8.7818191642e-04,1.4267535267e-03,True
2026-03-25,4.7052747694e-04,False,6.3191592044e-04,7.3630298310e-04,8.1194922296e-04,8.8234877664e-04,True
2026-03-26,5.2445754897e-04,False,4.7052747694e-04,6.9937336372e-04,7.6104181828e-04,8.1644727909e-04,True
2026-03-27,6.3547980488e-04,False,5.2445754897e-04,7.3478106889e-04,8.5086530884e-04,8.3587708946e-04,True
2026-03-28,1.8448284673e-04,False,6.3547980488e-04,7.6713026103e-04,9.2607510539e-04,8.7448658595e-04,True
2026-03-29,4.6123427982e-04,False,1.8448284673e-04,7.2111490108e-04,8.4924773318e-04,6.4057991039e-04,True
2026-03-30,7.4218439445e-04,False,4.6123427982e-04,6.7968334450e-04,7.8797549884e-04,7.2707000645e-04,True
2026-03-31,9.8393086453e-04,False,7.4218439445e-04,6.4731827448e-04,7.4231331875e-04,8.2808923411e-04,True
2026-04-01,4.9188188374e-04,False,9.8393086453e-04,6.3756882976e-04,7.3623456836e-04,9.2452383711e-04,True
2026-04-02,5.7686285050e-04,False,4.9188188374e-04,5.9968997315e-04,6.8792967206e-04,7.5139960395e-04,True
2026-04-03,2.1256338253e-04,False,5.7686285050e-04,5.8304693949e-04,6.8338954673e-04,7.9249821146e-04,True
2026-04-04,6.2364670972e-05,False,2.1256338253e-04,5.4811612085e-04,6.4123762152e-04,6.5953396158e-04,True
2026-04-05,2.8165667030e-04,False,6.2364670972e-05,5.1673325787e-04,6.0659246028e-04,5.7660678062e-04,True
2026-04-06,4.4327445639e-04,False,2.8165667030e-04,5.2454643059e-04,6.3596219524e-04,6.2272768809e-04,True
2026-04-07,7.6324000394e-04,False,4.4327445639e-04,4.9348499376e-04,5.9952957337e-04,6.7491035774e-04,True
2026-04-08,5.0264142301e-04,False,7.6324000394e-04,5.7808884294e-04,7.5503869481e-04,7.8502830141e-04,True
2026-04-09,6.3776172576e-04,False,5.0264142301e-04,5.5196985971e-04,7.2018417453e-04,7.0884838267e-04,True
2026-04-10,3.6344981744e-04,False,6.3776172576e-04,5.2491494373e-04,6.8039581842e-04,7.7556519993e-04,True
2026-04-11,1.7552580055e-04,False,3.6344981744e-04,5.0922762264e-04,6.6155881613e-04,6.8552556297e-04,True
2026-04-12,4.3720559647e-04,False,1.7552580055e-04,4.7874684905e-04,6.2216961315e-04,6.0935346417e-04,True
2026-04-13,5.7253763715e-04,False,4.3720559647e-04,5.1155985142e-04,7.0294316681e-04,6.8465946442e-04,True
2026-04-14,5.2110368195e-04,False,5.7253763715e-04,6.3492946868e-04,9.1049321620e-04,7.3240971114e-04,True
2026-04-15,4.4486154642e-04,False,5.2110368195e-04,5.9772605426e-04,8.3795382811e-04,6.9376369850e-04,True
2026-04-16,6.3519837838e-04,False,4.4486154642e-04,5.6684225155e-04,7.7958546373e-04,6.6993045504e-04,True
2026-04-17,5.9426415328e-04,False,6.3519837838e-04,5.3409677656e-04,7.2436927456e-04,7.5144729390e-04,True
2026-04-18,2.0544084399e-04,False,5.9426415328e-04,5.4014384342e-04,7.3534251617e-04,7.4465210607e-04,True
2026-04-19,3.5099217209e-04,False,2.0544084399e-04,5.2732832468e-04,7.2390894580e-04,5.9876066172e-04,True
2026-04-20,4.6905309690e-04,False,3.5099217209e-04,5.3405249708e-04,7.4834319873e-04,6.4149965175e-04,True
2026-04-21,5.7187806643e-04,False,4.6905309690e-04,5.4658161358e-04,7.6651339751e-04,6.8110776082e-04,True
2026-04-22,3.8427189217e-04,False,5.7187806643e-04,5.1632793391e-04,7.1488921738e-04,7.1064766035e-04,True
2026-04-23,4.3713090017e-04,False,3.8427189217e-04,5.1946217279e-04,7.2071076968e-04,6.3508357957e-04,True
2026-04-24,2.8503793724e-04,False,4.3713090017e-04,4.8835603637e-04,6.7281013799e-04,6.6061404037e-04,True
2026-04-25,5.3306742002e-05,False,2.8503793724e-04,4.6571768455e-04,6.4614819098e-04,6.0520745860e-04,True
2026-04-26,2.4356406867e-04,False,5.3306742002e-05,4.3812692543e-04,6.0912094151e-04,5.1159163450e-04,True
2026-04-27,3.8203268131e-04,False,2.4356406867e-04,4.2231602382e-04,5.9212215448e-04,5.6307794571e-04,True
2026-04-28,1.9278594220e-04,False,3.8203268131e-04,4.1328722386e-04,5.9523709277e-04,6.0927721618e-04,True
2026-04-29,4.5845719306e-04,False,1.9278594220e-04,3.9923601096e-04,5.8531460598e-04,5.3527398323e-04,True
2026-04-30,2.1451945535e-04,False,4.5845719306e-04,3.7856649675e-04,5.6442825387e-04,6.2588449830e-04,True
2026-05-01,2.9564319570e-04,False,2.1451945535e-04,3.5918149518e-04,5.4268577190e-04,5.4906606225e-04,True
2026-05-02,7.9450901799e-05,False,2.9564319570e-04,3.7330696526e-04,5.7498264032e-04,5.7412598731e-04,True
2026-05-03,1.5701784106e-04,False,7.9450901799e-05,3.5293279872e-04,5.4993013566e-04,4.8869641455e-04,True
2026-05-04,6.9782703379e-04,False,1.5701784106e-04,3.3189260673e-04,5.2715211588e-04,5.1240989384e-04,True
2026-05-05,2.6417447879e-04,False,6.9782703379e-04,3.2795176560e-04,5.3005141479e-04,7.0142072938e-04,True
2026-05-06,2.8904443560e-04,False,2.6417447879e-04,3.1840577808e-04,5.2340799078e-04,5.5796610836e-04,True
2026-05-07,2.6145777015e-04,False,2.8904443560e-04,3.0197122214e-04,5.0660327670e-04,5.6343638190e-04,True
2026-05-08,2.3971000957e-04,False,2.6145777015e-04,3.0297242561e-04,5.2684089831e-04,5.5938607973e-04,True
2026-05-09,6.6013587331e-05,False,2.3971000957e-04,2.8512169493e-04,5.0667750912e-04,5.5134288443e-04,True
2026-05-10,2.4122519445e-04,False,6.6013587331e-05,2.7019788000e-04,4.9159888854e-04,4.6483675310e-04,True
2026-05-11,3.1590995315e-04,False,2.4122519445e-04,2.7520801975e-04,5.0791165312e-04,5.2162045998e-04,True
2026-05-12,2.2287259226e-04,False,3.1590995315e-04,2.6062121026e-04,4.9530081650e-04,5.4667199097e-04,True
2026-05-13,1.9518946268e-04,False,2.2287259226e-04,2.5902912930e-04,5.0779002626e-04,5.1211476873e-04,True
2026-05-14,4.0740765746e-04,False,1.9518946268e-04,2.5681329276e-04,5.1715804109e-04,4.9745019523e-04,True
2026-05-15,3.0062284076e-04,False,4.0740765746e-04,2.7084127370e-04,5.4300586806e-04,5.8020835938e-04,True
2026-05-16,1.0983910012e-04,False,3.0062284076e-04,2.9113593734e-04,5.8968730066e-04,5.4599662288e-04,True
2026-05-17,1.4292817466e-04,False,1.0983910012e-04,2.8270796520e-04,5.7931955060e-04,4.7366496229e-04,True
2026-05-18,3.5248447281e-04,False,1.4292817466e-04,2.7046983908e-04,5.6214454002e-04,4.8218642678e-04,True
2026-05-19,2.4524610047e-04,False,3.5248447281e-04,2.5633158447e-04,5.4212799175e-04,5.5787877411e-04,True
2026-05-20,2.0056264036e-04,False,2.4524610047e-04,2.4123625068e-04,5.2089730814e-04,5.1503828476e-04,True
2026-05-21,2.8598070814e-04,False,2.0056264036e-04,2.3195115079e-04,4.9811571879e-04,4.9650257216e-04,True
2026-05-22,2.3445000704e-04,False,2.8598070814e-04,2.1807400984e-04,4.8037548408e-04,5.2940081963e-04,True
2026-05-23,3.0109385151e-04,False,2.3445000704e-04,2.4909225494e-04,5.4861609056e-04,5.1606734043e-04,True
2026-05-24,2.1382879934e-04,False,3.0109385151e-04,2.4936091078e-04,5.4589340203e-04,5.3589341113e-04,True
2026-05-25,1.3034780625e-04,False,2.1382879934e-04,2.3539272405e-04,5.2215184210e-04,5.0728247507e-04,True
2026-05-26,3.8700366458e-04,False,1.3034780625e-04,2.2193447355e-04,5.0141134828e-04,4.7680065323e-04,True
2026-05-27,2.7571483019e-04,False,3.8700366458e-04,2.2842004624e-04,5.2234611208e-04,5.6162092531e-04,True
2026-05-28,3.9259133890e-04,False,2.7571483019e-04,2.3798520642e-04,5.4670017018e-04,5.2670772006e-04,True
2026-05-29,3.7778431958e-04,False,3.9259133890e-04,2.3128021660e-04,5.3825955777e-04,5.6946641355e-04,True
2026-05-30,7.4487698951e-05,False,3.7778431958e-04,2.1767593635e-04,5.1600093571e-04,5.7194314950e-04,True
2026-05-31,1.2161395664e-04,False,7.4487698951e-05,2.0659897875e-04,4.9776820757e-04,4.6854437451e-04,True
2026-06-01,4.0180070958e-04,False,1.2161395664e-04,1.9468908784e-04,4.8181793275e-04,4.7423761313e-04,True
2026-06-02,8.4066537406e-04,False,4.0180070958e-04,2.4153677625e-04,5.7584823658e-04,5.7243022719e-04,True
2026-06-03,1.1188254553e-03,False,8.4066537406e-04,4.9885026733e-04,1.0342375349e-03,7.3870668317e-04,True
2026-06-04,2.4259492419e-03,False,1.1188254553e-03,5.6494547550e-04,1.1168686317e-03,8.6726322188e-04,True
2026-06-05,2.7730201254e-03,False,2.4259492419e-03,5.3201402450e-04,1.0141339299e-03,1.4083817384e-03,True
2026-06-06,1.0188823677e-03,False,2.7730201254e-03,6.2322355632e-04,1.1478098576e-03,1.6476781958e-03,True
2026-06-07,1.4635747057e-03,False,1.0188823677e-03,5.8630680517e-04,1.0395216394e-03,1.1029985621e-03,True
2026-06-08,8.2282695983e-04,False,1.4635747057e-03,6.4431865846e-04,1.0954593547e-03,1.2862063236e-03,True
2026-06-09,7.0002656856e-04,False,8.2282695983e-04,6.0656847920e-04,9.9563631500e-04,1.0713899837e-03,True
2026-06-10,8.9244143674e-04,False,7.0002656856e-04,5.9850250243e-04,9.6204689192e-04,9.6853500598e-04,True
2026-06-11,5.7095414349e-04,False,8.9244143674e-04,5.6335028332e-04,8.8081992190e-04,9.6626647632e-04,True
2026-06-12,4.1803782326e-04,False,5.7095414349e-04,5.9812072104e-04,9.1751201326e-04,8.4732143900e-04,True
2026-06-13,1.2492129129e-04,False,4.1803782326e-04,5.6226483474e-04,8.4055636426e-04,7.5845461663e-04,True
2026-06-14,2.9583378165e-04,False,1.2492129129e-04,5.3981483924e-04,7.9043341553e-04,6.3440320805e-04,True
2026-06-15,3.8948808148e-04,False,2.9583378165e-04,5.3092856846e-04,7.6703662431e-04,6.7483191205e-04,True
2026-06-16,3.6410749265e-04,False,3.8948808148e-04,5.0373786935e-04,7.1713880662e-04,6.8798732118e-04,True
2026-06-17,8.4119509392e-04,False,3.6410749265e-04,4.7939990049e-04,6.8103022268e-04,6.7397437981e-04,True
2026-06-18,5.3529934617e-04,False,8.4119509392e-04,4.6987670196e-04,6.7506773777e-04,8.5112321260e-04,True
2026-06-19,3.7934739007e-04,False,5.3529934617e-04,4.7723886259e-04,6.9968928750e-04,7.6895455142e-04,True
2026-06-20,2.2651860146e-04,False,3.7934739007e-04,4.5375290633e-04,6.6009297867e-04,7.2073295133e-04,True
2026-06-21,2.1296886138e-04,False,2.2651860146e-04,4.3487861936e-04,6.3103411487e-04,6.6271389678e-04,True
2026-06-22,4.2948151224e-04,False,2.1296886138e-04,4.2311538643e-04,6.2310220394e-04,6.5370909430e-04,True
2026-06-23,4.0366967148e-04,False,4.2948151224e-04,4.0514901373e-04,5.9786301165e-04,7.1196159659e-04,True
2026-06-24,7.0797123439e-04,False,4.0366967148e-04,4.0552417410e-04,6.1370398362e-04,6.9837247051e-04,True
2026-06-25,1.4888066337e-03,False,7.0797123439e-04,4.2416204529e-04,6.6044175516e-04,8.0936587411e-04,True
2026-06-26,1.1639755312e-03,False,1.4888066337e-03,4.2579651263e-04,6.7176325656e-04,1.1174994951e-03,True
2026-06-27,2.1173001460e-04,False,1.1639755312e-03,4.0178438825e-04,6.3093164223e-04,1.0347339985e-03,True
2026-06-28,3.8938524884e-04,False,2.1173001460e-04,3.7775484164e-04,5.9490668675e-04,6.8839121190e-04,True
2026-06-29,8.4758324568e-04,False,3.8938524884e-04,3.5851696875e-04,5.7135946208e-04,7.3969717606e-04,True
2026-06-30,4.9391639558e-04,False,8.4758324568e-04,3.4480663877e-04,5.5406497809e-04,8.8915798063e-04,True
2026-07-01,6.7645789343e-04,False,4.9391639558e-04,3.6954519248e-04,6.1371000709e-04,7.3180206186e-04,True
2026-07-02,5.2029568882e-04,False,6.7645789343e-04,3.8075667786e-04,6.3156885257e-04,7.7279180557e-04,True
2026-07-03,2.8779066880e-04,False,5.2029568882e-04,3.9621906124e-04,6.5497557826e-04,7.2955415592e-04,True
2026-07-04,1.8891187824e-04,False,2.8779066880e-04,3.8875226219e-04,6.3544578997e-04,6.4644375766e-04,True
2026-07-05,1.8844234110e-04,False,1.8891187824e-04,3.7020128233e-04,6.0382151866e-04,5.8641657430e-04,True
2026-07-06,7.7717402536e-04,False,1.8844234110e-04,3.5181130716e-04,5.7527404988e-04,5.7507399192e-04,True
2026-07-07,4.5292474441e-04,False,7.7717402536e-04,3.3296468240e-04,5.4852723731e-04,7.7683585303e-04,True
2026-07-08,4.9706603509e-04,False,4.5292474441e-04,3.1978411701e-04,5.3743893131e-04,6.6844959080e-04,True
2026-07-09,4.5423685496e-04,False,4.9706603509e-04,3.1813104171e-04,5.4805992485e-04,6.9216439454e-04,True
2026-07-10,2.5474082039e-04,False,4.5423685496e-04,3.1250355936e-04,5.4247745915e-04,6.8429006873e-04,True
2026-07-11,1.1786246761e-04,False,2.5474082039e-04,3.0659187174e-04,5.3669609580e-04,6.1843586846e-04,True
2026-07-12,1.1473913357e-04,False,1.1786246761e-04,2.8991744760e-04,5.1724159465e-04,5.4557795010e-04,True
2026-07-13,3.9084350444e-04,False,1.1473913357e-04,2.7254482128e-04,4.9648513202e-04,5.3035022593e-04,True
2026-07-14,4.1438041834e-04,False,3.9084350444e-04,2.8772353322e-04,5.3856647595e-04,6.1854496506e-04,True
2026-07-15,2.8806360963e-04,False,4.1438041834e-04,3.7908154546e-04,6.9258002122e-04,6.2450440433e-04,True
2026-07-16,2.8373194879e-04,False,2.8806360963e-04,3.5751572727e-04,6.4977496577e-04,5.8306198015e-04,True
2026-07-17,3.4474876529e-04,False,2.8373194879e-04,3.4851373167e-04,6.3495611789e-04,5.8361110107e-04,True
2026-07-18,5.9475285403e-05,False,3.4474876529e-04,3.2775429325e-04,5.9714106269e-04,6.0087372552e-04,True
2026-07-19,9.2533779193e-05,False,5.9475285403e-05,3.1988046193e-04,5.8190920280e-04,4.8342166605e-04,True
2026-07-20,5.2861709275e-04,False,9.2533779193e-05,3.0086597148e-04,5.5248142972e-04,4.8060992212e-04,True
2026-07-21,2.2057771973e-04,False,5.2861709275e-04,2.8684936686e-04,5.3155993055e-04,6.3419596778e-04,True
2026-07-22,1.9421906639e-04,False,2.2057771973e-04,2.9300807590e-04,5.4435552525e-04,5.2433321704e-04,True
2026-07-23,1.9884121323e-04,False,1.9421906639e-04,2.7808746213e-04,5.2574655935e-04,5.0680062401e-04,True
2026-07-24,2.6640444339e-04,False,1.9884121323e-04,2.7577856884e-04,5.3217878598e-04,5.0872515268e-04,True
2026-07-25,4.1383780991e-05,False,2.6640444339e-04,2.7244661757e-04,5.3553151832e-04,5.3486983814e-04,True
2026-07-26,8.2211861926e-05,False,4.1383780991e-05,2.5690238016e-04,5.0572468849e-04,4.3979314938e-04,True
2026-07-27,3.1161959957e-04,False,8.2211861926e-05,2.5646046949e-04,5.0753411068e-04,4.4666436353e-04,True
2026-07-28,3.1205972638e-04,False,3.1161959957e-04,2.7996860534e-04,5.6043094368e-04,5.2753979746e-04,True
2026-07-29,4.1322812163e-04,False,3.1205972638e-04,2.6354338425e-04,5.3243576025e-04,5.2725657074e-04,True
2026-07-30,2.3368898883e-04,False,4.1322812163e-04,2.4780120036e-04,5.0820826325e-04,5.6558666808e-04,True
2026-07-31,2.8480373063e-04,False,2.3368898883e-04,2.4209899924e-04,5.0043944041e-04,5.1127095792e-04,True
2026-08-01,5.6382022141e-05,False,2.8480373063e-04,2.8029822444e-04,5.7928947961e-04,5.3396787712e-04,True
2026-08-02,1.6633031080e-04,False,5.6382022141e-05,2.6354300279e-04,5.4893959180e-04,4.4711235812e-04,True
2026-08-03,2.4731306864e-04,False,1.6633031080e-04,2.5609930776e-04,5.3417216473e-04,4.7795209807e-04,True
2026-08-04,2.2520297597e-04,False,2.4731306864e-04,2.4077049670e-04,5.1009150827e-04,4.9938933350e-04,True
2026-08-05,2.1749600398e-04,False,2.2520297597e-04,2.3139370841e-04,4.9572531132e-04,4.9002827565e-04,True
2026-08-06,1.3301128025e-04,False,2.1749600398e-04,2.2202745865e-04,4.8255530149e-04,4.8283083450e-04,True
2026-08-07,1.5519017027e-04,False,1.3301128025e-04,2.1038924312e-04,4.6969709671e-04,4.5633592802e-04,True
2026-08-08,1.7421077103e-05,False,1.5519017027e-04,2.0293091022e-04,4.6117881952e-04,4.6175268860e-04,True
2026-08-09,4.6205732656e-05,False,1.7421077103e-05,1.9077715096e-04,4.4704273983e-04,4.0430459026e-04,True
2026-08-10,1.9299989806e-04,False,4.6205732656e-05,1.7938349246e-04,4.3532772303e-04,4.0660082845e-04,True
2026-08-11,1.2513875569e-04,False,1.9299989806e-04,1.8116206262e-04,4.5014092185e-04,4.5470554865e-04,True
2026-08-12,1.3570786508e-04,False,1.2513875569e-04,1.7231137188e-04,4.4256146559e-04,4.2794902700e-04,True
2026-08-13,2.0074462187e-04,False,1.3570786508e-04,1.6218672813e-04,4.3198621761e-04,4.2967797051e-04,True
2026-08-14,1.0962914722e-04,False,2.0074462187e-04,1.5245728343e-04,4.2204125926e-04,4.5796223946e-04,True
2026-08-15,2.0684910097e-05,False,1.0962914722e-04,1.4630897647e-04,4.2043127465e-04,4.2944334731e-04,True
2026-08-16,3.4114104051e-05,False,2.0684910097e-05,1.3755762310e-04,4.1204108744e-04,3.9103044874e-04,True
2026-08-17,1.8771674545e-04,False,3.4114104051e-05,1.2982733208e-04,3.9312517038e-04,3.9170891696e-04,True
2026-08-18,1.3492324356e-04,False,1.8771674545e-04,1.6141033683e-04,4.4947330435e-04,4.4502514761e-04,True
2026-08-19,8.6647186965e-04,False,1.3492324356e-04,1.5226256769e-04,4.3542014004e-04,4.2327359705e-04,True
2026-08-20,9.1804041969e-04,False,8.6647186965e-04,4.2707365647e-04,9.0278267210e-04,6.9786253465e-04,True
2026-08-21,2.0634756260e-03,False,9.1804041969e-04,5.6279877835e-04,1.0947481431e-03,7.5422891686e-04,True
2026-08-22,5.2308515396e-04,False,2.0634756260e-03,8.2495994738e-04,1.4905613128e-03,1.2263836118e-03,True
2026-08-23,4.2050866284e-04,False,5.2308515396e-04,7.9131607745e-04,1.3622551303e-03,7.3607781291e-04,True
2026-08-24,7.0913839693e-04,False,4.2050866284e-04,7.4818709580e-04,1.2260205476e-03,7.1684878094e-04,True
2026-08-25,8.0074937932e-04,False,7.0913839693e-04,7.1877771201e-04,1.1264981158e-03,8.1092959984e-04,True
2026-08-26,4.0231876369e-04,False,8.0074937932e-04,6.7764099815e-04,1.0224149356e-03,8.4203797548e-04,True
2026-08-27,4.5011057860e-04,False,4.0231876369e-04,6.3925287798e-04,9.3058937467e-04,6.4951707065e-04,True
2026-08-28,5.6435236990e-04,False,4.5011057860e-04,6.1511453508e-04,8.7029785548e-04,6.6465119533e-04,True
2026-08-29,8.4040775645e-05,False,5.6435236990e-04,6.3369623855e-04,9.0116267060e-04,7.1189453312e-04,True
2026-08-30,2.3209090528e-04,False,8.4040775645e-05,5.9712824165e-04,8.2514164265e-04,5.2953296668e-04,True
2026-08-31,3.9695772263e-04,False,2.3209090528e-04,5.6426549358e-04,7.6516804395e-04,5.5839668972e-04,True
